ISO-10303-21;
HEADER;
FILE_DESCRIPTION(('KiCad electronic assembly'),'2;1');
FILE_NAME('Deskpet.step','2026-10-02T20:28:09',('Pcbnew'),('Kicad'),
  'Open CASCADE STEP processor 7.9','KiCad to STEP converter','Unknown'
  );
FILE_SCHEMA(('AUTOMOTIVE_DESIGN { 1 0 10303 214 1 1 1 1 }'));
ENDSEC;
DATA;
#1 = APPLICATION_PROTOCOL_DEFINITION('international standard',
  'automotive_design',2000,#2);
#2 = APPLICATION_CONTEXT(
  'core data for automotive mechanical design processes');
#3 = SHAPE_DEFINITION_REPRESENTATION(#4,#10);
#4 = PRODUCT_DEFINITION_SHAPE('','',#5);
#5 = PRODUCT_DEFINITION('design','',#6,#9);
#6 = PRODUCT_DEFINITION_FORMATION('','',#7);
#7 = PRODUCT('Deskpet 1','Deskpet 1','',(#8));
#8 = PRODUCT_CONTEXT('',#2,'mechanical');
#9 = PRODUCT_DEFINITION_CONTEXT('part definition',#2,'design');
#10 = SHAPE_REPRESENTATION('',(#11,#15,#19,#23,#27,#31),#35);
#11 = AXIS2_PLACEMENT_3D('',#12,#13,#14);
#12 = CARTESIAN_POINT('',(0.,0.,0.));
#13 = DIRECTION('',(0.,0.,1.));
#14 = DIRECTION('',(1.,0.,-0.));
#15 = AXIS2_PLACEMENT_3D('',#16,#17,#18);
#16 = CARTESIAN_POINT('',(83.25,-72.,1.595));
#17 = DIRECTION('',(0.,0.,1.));
#18 = DIRECTION('',(1.,0.,0.));
#19 = AXIS2_PLACEMENT_3D('',#20,#21,#22);
#20 = CARTESIAN_POINT('',(102.7,-106.75,1.595));
#21 = DIRECTION('',(0.,0.,1.));
#22 = DIRECTION('',(1.,0.,0.));
#23 = AXIS2_PLACEMENT_3D('',#24,#25,#26);
#24 = CARTESIAN_POINT('',(140.,-112.25,1.595));
#25 = DIRECTION('',(0.,0.,1.));
#26 = DIRECTION('',(1.,0.,0.));
#27 = AXIS2_PLACEMENT_3D('',#28,#29,#30);
#28 = CARTESIAN_POINT('',(82.75,-108.75,1.595));
#29 = DIRECTION('',(0.,0.,1.));
#30 = DIRECTION('',(1.,0.,0.));
#31 = AXIS2_PLACEMENT_3D('',#32,#33,#34);
#32 = CARTESIAN_POINT('',(0.,0.,0.));
#33 = DIRECTION('',(0.,0.,1.));
#34 = DIRECTION('',(1.,0.,-0.));
#35 = ( GEOMETRIC_REPRESENTATION_CONTEXT(3) 
GLOBAL_UNCERTAINTY_ASSIGNED_CONTEXT((#39)) GLOBAL_UNIT_ASSIGNED_CONTEXT(
(#36,#37,#38)) REPRESENTATION_CONTEXT('Context #1',
  '3D Context with UNIT and UNCERTAINTY') );
#36 = ( LENGTH_UNIT() NAMED_UNIT(*) SI_UNIT(.MILLI.,.METRE.) );
#37 = ( NAMED_UNIT(*) PLANE_ANGLE_UNIT() SI_UNIT($,.RADIAN.) );
#38 = ( NAMED_UNIT(*) SI_UNIT($,.STERADIAN.) SOLID_ANGLE_UNIT() );
#39 = UNCERTAINTY_MEASURE_WITH_UNIT(LENGTH_MEASURE(1.E-07),#36,
  'distance_accuracy_value','confusion accuracy');
#40 = PRODUCT_RELATED_PRODUCT_CATEGORY('part',$,(#7));
#41 = SHAPE_DEFINITION_REPRESENTATION(#42,#48);
#42 = PRODUCT_DEFINITION_SHAPE('','',#43);
#43 = PRODUCT_DEFINITION('design','',#44,#47);
#44 = PRODUCT_DEFINITION_FORMATION('','',#45);
#45 = PRODUCT('PinHeader_1x03_P2.54mm_Vertical',
  'PinHeader_1x03_P2.54mm_Vertical','',(#46));
#46 = PRODUCT_CONTEXT('',#2,'mechanical');
#47 = PRODUCT_DEFINITION_CONTEXT('part definition',#2,'design');
#48 = SHAPE_REPRESENTATION('',(#11,#49),#53);
#49 = AXIS2_PLACEMENT_3D('',#50,#51,#52);
#50 = CARTESIAN_POINT('',(0.,0.,0.));
#51 = DIRECTION('',(0.,0.,1.));
#52 = DIRECTION('',(1.,0.,-0.));
#53 = ( GEOMETRIC_REPRESENTATION_CONTEXT(3) 
GLOBAL_UNCERTAINTY_ASSIGNED_CONTEXT((#57)) GLOBAL_UNIT_ASSIGNED_CONTEXT(
(#54,#55,#56)) REPRESENTATION_CONTEXT('Context #1',
  '3D Context with UNIT and UNCERTAINTY') );
#54 = ( LENGTH_UNIT() NAMED_UNIT(*) SI_UNIT(.MILLI.,.METRE.) );
#55 = ( NAMED_UNIT(*) PLANE_ANGLE_UNIT() SI_UNIT($,.RADIAN.) );
#56 = ( NAMED_UNIT(*) SI_UNIT($,.STERADIAN.) SOLID_ANGLE_UNIT() );
#57 = UNCERTAINTY_MEASURE_WITH_UNIT(LENGTH_MEASURE(1.E-07),#54,
  'distance_accuracy_value','confusion accuracy');
#58 = CONTEXT_DEPENDENT_SHAPE_REPRESENTATION(#59,#61);
#59 = ( REPRESENTATION_RELATIONSHIP('','',#48,#10) 
REPRESENTATION_RELATIONSHIP_WITH_TRANSFORMATION(#60) 
SHAPE_REPRESENTATION_RELATIONSHIP() );
#60 = ITEM_DEFINED_TRANSFORMATION('','',#11,#15);
#61 = PRODUCT_DEFINITION_SHAPE('Placement','Placement of an item',#62);
#62 = NEXT_ASSEMBLY_USAGE_OCCURRENCE('2','J1','',#5,#43,$);
#63 = PRODUCT_RELATED_PRODUCT_CATEGORY('part',$,(#45));
#64 = SHAPE_DEFINITION_REPRESENTATION(#65,#71);
#65 = PRODUCT_DEFINITION_SHAPE('','',#66);
#66 = PRODUCT_DEFINITION('design','',#67,#70);
#67 = PRODUCT_DEFINITION_FORMATION('','',#68);
#68 = PRODUCT('PinHeader_1x03_P254mm_Vertical',
  'PinHeader_1x03_P254mm_Vertical','',(#69));
#69 = PRODUCT_CONTEXT('',#2,'mechanical');
#70 = PRODUCT_DEFINITION_CONTEXT('part definition',#2,'design');
#71 = ADVANCED_BREP_SHAPE_REPRESENTATION('',(#11,#72),#2178);
#72 = MANIFOLD_SOLID_BREP('',#73);
#73 = CLOSED_SHELL('',(#74,#114,#145,#176,#423,#670,#687,#704,#721,#738,
    #755,#772,#789,#806,#823,#840,#857,#874,#891,#908,#925,#942,#954,
    #985,#1009,#1033,#1050,#1081,#1105,#1129,#1146,#1177,#1201,#1225,
    #1242,#1273,#1297,#1321,#1338,#1369,#1393,#1417,#1434,#1465,#1489,
    #1513,#1530,#1561,#1585,#1609,#1626,#1657,#1681,#1705,#1722,#1753,
    #1777,#1801,#1818,#1849,#1873,#1897,#1914,#1945,#1969,#1993,#2010,
    #2041,#2065,#2089,#2106,#2118,#2130,#2142,#2154,#2166));
#74 = ADVANCED_FACE('',(#75),#109,.F.);
#75 = FACE_BOUND('',#76,.F.);
#76 = EDGE_LOOP('',(#77,#87,#95,#103));
#77 = ORIENTED_EDGE('',*,*,#78,.T.);
#78 = EDGE_CURVE('',#79,#81,#83,.T.);
#79 = VERTEX_POINT('',#80);
#80 = CARTESIAN_POINT('',(-1.016,1.27,0.));
#81 = VERTEX_POINT('',#82);
#82 = CARTESIAN_POINT('',(-1.016,1.27,2.54));
#83 = LINE('',#84,#85);
#84 = CARTESIAN_POINT('',(-1.016,1.27,0.));
#85 = VECTOR('',#86,1.);
#86 = DIRECTION('',(0.,0.,1.));
#87 = ORIENTED_EDGE('',*,*,#88,.T.);
#88 = EDGE_CURVE('',#81,#89,#91,.T.);
#89 = VERTEX_POINT('',#90);
#90 = CARTESIAN_POINT('',(-1.27,1.016,2.54));
#91 = LINE('',#92,#93);
#92 = CARTESIAN_POINT('',(-1.016,1.27,2.54));
#93 = VECTOR('',#94,1.);
#94 = DIRECTION('',(-0.707106781187,-0.707106781187,0.));
#95 = ORIENTED_EDGE('',*,*,#96,.F.);
#96 = EDGE_CURVE('',#97,#89,#99,.T.);
#97 = VERTEX_POINT('',#98);
#98 = CARTESIAN_POINT('',(-1.27,1.016,0.));
#99 = LINE('',#100,#101);
#100 = CARTESIAN_POINT('',(-1.27,1.016,0.));
#101 = VECTOR('',#102,1.);
#102 = DIRECTION('',(0.,0.,1.));
#103 = ORIENTED_EDGE('',*,*,#104,.F.);
#104 = EDGE_CURVE('',#79,#97,#105,.T.);
#105 = LINE('',#106,#107);
#106 = CARTESIAN_POINT('',(-1.016,1.27,0.));
#107 = VECTOR('',#108,1.);
#108 = DIRECTION('',(-0.707106781187,-0.707106781187,0.));
#109 = PLANE('',#110);
#110 = AXIS2_PLACEMENT_3D('',#111,#112,#113);
#111 = CARTESIAN_POINT('',(-1.016,1.27,0.));
#112 = DIRECTION('',(0.707106781187,-0.707106781187,0.));
#113 = DIRECTION('',(-0.707106781187,-0.707106781187,0.));
#114 = ADVANCED_FACE('',(#115),#140,.F.);
#115 = FACE_BOUND('',#116,.F.);
#116 = EDGE_LOOP('',(#117,#127,#133,#134));
#117 = ORIENTED_EDGE('',*,*,#118,.T.);
#118 = EDGE_CURVE('',#119,#121,#123,.T.);
#119 = VERTEX_POINT('',#120);
#120 = CARTESIAN_POINT('',(1.016,1.27,0.));
#121 = VERTEX_POINT('',#122);
#122 = CARTESIAN_POINT('',(1.016,1.27,2.54));
#123 = LINE('',#124,#125);
#124 = CARTESIAN_POINT('',(1.016,1.27,0.));
#125 = VECTOR('',#126,1.);
#126 = DIRECTION('',(0.,0.,1.));
#127 = ORIENTED_EDGE('',*,*,#128,.T.);
#128 = EDGE_CURVE('',#121,#81,#129,.T.);
#129 = LINE('',#130,#131);
#130 = CARTESIAN_POINT('',(1.016,1.27,2.54));
#131 = VECTOR('',#132,1.);
#132 = DIRECTION('',(-1.,0.,0.));
#133 = ORIENTED_EDGE('',*,*,#78,.F.);
#134 = ORIENTED_EDGE('',*,*,#135,.F.);
#135 = EDGE_CURVE('',#119,#79,#136,.T.);
#136 = LINE('',#137,#138);
#137 = CARTESIAN_POINT('',(1.016,1.27,0.));
#138 = VECTOR('',#139,1.);
#139 = DIRECTION('',(-1.,0.,0.));
#140 = PLANE('',#141);
#141 = AXIS2_PLACEMENT_3D('',#142,#143,#144);
#142 = CARTESIAN_POINT('',(1.016,1.27,0.));
#143 = DIRECTION('',(0.,-1.,0.));
#144 = DIRECTION('',(-1.,0.,0.));
#145 = ADVANCED_FACE('',(#146),#171,.F.);
#146 = FACE_BOUND('',#147,.F.);
#147 = EDGE_LOOP('',(#148,#149,#157,#165));
#148 = ORIENTED_EDGE('',*,*,#96,.T.);
#149 = ORIENTED_EDGE('',*,*,#150,.T.);
#150 = EDGE_CURVE('',#89,#151,#153,.T.);
#151 = VERTEX_POINT('',#152);
#152 = CARTESIAN_POINT('',(-1.27,-1.016,2.54));
#153 = LINE('',#154,#155);
#154 = CARTESIAN_POINT('',(-1.27,1.016,2.54));
#155 = VECTOR('',#156,1.);
#156 = DIRECTION('',(0.,-1.,0.));
#157 = ORIENTED_EDGE('',*,*,#158,.F.);
#158 = EDGE_CURVE('',#159,#151,#161,.T.);
#159 = VERTEX_POINT('',#160);
#160 = CARTESIAN_POINT('',(-1.27,-1.016,0.));
#161 = LINE('',#162,#163);
#162 = CARTESIAN_POINT('',(-1.27,-1.016,0.));
#163 = VECTOR('',#164,1.);
#164 = DIRECTION('',(0.,0.,1.));
#165 = ORIENTED_EDGE('',*,*,#166,.F.);
#166 = EDGE_CURVE('',#97,#159,#167,.T.);
#167 = LINE('',#168,#169);
#168 = CARTESIAN_POINT('',(-1.27,1.016,0.));
#169 = VECTOR('',#170,1.);
#170 = DIRECTION('',(0.,-1.,0.));
#171 = PLANE('',#172);
#172 = AXIS2_PLACEMENT_3D('',#173,#174,#175);
#173 = CARTESIAN_POINT('',(-1.27,1.016,0.));
#174 = DIRECTION('',(1.,0.,0.));
#175 = DIRECTION('',(0.,-1.,0.));
#176 = ADVANCED_FACE('',(#177,#316,#350,#384),#418,.F.);
#177 = FACE_BOUND('',#178,.F.);
#178 = EDGE_LOOP('',(#179,#180,#181,#189,#197,#205,#213,#221,#229,#237,
    #245,#253,#261,#269,#277,#285,#293,#301,#309,#315));
#179 = ORIENTED_EDGE('',*,*,#104,.T.);
#180 = ORIENTED_EDGE('',*,*,#166,.T.);
#181 = ORIENTED_EDGE('',*,*,#182,.T.);
#182 = EDGE_CURVE('',#159,#183,#185,.T.);
#183 = VERTEX_POINT('',#184);
#184 = CARTESIAN_POINT('',(-1.016,-1.27,0.));
#185 = LINE('',#186,#187);
#186 = CARTESIAN_POINT('',(-1.27,-1.016,0.));
#187 = VECTOR('',#188,1.);
#188 = DIRECTION('',(0.707106781187,-0.707106781187,0.));
#189 = ORIENTED_EDGE('',*,*,#190,.T.);
#190 = EDGE_CURVE('',#183,#191,#193,.T.);
#191 = VERTEX_POINT('',#192);
#192 = CARTESIAN_POINT('',(-1.27,-1.524,0.));
#193 = LINE('',#194,#195);
#194 = CARTESIAN_POINT('',(-1.016,-1.27,0.));
#195 = VECTOR('',#196,1.);
#196 = DIRECTION('',(-0.707106781187,-0.707106781187,0.));
#197 = ORIENTED_EDGE('',*,*,#198,.T.);
#198 = EDGE_CURVE('',#191,#199,#201,.T.);
#199 = VERTEX_POINT('',#200);
#200 = CARTESIAN_POINT('',(-1.27,-3.556,0.));
#201 = LINE('',#202,#203);
#202 = CARTESIAN_POINT('',(-1.27,-1.524,0.));
#203 = VECTOR('',#204,1.);
#204 = DIRECTION('',(0.,-1.,0.));
#205 = ORIENTED_EDGE('',*,*,#206,.T.);
#206 = EDGE_CURVE('',#199,#207,#209,.T.);
#207 = VERTEX_POINT('',#208);
#208 = CARTESIAN_POINT('',(-1.016,-3.81,0.));
#209 = LINE('',#210,#211);
#210 = CARTESIAN_POINT('',(-1.27,-3.556,0.));
#211 = VECTOR('',#212,1.);
#212 = DIRECTION('',(0.707106781187,-0.707106781187,0.));
#213 = ORIENTED_EDGE('',*,*,#214,.T.);
#214 = EDGE_CURVE('',#207,#215,#217,.T.);
#215 = VERTEX_POINT('',#216);
#216 = CARTESIAN_POINT('',(-1.27,-4.064,0.));
#217 = LINE('',#218,#219);
#218 = CARTESIAN_POINT('',(-1.016,-3.81,0.));
#219 = VECTOR('',#220,1.);
#220 = DIRECTION('',(-0.707106781187,-0.707106781187,0.));
#221 = ORIENTED_EDGE('',*,*,#222,.T.);
#222 = EDGE_CURVE('',#215,#223,#225,.T.);
#223 = VERTEX_POINT('',#224);
#224 = CARTESIAN_POINT('',(-1.27,-6.096,0.));
#225 = LINE('',#226,#227);
#226 = CARTESIAN_POINT('',(-1.27,-4.064,0.));
#227 = VECTOR('',#228,1.);
#228 = DIRECTION('',(0.,-1.,0.));
#229 = ORIENTED_EDGE('',*,*,#230,.T.);
#230 = EDGE_CURVE('',#223,#231,#233,.T.);
#231 = VERTEX_POINT('',#232);
#232 = CARTESIAN_POINT('',(-1.016,-6.35,0.));
#233 = LINE('',#234,#235);
#234 = CARTESIAN_POINT('',(-1.27,-6.096,0.));
#235 = VECTOR('',#236,1.);
#236 = DIRECTION('',(0.707106781187,-0.707106781187,0.));
#237 = ORIENTED_EDGE('',*,*,#238,.T.);
#238 = EDGE_CURVE('',#231,#239,#241,.T.);
#239 = VERTEX_POINT('',#240);
#240 = CARTESIAN_POINT('',(1.016,-6.35,0.));
#241 = LINE('',#242,#243);
#242 = CARTESIAN_POINT('',(-1.016,-6.35,0.));
#243 = VECTOR('',#244,1.);
#244 = DIRECTION('',(1.,0.,0.));
#245 = ORIENTED_EDGE('',*,*,#246,.T.);
#246 = EDGE_CURVE('',#239,#247,#249,.T.);
#247 = VERTEX_POINT('',#248);
#248 = CARTESIAN_POINT('',(1.27,-6.096,0.));
#249 = LINE('',#250,#251);
#250 = CARTESIAN_POINT('',(1.016,-6.35,0.));
#251 = VECTOR('',#252,1.);
#252 = DIRECTION('',(0.707106781187,0.707106781187,0.));
#253 = ORIENTED_EDGE('',*,*,#254,.T.);
#254 = EDGE_CURVE('',#247,#255,#257,.T.);
#255 = VERTEX_POINT('',#256);
#256 = CARTESIAN_POINT('',(1.27,-4.064,0.));
#257 = LINE('',#258,#259);
#258 = CARTESIAN_POINT('',(1.27,-6.096,0.));
#259 = VECTOR('',#260,1.);
#260 = DIRECTION('',(0.,1.,0.));
#261 = ORIENTED_EDGE('',*,*,#262,.T.);
#262 = EDGE_CURVE('',#255,#263,#265,.T.);
#263 = VERTEX_POINT('',#264);
#264 = CARTESIAN_POINT('',(1.016,-3.81,0.));
#265 = LINE('',#266,#267);
#266 = CARTESIAN_POINT('',(1.27,-4.064,0.));
#267 = VECTOR('',#268,1.);
#268 = DIRECTION('',(-0.707106781187,0.707106781187,0.));
#269 = ORIENTED_EDGE('',*,*,#270,.T.);
#270 = EDGE_CURVE('',#263,#271,#273,.T.);
#271 = VERTEX_POINT('',#272);
#272 = CARTESIAN_POINT('',(1.27,-3.556,0.));
#273 = LINE('',#274,#275);
#274 = CARTESIAN_POINT('',(1.016,-3.81,0.));
#275 = VECTOR('',#276,1.);
#276 = DIRECTION('',(0.707106781187,0.707106781187,0.));
#277 = ORIENTED_EDGE('',*,*,#278,.T.);
#278 = EDGE_CURVE('',#271,#279,#281,.T.);
#279 = VERTEX_POINT('',#280);
#280 = CARTESIAN_POINT('',(1.27,-1.524,0.));
#281 = LINE('',#282,#283);
#282 = CARTESIAN_POINT('',(1.27,-3.556,0.));
#283 = VECTOR('',#284,1.);
#284 = DIRECTION('',(0.,1.,0.));
#285 = ORIENTED_EDGE('',*,*,#286,.T.);
#286 = EDGE_CURVE('',#279,#287,#289,.T.);
#287 = VERTEX_POINT('',#288);
#288 = CARTESIAN_POINT('',(1.016,-1.27,0.));
#289 = LINE('',#290,#291);
#290 = CARTESIAN_POINT('',(1.27,-1.524,0.));
#291 = VECTOR('',#292,1.);
#292 = DIRECTION('',(-0.707106781187,0.707106781187,0.));
#293 = ORIENTED_EDGE('',*,*,#294,.T.);
#294 = EDGE_CURVE('',#287,#295,#297,.T.);
#295 = VERTEX_POINT('',#296);
#296 = CARTESIAN_POINT('',(1.27,-1.016,0.));
#297 = LINE('',#298,#299);
#298 = CARTESIAN_POINT('',(1.016,-1.27,0.));
#299 = VECTOR('',#300,1.);
#300 = DIRECTION('',(0.707106781187,0.707106781187,0.));
#301 = ORIENTED_EDGE('',*,*,#302,.T.);
#302 = EDGE_CURVE('',#295,#303,#305,.T.);
#303 = VERTEX_POINT('',#304);
#304 = CARTESIAN_POINT('',(1.27,1.016,0.));
#305 = LINE('',#306,#307);
#306 = CARTESIAN_POINT('',(1.27,-1.016,0.));
#307 = VECTOR('',#308,1.);
#308 = DIRECTION('',(0.,1.,0.));
#309 = ORIENTED_EDGE('',*,*,#310,.T.);
#310 = EDGE_CURVE('',#303,#119,#311,.T.);
#311 = LINE('',#312,#313);
#312 = CARTESIAN_POINT('',(1.27,1.016,0.));
#313 = VECTOR('',#314,1.);
#314 = DIRECTION('',(-0.707106781187,0.707106781187,0.));
#315 = ORIENTED_EDGE('',*,*,#135,.T.);
#316 = FACE_BOUND('',#317,.F.);
#317 = EDGE_LOOP('',(#318,#328,#336,#344));
#318 = ORIENTED_EDGE('',*,*,#319,.F.);
#319 = EDGE_CURVE('',#320,#322,#324,.T.);
#320 = VERTEX_POINT('',#321);
#321 = CARTESIAN_POINT('',(0.32,-0.32,0.));
#322 = VERTEX_POINT('',#323);
#323 = CARTESIAN_POINT('',(0.32,0.32,0.));
#324 = LINE('',#325,#326);
#325 = CARTESIAN_POINT('',(0.32,-1.43,0.));
#326 = VECTOR('',#327,1.);
#327 = DIRECTION('',(0.,1.,0.));
#328 = ORIENTED_EDGE('',*,*,#329,.T.);
#329 = EDGE_CURVE('',#320,#330,#332,.T.);
#330 = VERTEX_POINT('',#331);
#331 = CARTESIAN_POINT('',(-0.32,-0.32,0.));
#332 = LINE('',#333,#334);
#333 = CARTESIAN_POINT('',(-0.16,-0.32,0.));
#334 = VECTOR('',#335,1.);
#335 = DIRECTION('',(-1.,0.,0.));
#336 = ORIENTED_EDGE('',*,*,#337,.T.);
#337 = EDGE_CURVE('',#330,#338,#340,.T.);
#338 = VERTEX_POINT('',#339);
#339 = CARTESIAN_POINT('',(-0.32,0.32,0.));
#340 = LINE('',#341,#342);
#341 = CARTESIAN_POINT('',(-0.32,-1.43,0.));
#342 = VECTOR('',#343,1.);
#343 = DIRECTION('',(0.,1.,0.));
#344 = ORIENTED_EDGE('',*,*,#345,.F.);
#345 = EDGE_CURVE('',#322,#338,#346,.T.);
#346 = LINE('',#347,#348);
#347 = CARTESIAN_POINT('',(-0.16,0.32,0.));
#348 = VECTOR('',#349,1.);
#349 = DIRECTION('',(-1.,0.,0.));
#350 = FACE_BOUND('',#351,.F.);
#351 = EDGE_LOOP('',(#352,#362,#370,#378));
#352 = ORIENTED_EDGE('',*,*,#353,.T.);
#353 = EDGE_CURVE('',#354,#356,#358,.T.);
#354 = VERTEX_POINT('',#355);
#355 = CARTESIAN_POINT('',(0.32,-2.86,0.));
#356 = VERTEX_POINT('',#357);
#357 = CARTESIAN_POINT('',(-0.32,-2.86,0.));
#358 = LINE('',#359,#360);
#359 = CARTESIAN_POINT('',(-0.16,-2.86,0.));
#360 = VECTOR('',#361,1.);
#361 = DIRECTION('',(-1.,0.,0.));
#362 = ORIENTED_EDGE('',*,*,#363,.T.);
#363 = EDGE_CURVE('',#356,#364,#366,.T.);
#364 = VERTEX_POINT('',#365);
#365 = CARTESIAN_POINT('',(-0.32,-2.22,0.));
#366 = LINE('',#367,#368);
#367 = CARTESIAN_POINT('',(-0.32,-2.7,0.));
#368 = VECTOR('',#369,1.);
#369 = DIRECTION('',(0.,1.,0.));
#370 = ORIENTED_EDGE('',*,*,#371,.F.);
#371 = EDGE_CURVE('',#372,#364,#374,.T.);
#372 = VERTEX_POINT('',#373);
#373 = CARTESIAN_POINT('',(0.32,-2.22,0.));
#374 = LINE('',#375,#376);
#375 = CARTESIAN_POINT('',(-0.16,-2.22,0.));
#376 = VECTOR('',#377,1.);
#377 = DIRECTION('',(-1.,0.,0.));
#378 = ORIENTED_EDGE('',*,*,#379,.F.);
#379 = EDGE_CURVE('',#354,#372,#380,.T.);
#380 = LINE('',#381,#382);
#381 = CARTESIAN_POINT('',(0.32,-2.7,0.));
#382 = VECTOR('',#383,1.);
#383 = DIRECTION('',(0.,1.,0.));
#384 = FACE_BOUND('',#385,.F.);
#385 = EDGE_LOOP('',(#386,#396,#404,#412));
#386 = ORIENTED_EDGE('',*,*,#387,.F.);
#387 = EDGE_CURVE('',#388,#390,#392,.T.);
#388 = VERTEX_POINT('',#389);
#389 = CARTESIAN_POINT('',(0.32,-4.76,0.));
#390 = VERTEX_POINT('',#391);
#391 = CARTESIAN_POINT('',(-0.32,-4.76,0.));
#392 = LINE('',#393,#394);
#393 = CARTESIAN_POINT('',(-0.16,-4.76,0.));
#394 = VECTOR('',#395,1.);
#395 = DIRECTION('',(-1.,0.,0.));
#396 = ORIENTED_EDGE('',*,*,#397,.F.);
#397 = EDGE_CURVE('',#398,#388,#400,.T.);
#398 = VERTEX_POINT('',#399);
#399 = CARTESIAN_POINT('',(0.32,-5.4,0.));
#400 = LINE('',#401,#402);
#401 = CARTESIAN_POINT('',(0.32,-3.97,0.));
#402 = VECTOR('',#403,1.);
#403 = DIRECTION('',(0.,1.,0.));
#404 = ORIENTED_EDGE('',*,*,#405,.T.);
#405 = EDGE_CURVE('',#398,#406,#408,.T.);
#406 = VERTEX_POINT('',#407);
#407 = CARTESIAN_POINT('',(-0.32,-5.4,0.));
#408 = LINE('',#409,#410);
#409 = CARTESIAN_POINT('',(-0.16,-5.4,0.));
#410 = VECTOR('',#411,1.);
#411 = DIRECTION('',(-1.,0.,0.));
#412 = ORIENTED_EDGE('',*,*,#413,.T.);
#413 = EDGE_CURVE('',#406,#390,#414,.T.);
#414 = LINE('',#415,#416);
#415 = CARTESIAN_POINT('',(-0.32,-3.97,0.));
#416 = VECTOR('',#417,1.);
#417 = DIRECTION('',(0.,1.,0.));
#418 = PLANE('',#419);
#419 = AXIS2_PLACEMENT_3D('',#420,#421,#422);
#420 = CARTESIAN_POINT('',(5.398204781459E-17,-2.54,0.));
#421 = DIRECTION('',(0.,0.,1.));
#422 = DIRECTION('',(1.,0.,-0.));
#423 = ADVANCED_FACE('',(#424,#563,#597,#631),#665,.T.);
#424 = FACE_BOUND('',#425,.T.);
#425 = EDGE_LOOP('',(#426,#427,#428,#436,#444,#452,#460,#468,#476,#484,
    #492,#500,#508,#516,#524,#532,#540,#548,#556,#562));
#426 = ORIENTED_EDGE('',*,*,#88,.T.);
#427 = ORIENTED_EDGE('',*,*,#150,.T.);
#428 = ORIENTED_EDGE('',*,*,#429,.T.);
#429 = EDGE_CURVE('',#151,#430,#432,.T.);
#430 = VERTEX_POINT('',#431);
#431 = CARTESIAN_POINT('',(-1.016,-1.27,2.54));
#432 = LINE('',#433,#434);
#433 = CARTESIAN_POINT('',(-1.27,-1.016,2.54));
#434 = VECTOR('',#435,1.);
#435 = DIRECTION('',(0.707106781187,-0.707106781187,0.));
#436 = ORIENTED_EDGE('',*,*,#437,.T.);
#437 = EDGE_CURVE('',#430,#438,#440,.T.);
#438 = VERTEX_POINT('',#439);
#439 = CARTESIAN_POINT('',(-1.27,-1.524,2.54));
#440 = LINE('',#441,#442);
#441 = CARTESIAN_POINT('',(-1.016,-1.27,2.54));
#442 = VECTOR('',#443,1.);
#443 = DIRECTION('',(-0.707106781187,-0.707106781187,0.));
#444 = ORIENTED_EDGE('',*,*,#445,.T.);
#445 = EDGE_CURVE('',#438,#446,#448,.T.);
#446 = VERTEX_POINT('',#447);
#447 = CARTESIAN_POINT('',(-1.27,-3.556,2.54));
#448 = LINE('',#449,#450);
#449 = CARTESIAN_POINT('',(-1.27,-1.524,2.54));
#450 = VECTOR('',#451,1.);
#451 = DIRECTION('',(0.,-1.,0.));
#452 = ORIENTED_EDGE('',*,*,#453,.T.);
#453 = EDGE_CURVE('',#446,#454,#456,.T.);
#454 = VERTEX_POINT('',#455);
#455 = CARTESIAN_POINT('',(-1.016,-3.81,2.54));
#456 = LINE('',#457,#458);
#457 = CARTESIAN_POINT('',(-1.27,-3.556,2.54));
#458 = VECTOR('',#459,1.);
#459 = DIRECTION('',(0.707106781187,-0.707106781187,0.));
#460 = ORIENTED_EDGE('',*,*,#461,.T.);
#461 = EDGE_CURVE('',#454,#462,#464,.T.);
#462 = VERTEX_POINT('',#463);
#463 = CARTESIAN_POINT('',(-1.27,-4.064,2.54));
#464 = LINE('',#465,#466);
#465 = CARTESIAN_POINT('',(-1.016,-3.81,2.54));
#466 = VECTOR('',#467,1.);
#467 = DIRECTION('',(-0.707106781187,-0.707106781187,0.));
#468 = ORIENTED_EDGE('',*,*,#469,.T.);
#469 = EDGE_CURVE('',#462,#470,#472,.T.);
#470 = VERTEX_POINT('',#471);
#471 = CARTESIAN_POINT('',(-1.27,-6.096,2.54));
#472 = LINE('',#473,#474);
#473 = CARTESIAN_POINT('',(-1.27,-4.064,2.54));
#474 = VECTOR('',#475,1.);
#475 = DIRECTION('',(0.,-1.,0.));
#476 = ORIENTED_EDGE('',*,*,#477,.T.);
#477 = EDGE_CURVE('',#470,#478,#480,.T.);
#478 = VERTEX_POINT('',#479);
#479 = CARTESIAN_POINT('',(-1.016,-6.35,2.54));
#480 = LINE('',#481,#482);
#481 = CARTESIAN_POINT('',(-1.27,-6.096,2.54));
#482 = VECTOR('',#483,1.);
#483 = DIRECTION('',(0.707106781187,-0.707106781187,0.));
#484 = ORIENTED_EDGE('',*,*,#485,.T.);
#485 = EDGE_CURVE('',#478,#486,#488,.T.);
#486 = VERTEX_POINT('',#487);
#487 = CARTESIAN_POINT('',(1.016,-6.35,2.54));
#488 = LINE('',#489,#490);
#489 = CARTESIAN_POINT('',(-1.016,-6.35,2.54));
#490 = VECTOR('',#491,1.);
#491 = DIRECTION('',(1.,0.,0.));
#492 = ORIENTED_EDGE('',*,*,#493,.T.);
#493 = EDGE_CURVE('',#486,#494,#496,.T.);
#494 = VERTEX_POINT('',#495);
#495 = CARTESIAN_POINT('',(1.27,-6.096,2.54));
#496 = LINE('',#497,#498);
#497 = CARTESIAN_POINT('',(1.016,-6.35,2.54));
#498 = VECTOR('',#499,1.);
#499 = DIRECTION('',(0.707106781187,0.707106781187,0.));
#500 = ORIENTED_EDGE('',*,*,#501,.T.);
#501 = EDGE_CURVE('',#494,#502,#504,.T.);
#502 = VERTEX_POINT('',#503);
#503 = CARTESIAN_POINT('',(1.27,-4.064,2.54));
#504 = LINE('',#505,#506);
#505 = CARTESIAN_POINT('',(1.27,-6.096,2.54));
#506 = VECTOR('',#507,1.);
#507 = DIRECTION('',(0.,1.,0.));
#508 = ORIENTED_EDGE('',*,*,#509,.T.);
#509 = EDGE_CURVE('',#502,#510,#512,.T.);
#510 = VERTEX_POINT('',#511);
#511 = CARTESIAN_POINT('',(1.016,-3.81,2.54));
#512 = LINE('',#513,#514);
#513 = CARTESIAN_POINT('',(1.27,-4.064,2.54));
#514 = VECTOR('',#515,1.);
#515 = DIRECTION('',(-0.707106781187,0.707106781187,0.));
#516 = ORIENTED_EDGE('',*,*,#517,.T.);
#517 = EDGE_CURVE('',#510,#518,#520,.T.);
#518 = VERTEX_POINT('',#519);
#519 = CARTESIAN_POINT('',(1.27,-3.556,2.54));
#520 = LINE('',#521,#522);
#521 = CARTESIAN_POINT('',(1.016,-3.81,2.54));
#522 = VECTOR('',#523,1.);
#523 = DIRECTION('',(0.707106781187,0.707106781187,0.));
#524 = ORIENTED_EDGE('',*,*,#525,.T.);
#525 = EDGE_CURVE('',#518,#526,#528,.T.);
#526 = VERTEX_POINT('',#527);
#527 = CARTESIAN_POINT('',(1.27,-1.524,2.54));
#528 = LINE('',#529,#530);
#529 = CARTESIAN_POINT('',(1.27,-3.556,2.54));
#530 = VECTOR('',#531,1.);
#531 = DIRECTION('',(0.,1.,0.));
#532 = ORIENTED_EDGE('',*,*,#533,.T.);
#533 = EDGE_CURVE('',#526,#534,#536,.T.);
#534 = VERTEX_POINT('',#535);
#535 = CARTESIAN_POINT('',(1.016,-1.27,2.54));
#536 = LINE('',#537,#538);
#537 = CARTESIAN_POINT('',(1.27,-1.524,2.54));
#538 = VECTOR('',#539,1.);
#539 = DIRECTION('',(-0.707106781187,0.707106781187,0.));
#540 = ORIENTED_EDGE('',*,*,#541,.T.);
#541 = EDGE_CURVE('',#534,#542,#544,.T.);
#542 = VERTEX_POINT('',#543);
#543 = CARTESIAN_POINT('',(1.27,-1.016,2.54));
#544 = LINE('',#545,#546);
#545 = CARTESIAN_POINT('',(1.016,-1.27,2.54));
#546 = VECTOR('',#547,1.);
#547 = DIRECTION('',(0.707106781187,0.707106781187,0.));
#548 = ORIENTED_EDGE('',*,*,#549,.T.);
#549 = EDGE_CURVE('',#542,#550,#552,.T.);
#550 = VERTEX_POINT('',#551);
#551 = CARTESIAN_POINT('',(1.27,1.016,2.54));
#552 = LINE('',#553,#554);
#553 = CARTESIAN_POINT('',(1.27,-1.016,2.54));
#554 = VECTOR('',#555,1.);
#555 = DIRECTION('',(0.,1.,0.));
#556 = ORIENTED_EDGE('',*,*,#557,.T.);
#557 = EDGE_CURVE('',#550,#121,#558,.T.);
#558 = LINE('',#559,#560);
#559 = CARTESIAN_POINT('',(1.27,1.016,2.54));
#560 = VECTOR('',#561,1.);
#561 = DIRECTION('',(-0.707106781187,0.707106781187,0.));
#562 = ORIENTED_EDGE('',*,*,#128,.T.);
#563 = FACE_BOUND('',#564,.T.);
#564 = EDGE_LOOP('',(#565,#575,#583,#591));
#565 = ORIENTED_EDGE('',*,*,#566,.F.);
#566 = EDGE_CURVE('',#567,#569,#571,.T.);
#567 = VERTEX_POINT('',#568);
#568 = CARTESIAN_POINT('',(0.32,-0.32,2.54));
#569 = VERTEX_POINT('',#570);
#570 = CARTESIAN_POINT('',(0.32,0.32,2.54));
#571 = LINE('',#572,#573);
#572 = CARTESIAN_POINT('',(0.32,-1.43,2.54));
#573 = VECTOR('',#574,1.);
#574 = DIRECTION('',(0.,1.,0.));
#575 = ORIENTED_EDGE('',*,*,#576,.T.);
#576 = EDGE_CURVE('',#567,#577,#579,.T.);
#577 = VERTEX_POINT('',#578);
#578 = CARTESIAN_POINT('',(-0.32,-0.32,2.54));
#579 = LINE('',#580,#581);
#580 = CARTESIAN_POINT('',(-0.16,-0.32,2.54));
#581 = VECTOR('',#582,1.);
#582 = DIRECTION('',(-1.,0.,0.));
#583 = ORIENTED_EDGE('',*,*,#584,.T.);
#584 = EDGE_CURVE('',#577,#585,#587,.T.);
#585 = VERTEX_POINT('',#586);
#586 = CARTESIAN_POINT('',(-0.32,0.32,2.54));
#587 = LINE('',#588,#589);
#588 = CARTESIAN_POINT('',(-0.32,-1.43,2.54));
#589 = VECTOR('',#590,1.);
#590 = DIRECTION('',(0.,1.,0.));
#591 = ORIENTED_EDGE('',*,*,#592,.F.);
#592 = EDGE_CURVE('',#569,#585,#593,.T.);
#593 = LINE('',#594,#595);
#594 = CARTESIAN_POINT('',(-0.16,0.32,2.54));
#595 = VECTOR('',#596,1.);
#596 = DIRECTION('',(-1.,0.,0.));
#597 = FACE_BOUND('',#598,.T.);
#598 = EDGE_LOOP('',(#599,#609,#617,#625));
#599 = ORIENTED_EDGE('',*,*,#600,.T.);
#600 = EDGE_CURVE('',#601,#603,#605,.T.);
#601 = VERTEX_POINT('',#602);
#602 = CARTESIAN_POINT('',(0.32,-2.86,2.54));
#603 = VERTEX_POINT('',#604);
#604 = CARTESIAN_POINT('',(-0.32,-2.86,2.54));
#605 = LINE('',#606,#607);
#606 = CARTESIAN_POINT('',(-0.16,-2.86,2.54));
#607 = VECTOR('',#608,1.);
#608 = DIRECTION('',(-1.,0.,0.));
#609 = ORIENTED_EDGE('',*,*,#610,.T.);
#610 = EDGE_CURVE('',#603,#611,#613,.T.);
#611 = VERTEX_POINT('',#612);
#612 = CARTESIAN_POINT('',(-0.32,-2.22,2.54));
#613 = LINE('',#614,#615);
#614 = CARTESIAN_POINT('',(-0.32,-2.7,2.54));
#615 = VECTOR('',#616,1.);
#616 = DIRECTION('',(0.,1.,0.));
#617 = ORIENTED_EDGE('',*,*,#618,.F.);
#618 = EDGE_CURVE('',#619,#611,#621,.T.);
#619 = VERTEX_POINT('',#620);
#620 = CARTESIAN_POINT('',(0.32,-2.22,2.54));
#621 = LINE('',#622,#623);
#622 = CARTESIAN_POINT('',(-0.16,-2.22,2.54));
#623 = VECTOR('',#624,1.);
#624 = DIRECTION('',(-1.,0.,0.));
#625 = ORIENTED_EDGE('',*,*,#626,.F.);
#626 = EDGE_CURVE('',#601,#619,#627,.T.);
#627 = LINE('',#628,#629);
#628 = CARTESIAN_POINT('',(0.32,-2.7,2.54));
#629 = VECTOR('',#630,1.);
#630 = DIRECTION('',(0.,1.,0.));
#631 = FACE_BOUND('',#632,.T.);
#632 = EDGE_LOOP('',(#633,#643,#651,#659));
#633 = ORIENTED_EDGE('',*,*,#634,.F.);
#634 = EDGE_CURVE('',#635,#637,#639,.T.);
#635 = VERTEX_POINT('',#636);
#636 = CARTESIAN_POINT('',(0.32,-4.76,2.54));
#637 = VERTEX_POINT('',#638);
#638 = CARTESIAN_POINT('',(-0.32,-4.76,2.54));
#639 = LINE('',#640,#641);
#640 = CARTESIAN_POINT('',(-0.16,-4.76,2.54));
#641 = VECTOR('',#642,1.);
#642 = DIRECTION('',(-1.,0.,0.));
#643 = ORIENTED_EDGE('',*,*,#644,.F.);
#644 = EDGE_CURVE('',#645,#635,#647,.T.);
#645 = VERTEX_POINT('',#646);
#646 = CARTESIAN_POINT('',(0.32,-5.4,2.54));
#647 = LINE('',#648,#649);
#648 = CARTESIAN_POINT('',(0.32,-3.97,2.54));
#649 = VECTOR('',#650,1.);
#650 = DIRECTION('',(0.,1.,0.));
#651 = ORIENTED_EDGE('',*,*,#652,.T.);
#652 = EDGE_CURVE('',#645,#653,#655,.T.);
#653 = VERTEX_POINT('',#654);
#654 = CARTESIAN_POINT('',(-0.32,-5.4,2.54));
#655 = LINE('',#656,#657);
#656 = CARTESIAN_POINT('',(-0.16,-5.4,2.54));
#657 = VECTOR('',#658,1.);
#658 = DIRECTION('',(-1.,0.,0.));
#659 = ORIENTED_EDGE('',*,*,#660,.T.);
#660 = EDGE_CURVE('',#653,#637,#661,.T.);
#661 = LINE('',#662,#663);
#662 = CARTESIAN_POINT('',(-0.32,-3.97,2.54));
#663 = VECTOR('',#664,1.);
#664 = DIRECTION('',(0.,1.,0.));
#665 = PLANE('',#666);
#666 = AXIS2_PLACEMENT_3D('',#667,#668,#669);
#667 = CARTESIAN_POINT('',(5.398204781459E-17,-2.54,2.54));
#668 = DIRECTION('',(0.,0.,1.));
#669 = DIRECTION('',(1.,0.,-0.));
#670 = ADVANCED_FACE('',(#671),#682,.F.);
#671 = FACE_BOUND('',#672,.F.);
#672 = EDGE_LOOP('',(#673,#679,#680,#681));
#673 = ORIENTED_EDGE('',*,*,#674,.T.);
#674 = EDGE_CURVE('',#303,#550,#675,.T.);
#675 = LINE('',#676,#677);
#676 = CARTESIAN_POINT('',(1.27,1.016,0.));
#677 = VECTOR('',#678,1.);
#678 = DIRECTION('',(0.,0.,1.));
#679 = ORIENTED_EDGE('',*,*,#557,.T.);
#680 = ORIENTED_EDGE('',*,*,#118,.F.);
#681 = ORIENTED_EDGE('',*,*,#310,.F.);
#682 = PLANE('',#683);
#683 = AXIS2_PLACEMENT_3D('',#684,#685,#686);
#684 = CARTESIAN_POINT('',(1.27,1.016,0.));
#685 = DIRECTION('',(-0.707106781187,-0.707106781187,0.));
#686 = DIRECTION('',(-0.707106781187,0.707106781187,0.));
#687 = ADVANCED_FACE('',(#688),#699,.F.);
#688 = FACE_BOUND('',#689,.F.);
#689 = EDGE_LOOP('',(#690,#691,#692,#698));
#690 = ORIENTED_EDGE('',*,*,#158,.T.);
#691 = ORIENTED_EDGE('',*,*,#429,.T.);
#692 = ORIENTED_EDGE('',*,*,#693,.F.);
#693 = EDGE_CURVE('',#183,#430,#694,.T.);
#694 = LINE('',#695,#696);
#695 = CARTESIAN_POINT('',(-1.016,-1.27,0.));
#696 = VECTOR('',#697,1.);
#697 = DIRECTION('',(0.,0.,1.));
#698 = ORIENTED_EDGE('',*,*,#182,.F.);
#699 = PLANE('',#700);
#700 = AXIS2_PLACEMENT_3D('',#701,#702,#703);
#701 = CARTESIAN_POINT('',(-1.27,-1.016,0.));
#702 = DIRECTION('',(0.707106781187,0.707106781187,0.));
#703 = DIRECTION('',(0.707106781187,-0.707106781187,0.));
#704 = ADVANCED_FACE('',(#705),#716,.F.);
#705 = FACE_BOUND('',#706,.F.);
#706 = EDGE_LOOP('',(#707,#713,#714,#715));
#707 = ORIENTED_EDGE('',*,*,#708,.T.);
#708 = EDGE_CURVE('',#295,#542,#709,.T.);
#709 = LINE('',#710,#711);
#710 = CARTESIAN_POINT('',(1.27,-1.016,0.));
#711 = VECTOR('',#712,1.);
#712 = DIRECTION('',(0.,0.,1.));
#713 = ORIENTED_EDGE('',*,*,#549,.T.);
#714 = ORIENTED_EDGE('',*,*,#674,.F.);
#715 = ORIENTED_EDGE('',*,*,#302,.F.);
#716 = PLANE('',#717);
#717 = AXIS2_PLACEMENT_3D('',#718,#719,#720);
#718 = CARTESIAN_POINT('',(1.27,-1.016,0.));
#719 = DIRECTION('',(-1.,0.,0.));
#720 = DIRECTION('',(0.,1.,0.));
#721 = ADVANCED_FACE('',(#722),#733,.F.);
#722 = FACE_BOUND('',#723,.F.);
#723 = EDGE_LOOP('',(#724,#725,#726,#732));
#724 = ORIENTED_EDGE('',*,*,#693,.T.);
#725 = ORIENTED_EDGE('',*,*,#437,.T.);
#726 = ORIENTED_EDGE('',*,*,#727,.F.);
#727 = EDGE_CURVE('',#191,#438,#728,.T.);
#728 = LINE('',#729,#730);
#729 = CARTESIAN_POINT('',(-1.27,-1.524,0.));
#730 = VECTOR('',#731,1.);
#731 = DIRECTION('',(0.,0.,1.));
#732 = ORIENTED_EDGE('',*,*,#190,.F.);
#733 = PLANE('',#734);
#734 = AXIS2_PLACEMENT_3D('',#735,#736,#737);
#735 = CARTESIAN_POINT('',(-1.016,-1.27,0.));
#736 = DIRECTION('',(0.707106781187,-0.707106781187,0.));
#737 = DIRECTION('',(-0.707106781187,-0.707106781187,0.));
#738 = ADVANCED_FACE('',(#739),#750,.F.);
#739 = FACE_BOUND('',#740,.F.);
#740 = EDGE_LOOP('',(#741,#747,#748,#749));
#741 = ORIENTED_EDGE('',*,*,#742,.T.);
#742 = EDGE_CURVE('',#287,#534,#743,.T.);
#743 = LINE('',#744,#745);
#744 = CARTESIAN_POINT('',(1.016,-1.27,0.));
#745 = VECTOR('',#746,1.);
#746 = DIRECTION('',(0.,0.,1.));
#747 = ORIENTED_EDGE('',*,*,#541,.T.);
#748 = ORIENTED_EDGE('',*,*,#708,.F.);
#749 = ORIENTED_EDGE('',*,*,#294,.F.);
#750 = PLANE('',#751);
#751 = AXIS2_PLACEMENT_3D('',#752,#753,#754);
#752 = CARTESIAN_POINT('',(1.016,-1.27,0.));
#753 = DIRECTION('',(-0.707106781187,0.707106781187,0.));
#754 = DIRECTION('',(0.707106781187,0.707106781187,0.));
#755 = ADVANCED_FACE('',(#756),#767,.F.);
#756 = FACE_BOUND('',#757,.F.);
#757 = EDGE_LOOP('',(#758,#759,#760,#766));
#758 = ORIENTED_EDGE('',*,*,#727,.T.);
#759 = ORIENTED_EDGE('',*,*,#445,.T.);
#760 = ORIENTED_EDGE('',*,*,#761,.F.);
#761 = EDGE_CURVE('',#199,#446,#762,.T.);
#762 = LINE('',#763,#764);
#763 = CARTESIAN_POINT('',(-1.27,-3.556,0.));
#764 = VECTOR('',#765,1.);
#765 = DIRECTION('',(0.,0.,1.));
#766 = ORIENTED_EDGE('',*,*,#198,.F.);
#767 = PLANE('',#768);
#768 = AXIS2_PLACEMENT_3D('',#769,#770,#771);
#769 = CARTESIAN_POINT('',(-1.27,-1.524,0.));
#770 = DIRECTION('',(1.,0.,0.));
#771 = DIRECTION('',(0.,-1.,0.));
#772 = ADVANCED_FACE('',(#773),#784,.F.);
#773 = FACE_BOUND('',#774,.F.);
#774 = EDGE_LOOP('',(#775,#781,#782,#783));
#775 = ORIENTED_EDGE('',*,*,#776,.T.);
#776 = EDGE_CURVE('',#279,#526,#777,.T.);
#777 = LINE('',#778,#779);
#778 = CARTESIAN_POINT('',(1.27,-1.524,0.));
#779 = VECTOR('',#780,1.);
#780 = DIRECTION('',(0.,0.,1.));
#781 = ORIENTED_EDGE('',*,*,#533,.T.);
#782 = ORIENTED_EDGE('',*,*,#742,.F.);
#783 = ORIENTED_EDGE('',*,*,#286,.F.);
#784 = PLANE('',#785);
#785 = AXIS2_PLACEMENT_3D('',#786,#787,#788);
#786 = CARTESIAN_POINT('',(1.27,-1.524,0.));
#787 = DIRECTION('',(-0.707106781187,-0.707106781187,0.));
#788 = DIRECTION('',(-0.707106781187,0.707106781187,0.));
#789 = ADVANCED_FACE('',(#790),#801,.F.);
#790 = FACE_BOUND('',#791,.F.);
#791 = EDGE_LOOP('',(#792,#793,#794,#800));
#792 = ORIENTED_EDGE('',*,*,#761,.T.);
#793 = ORIENTED_EDGE('',*,*,#453,.T.);
#794 = ORIENTED_EDGE('',*,*,#795,.F.);
#795 = EDGE_CURVE('',#207,#454,#796,.T.);
#796 = LINE('',#797,#798);
#797 = CARTESIAN_POINT('',(-1.016,-3.81,0.));
#798 = VECTOR('',#799,1.);
#799 = DIRECTION('',(0.,0.,1.));
#800 = ORIENTED_EDGE('',*,*,#206,.F.);
#801 = PLANE('',#802);
#802 = AXIS2_PLACEMENT_3D('',#803,#804,#805);
#803 = CARTESIAN_POINT('',(-1.27,-3.556,0.));
#804 = DIRECTION('',(0.707106781187,0.707106781187,0.));
#805 = DIRECTION('',(0.707106781187,-0.707106781187,0.));
#806 = ADVANCED_FACE('',(#807),#818,.F.);
#807 = FACE_BOUND('',#808,.F.);
#808 = EDGE_LOOP('',(#809,#815,#816,#817));
#809 = ORIENTED_EDGE('',*,*,#810,.T.);
#810 = EDGE_CURVE('',#271,#518,#811,.T.);
#811 = LINE('',#812,#813);
#812 = CARTESIAN_POINT('',(1.27,-3.556,0.));
#813 = VECTOR('',#814,1.);
#814 = DIRECTION('',(0.,0.,1.));
#815 = ORIENTED_EDGE('',*,*,#525,.T.);
#816 = ORIENTED_EDGE('',*,*,#776,.F.);
#817 = ORIENTED_EDGE('',*,*,#278,.F.);
#818 = PLANE('',#819);
#819 = AXIS2_PLACEMENT_3D('',#820,#821,#822);
#820 = CARTESIAN_POINT('',(1.27,-3.556,0.));
#821 = DIRECTION('',(-1.,0.,0.));
#822 = DIRECTION('',(0.,1.,0.));
#823 = ADVANCED_FACE('',(#824),#835,.F.);
#824 = FACE_BOUND('',#825,.F.);
#825 = EDGE_LOOP('',(#826,#827,#828,#834));
#826 = ORIENTED_EDGE('',*,*,#795,.T.);
#827 = ORIENTED_EDGE('',*,*,#461,.T.);
#828 = ORIENTED_EDGE('',*,*,#829,.F.);
#829 = EDGE_CURVE('',#215,#462,#830,.T.);
#830 = LINE('',#831,#832);
#831 = CARTESIAN_POINT('',(-1.27,-4.064,0.));
#832 = VECTOR('',#833,1.);
#833 = DIRECTION('',(0.,0.,1.));
#834 = ORIENTED_EDGE('',*,*,#214,.F.);
#835 = PLANE('',#836);
#836 = AXIS2_PLACEMENT_3D('',#837,#838,#839);
#837 = CARTESIAN_POINT('',(-1.016,-3.81,0.));
#838 = DIRECTION('',(0.707106781187,-0.707106781187,0.));
#839 = DIRECTION('',(-0.707106781187,-0.707106781187,0.));
#840 = ADVANCED_FACE('',(#841),#852,.F.);
#841 = FACE_BOUND('',#842,.F.);
#842 = EDGE_LOOP('',(#843,#849,#850,#851));
#843 = ORIENTED_EDGE('',*,*,#844,.T.);
#844 = EDGE_CURVE('',#263,#510,#845,.T.);
#845 = LINE('',#846,#847);
#846 = CARTESIAN_POINT('',(1.016,-3.81,0.));
#847 = VECTOR('',#848,1.);
#848 = DIRECTION('',(0.,0.,1.));
#849 = ORIENTED_EDGE('',*,*,#517,.T.);
#850 = ORIENTED_EDGE('',*,*,#810,.F.);
#851 = ORIENTED_EDGE('',*,*,#270,.F.);
#852 = PLANE('',#853);
#853 = AXIS2_PLACEMENT_3D('',#854,#855,#856);
#854 = CARTESIAN_POINT('',(1.016,-3.81,0.));
#855 = DIRECTION('',(-0.707106781187,0.707106781187,0.));
#856 = DIRECTION('',(0.707106781187,0.707106781187,0.));
#857 = ADVANCED_FACE('',(#858),#869,.F.);
#858 = FACE_BOUND('',#859,.F.);
#859 = EDGE_LOOP('',(#860,#861,#862,#868));
#860 = ORIENTED_EDGE('',*,*,#829,.T.);
#861 = ORIENTED_EDGE('',*,*,#469,.T.);
#862 = ORIENTED_EDGE('',*,*,#863,.F.);
#863 = EDGE_CURVE('',#223,#470,#864,.T.);
#864 = LINE('',#865,#866);
#865 = CARTESIAN_POINT('',(-1.27,-6.096,0.));
#866 = VECTOR('',#867,1.);
#867 = DIRECTION('',(0.,0.,1.));
#868 = ORIENTED_EDGE('',*,*,#222,.F.);
#869 = PLANE('',#870);
#870 = AXIS2_PLACEMENT_3D('',#871,#872,#873);
#871 = CARTESIAN_POINT('',(-1.27,-4.064,0.));
#872 = DIRECTION('',(1.,0.,0.));
#873 = DIRECTION('',(0.,-1.,0.));
#874 = ADVANCED_FACE('',(#875),#886,.F.);
#875 = FACE_BOUND('',#876,.F.);
#876 = EDGE_LOOP('',(#877,#883,#884,#885));
#877 = ORIENTED_EDGE('',*,*,#878,.T.);
#878 = EDGE_CURVE('',#255,#502,#879,.T.);
#879 = LINE('',#880,#881);
#880 = CARTESIAN_POINT('',(1.27,-4.064,0.));
#881 = VECTOR('',#882,1.);
#882 = DIRECTION('',(0.,0.,1.));
#883 = ORIENTED_EDGE('',*,*,#509,.T.);
#884 = ORIENTED_EDGE('',*,*,#844,.F.);
#885 = ORIENTED_EDGE('',*,*,#262,.F.);
#886 = PLANE('',#887);
#887 = AXIS2_PLACEMENT_3D('',#888,#889,#890);
#888 = CARTESIAN_POINT('',(1.27,-4.064,0.));
#889 = DIRECTION('',(-0.707106781187,-0.707106781187,0.));
#890 = DIRECTION('',(-0.707106781187,0.707106781187,0.));
#891 = ADVANCED_FACE('',(#892),#903,.F.);
#892 = FACE_BOUND('',#893,.F.);
#893 = EDGE_LOOP('',(#894,#895,#896,#902));
#894 = ORIENTED_EDGE('',*,*,#863,.T.);
#895 = ORIENTED_EDGE('',*,*,#477,.T.);
#896 = ORIENTED_EDGE('',*,*,#897,.F.);
#897 = EDGE_CURVE('',#231,#478,#898,.T.);
#898 = LINE('',#899,#900);
#899 = CARTESIAN_POINT('',(-1.016,-6.35,0.));
#900 = VECTOR('',#901,1.);
#901 = DIRECTION('',(0.,0.,1.));
#902 = ORIENTED_EDGE('',*,*,#230,.F.);
#903 = PLANE('',#904);
#904 = AXIS2_PLACEMENT_3D('',#905,#906,#907);
#905 = CARTESIAN_POINT('',(-1.27,-6.096,0.));
#906 = DIRECTION('',(0.707106781187,0.707106781187,0.));
#907 = DIRECTION('',(0.707106781187,-0.707106781187,0.));
#908 = ADVANCED_FACE('',(#909),#920,.F.);
#909 = FACE_BOUND('',#910,.F.);
#910 = EDGE_LOOP('',(#911,#917,#918,#919));
#911 = ORIENTED_EDGE('',*,*,#912,.T.);
#912 = EDGE_CURVE('',#247,#494,#913,.T.);
#913 = LINE('',#914,#915);
#914 = CARTESIAN_POINT('',(1.27,-6.096,0.));
#915 = VECTOR('',#916,1.);
#916 = DIRECTION('',(0.,0.,1.));
#917 = ORIENTED_EDGE('',*,*,#501,.T.);
#918 = ORIENTED_EDGE('',*,*,#878,.F.);
#919 = ORIENTED_EDGE('',*,*,#254,.F.);
#920 = PLANE('',#921);
#921 = AXIS2_PLACEMENT_3D('',#922,#923,#924);
#922 = CARTESIAN_POINT('',(1.27,-6.096,0.));
#923 = DIRECTION('',(-1.,0.,0.));
#924 = DIRECTION('',(0.,1.,0.));
#925 = ADVANCED_FACE('',(#926),#937,.F.);
#926 = FACE_BOUND('',#927,.F.);
#927 = EDGE_LOOP('',(#928,#929,#930,#936));
#928 = ORIENTED_EDGE('',*,*,#897,.T.);
#929 = ORIENTED_EDGE('',*,*,#485,.T.);
#930 = ORIENTED_EDGE('',*,*,#931,.F.);
#931 = EDGE_CURVE('',#239,#486,#932,.T.);
#932 = LINE('',#933,#934);
#933 = CARTESIAN_POINT('',(1.016,-6.35,0.));
#934 = VECTOR('',#935,1.);
#935 = DIRECTION('',(0.,0.,1.));
#936 = ORIENTED_EDGE('',*,*,#238,.F.);
#937 = PLANE('',#938);
#938 = AXIS2_PLACEMENT_3D('',#939,#940,#941);
#939 = CARTESIAN_POINT('',(-1.016,-6.35,0.));
#940 = DIRECTION('',(0.,1.,0.));
#941 = DIRECTION('',(1.,0.,0.));
#942 = ADVANCED_FACE('',(#943),#949,.F.);
#943 = FACE_BOUND('',#944,.F.);
#944 = EDGE_LOOP('',(#945,#946,#947,#948));
#945 = ORIENTED_EDGE('',*,*,#931,.T.);
#946 = ORIENTED_EDGE('',*,*,#493,.T.);
#947 = ORIENTED_EDGE('',*,*,#912,.F.);
#948 = ORIENTED_EDGE('',*,*,#246,.F.);
#949 = PLANE('',#950);
#950 = AXIS2_PLACEMENT_3D('',#951,#952,#953);
#951 = CARTESIAN_POINT('',(1.016,-6.35,0.));
#952 = DIRECTION('',(-0.707106781187,0.707106781187,0.));
#953 = DIRECTION('',(0.707106781187,0.707106781187,0.));
#954 = ADVANCED_FACE('',(#955),#980,.T.);
#955 = FACE_BOUND('',#956,.T.);
#956 = EDGE_LOOP('',(#957,#965,#973,#979));
#957 = ORIENTED_EDGE('',*,*,#958,.F.);
#958 = EDGE_CURVE('',#959,#320,#961,.T.);
#959 = VERTEX_POINT('',#960);
#960 = CARTESIAN_POINT('',(0.32,-0.32,-2.84));
#961 = LINE('',#962,#963);
#962 = CARTESIAN_POINT('',(0.32,-0.32,-3.));
#963 = VECTOR('',#964,1.);
#964 = DIRECTION('',(0.,0.,1.));
#965 = ORIENTED_EDGE('',*,*,#966,.T.);
#966 = EDGE_CURVE('',#959,#967,#969,.T.);
#967 = VERTEX_POINT('',#968);
#968 = CARTESIAN_POINT('',(0.32,0.32,-2.84));
#969 = LINE('',#970,#971);
#970 = CARTESIAN_POINT('',(0.32,-0.32,-2.84));
#971 = VECTOR('',#972,1.);
#972 = DIRECTION('',(0.,1.,0.));
#973 = ORIENTED_EDGE('',*,*,#974,.T.);
#974 = EDGE_CURVE('',#967,#322,#975,.T.);
#975 = LINE('',#976,#977);
#976 = CARTESIAN_POINT('',(0.32,0.32,-3.));
#977 = VECTOR('',#978,1.);
#978 = DIRECTION('',(0.,0.,1.));
#979 = ORIENTED_EDGE('',*,*,#319,.F.);
#980 = PLANE('',#981);
#981 = AXIS2_PLACEMENT_3D('',#982,#983,#984);
#982 = CARTESIAN_POINT('',(0.32,-0.32,-3.));
#983 = DIRECTION('',(1.,0.,0.));
#984 = DIRECTION('',(0.,0.,1.));
#985 = ADVANCED_FACE('',(#986),#1004,.T.);
#986 = FACE_BOUND('',#987,.T.);
#987 = EDGE_LOOP('',(#988,#989,#997,#1003));
#988 = ORIENTED_EDGE('',*,*,#974,.F.);
#989 = ORIENTED_EDGE('',*,*,#990,.F.);
#990 = EDGE_CURVE('',#991,#967,#993,.T.);
#991 = VERTEX_POINT('',#992);
#992 = CARTESIAN_POINT('',(-0.32,0.32,-2.84));
#993 = LINE('',#994,#995);
#994 = CARTESIAN_POINT('',(-0.32,0.32,-2.84));
#995 = VECTOR('',#996,1.);
#996 = DIRECTION('',(1.,0.,0.));
#997 = ORIENTED_EDGE('',*,*,#998,.T.);
#998 = EDGE_CURVE('',#991,#338,#999,.T.);
#999 = LINE('',#1000,#1001);
#1000 = CARTESIAN_POINT('',(-0.32,0.32,-3.));
#1001 = VECTOR('',#1002,1.);
#1002 = DIRECTION('',(0.,0.,1.));
#1003 = ORIENTED_EDGE('',*,*,#345,.F.);
#1004 = PLANE('',#1005);
#1005 = AXIS2_PLACEMENT_3D('',#1006,#1007,#1008);
#1006 = CARTESIAN_POINT('',(-0.32,0.32,-3.));
#1007 = DIRECTION('',(0.,1.,0.));
#1008 = DIRECTION('',(0.,-0.,1.));
#1009 = ADVANCED_FACE('',(#1010),#1028,.F.);
#1010 = FACE_BOUND('',#1011,.F.);
#1011 = EDGE_LOOP('',(#1012,#1020,#1026,#1027));
#1012 = ORIENTED_EDGE('',*,*,#1013,.F.);
#1013 = EDGE_CURVE('',#1014,#330,#1016,.T.);
#1014 = VERTEX_POINT('',#1015);
#1015 = CARTESIAN_POINT('',(-0.32,-0.32,-2.84));
#1016 = LINE('',#1017,#1018);
#1017 = CARTESIAN_POINT('',(-0.32,-0.32,-3.));
#1018 = VECTOR('',#1019,1.);
#1019 = DIRECTION('',(0.,0.,1.));
#1020 = ORIENTED_EDGE('',*,*,#1021,.T.);
#1021 = EDGE_CURVE('',#1014,#991,#1022,.T.);
#1022 = LINE('',#1023,#1024);
#1023 = CARTESIAN_POINT('',(-0.32,-0.32,-2.84));
#1024 = VECTOR('',#1025,1.);
#1025 = DIRECTION('',(0.,1.,0.));
#1026 = ORIENTED_EDGE('',*,*,#998,.T.);
#1027 = ORIENTED_EDGE('',*,*,#337,.F.);
#1028 = PLANE('',#1029);
#1029 = AXIS2_PLACEMENT_3D('',#1030,#1031,#1032);
#1030 = CARTESIAN_POINT('',(-0.32,-0.32,-3.));
#1031 = DIRECTION('',(1.,0.,0.));
#1032 = DIRECTION('',(0.,0.,1.));
#1033 = ADVANCED_FACE('',(#1034),#1045,.F.);
#1034 = FACE_BOUND('',#1035,.F.);
#1035 = EDGE_LOOP('',(#1036,#1037,#1043,#1044));
#1036 = ORIENTED_EDGE('',*,*,#958,.F.);
#1037 = ORIENTED_EDGE('',*,*,#1038,.F.);
#1038 = EDGE_CURVE('',#1014,#959,#1039,.T.);
#1039 = LINE('',#1040,#1041);
#1040 = CARTESIAN_POINT('',(-0.32,-0.32,-2.84));
#1041 = VECTOR('',#1042,1.);
#1042 = DIRECTION('',(1.,0.,0.));
#1043 = ORIENTED_EDGE('',*,*,#1013,.T.);
#1044 = ORIENTED_EDGE('',*,*,#329,.F.);
#1045 = PLANE('',#1046);
#1046 = AXIS2_PLACEMENT_3D('',#1047,#1048,#1049);
#1047 = CARTESIAN_POINT('',(-0.32,-0.32,-3.));
#1048 = DIRECTION('',(0.,1.,0.));
#1049 = DIRECTION('',(0.,-0.,1.));
#1050 = ADVANCED_FACE('',(#1051),#1076,.F.);
#1051 = FACE_BOUND('',#1052,.F.);
#1052 = EDGE_LOOP('',(#1053,#1061,#1069,#1075));
#1053 = ORIENTED_EDGE('',*,*,#1054,.F.);
#1054 = EDGE_CURVE('',#1055,#354,#1057,.T.);
#1055 = VERTEX_POINT('',#1056);
#1056 = CARTESIAN_POINT('',(0.32,-2.86,-2.84));
#1057 = LINE('',#1058,#1059);
#1058 = CARTESIAN_POINT('',(0.32,-2.86,-3.));
#1059 = VECTOR('',#1060,1.);
#1060 = DIRECTION('',(0.,0.,1.));
#1061 = ORIENTED_EDGE('',*,*,#1062,.F.);
#1062 = EDGE_CURVE('',#1063,#1055,#1065,.T.);
#1063 = VERTEX_POINT('',#1064);
#1064 = CARTESIAN_POINT('',(-0.32,-2.86,-2.84));
#1065 = LINE('',#1066,#1067);
#1066 = CARTESIAN_POINT('',(-0.32,-2.86,-2.84));
#1067 = VECTOR('',#1068,1.);
#1068 = DIRECTION('',(1.,0.,0.));
#1069 = ORIENTED_EDGE('',*,*,#1070,.T.);
#1070 = EDGE_CURVE('',#1063,#356,#1071,.T.);
#1071 = LINE('',#1072,#1073);
#1072 = CARTESIAN_POINT('',(-0.32,-2.86,-3.));
#1073 = VECTOR('',#1074,1.);
#1074 = DIRECTION('',(0.,0.,1.));
#1075 = ORIENTED_EDGE('',*,*,#353,.F.);
#1076 = PLANE('',#1077);
#1077 = AXIS2_PLACEMENT_3D('',#1078,#1079,#1080);
#1078 = CARTESIAN_POINT('',(-0.32,-2.86,-3.));
#1079 = DIRECTION('',(0.,1.,0.));
#1080 = DIRECTION('',(0.,-0.,1.));
#1081 = ADVANCED_FACE('',(#1082),#1100,.T.);
#1082 = FACE_BOUND('',#1083,.T.);
#1083 = EDGE_LOOP('',(#1084,#1085,#1093,#1099));
#1084 = ORIENTED_EDGE('',*,*,#1054,.F.);
#1085 = ORIENTED_EDGE('',*,*,#1086,.T.);
#1086 = EDGE_CURVE('',#1055,#1087,#1089,.T.);
#1087 = VERTEX_POINT('',#1088);
#1088 = CARTESIAN_POINT('',(0.32,-2.22,-2.84));
#1089 = LINE('',#1090,#1091);
#1090 = CARTESIAN_POINT('',(0.32,-2.86,-2.84));
#1091 = VECTOR('',#1092,1.);
#1092 = DIRECTION('',(0.,1.,0.));
#1093 = ORIENTED_EDGE('',*,*,#1094,.T.);
#1094 = EDGE_CURVE('',#1087,#372,#1095,.T.);
#1095 = LINE('',#1096,#1097);
#1096 = CARTESIAN_POINT('',(0.32,-2.22,-3.));
#1097 = VECTOR('',#1098,1.);
#1098 = DIRECTION('',(0.,0.,1.));
#1099 = ORIENTED_EDGE('',*,*,#379,.F.);
#1100 = PLANE('',#1101);
#1101 = AXIS2_PLACEMENT_3D('',#1102,#1103,#1104);
#1102 = CARTESIAN_POINT('',(0.32,-2.86,-3.));
#1103 = DIRECTION('',(1.,0.,0.));
#1104 = DIRECTION('',(0.,0.,1.));
#1105 = ADVANCED_FACE('',(#1106),#1124,.T.);
#1106 = FACE_BOUND('',#1107,.T.);
#1107 = EDGE_LOOP('',(#1108,#1109,#1117,#1123));
#1108 = ORIENTED_EDGE('',*,*,#1094,.F.);
#1109 = ORIENTED_EDGE('',*,*,#1110,.F.);
#1110 = EDGE_CURVE('',#1111,#1087,#1113,.T.);
#1111 = VERTEX_POINT('',#1112);
#1112 = CARTESIAN_POINT('',(-0.32,-2.22,-2.84));
#1113 = LINE('',#1114,#1115);
#1114 = CARTESIAN_POINT('',(-0.32,-2.22,-2.84));
#1115 = VECTOR('',#1116,1.);
#1116 = DIRECTION('',(1.,0.,0.));
#1117 = ORIENTED_EDGE('',*,*,#1118,.T.);
#1118 = EDGE_CURVE('',#1111,#364,#1119,.T.);
#1119 = LINE('',#1120,#1121);
#1120 = CARTESIAN_POINT('',(-0.32,-2.22,-3.));
#1121 = VECTOR('',#1122,1.);
#1122 = DIRECTION('',(0.,0.,1.));
#1123 = ORIENTED_EDGE('',*,*,#371,.F.);
#1124 = PLANE('',#1125);
#1125 = AXIS2_PLACEMENT_3D('',#1126,#1127,#1128);
#1126 = CARTESIAN_POINT('',(-0.32,-2.22,-3.));
#1127 = DIRECTION('',(0.,1.,0.));
#1128 = DIRECTION('',(0.,-0.,1.));
#1129 = ADVANCED_FACE('',(#1130),#1141,.F.);
#1130 = FACE_BOUND('',#1131,.F.);
#1131 = EDGE_LOOP('',(#1132,#1133,#1139,#1140));
#1132 = ORIENTED_EDGE('',*,*,#1070,.F.);
#1133 = ORIENTED_EDGE('',*,*,#1134,.T.);
#1134 = EDGE_CURVE('',#1063,#1111,#1135,.T.);
#1135 = LINE('',#1136,#1137);
#1136 = CARTESIAN_POINT('',(-0.32,-2.86,-2.84));
#1137 = VECTOR('',#1138,1.);
#1138 = DIRECTION('',(0.,1.,0.));
#1139 = ORIENTED_EDGE('',*,*,#1118,.T.);
#1140 = ORIENTED_EDGE('',*,*,#363,.F.);
#1141 = PLANE('',#1142);
#1142 = AXIS2_PLACEMENT_3D('',#1143,#1144,#1145);
#1143 = CARTESIAN_POINT('',(-0.32,-2.86,-3.));
#1144 = DIRECTION('',(1.,0.,0.));
#1145 = DIRECTION('',(0.,0.,1.));
#1146 = ADVANCED_FACE('',(#1147),#1172,.T.);
#1147 = FACE_BOUND('',#1148,.T.);
#1148 = EDGE_LOOP('',(#1149,#1157,#1165,#1171));
#1149 = ORIENTED_EDGE('',*,*,#1150,.F.);
#1150 = EDGE_CURVE('',#1151,#388,#1153,.T.);
#1151 = VERTEX_POINT('',#1152);
#1152 = CARTESIAN_POINT('',(0.32,-4.76,-2.84));
#1153 = LINE('',#1154,#1155);
#1154 = CARTESIAN_POINT('',(0.32,-4.76,-3.));
#1155 = VECTOR('',#1156,1.);
#1156 = DIRECTION('',(0.,0.,1.));
#1157 = ORIENTED_EDGE('',*,*,#1158,.F.);
#1158 = EDGE_CURVE('',#1159,#1151,#1161,.T.);
#1159 = VERTEX_POINT('',#1160);
#1160 = CARTESIAN_POINT('',(-0.32,-4.76,-2.84));
#1161 = LINE('',#1162,#1163);
#1162 = CARTESIAN_POINT('',(-0.32,-4.76,-2.84));
#1163 = VECTOR('',#1164,1.);
#1164 = DIRECTION('',(1.,0.,0.));
#1165 = ORIENTED_EDGE('',*,*,#1166,.T.);
#1166 = EDGE_CURVE('',#1159,#390,#1167,.T.);
#1167 = LINE('',#1168,#1169);
#1168 = CARTESIAN_POINT('',(-0.32,-4.76,-3.));
#1169 = VECTOR('',#1170,1.);
#1170 = DIRECTION('',(0.,0.,1.));
#1171 = ORIENTED_EDGE('',*,*,#387,.F.);
#1172 = PLANE('',#1173);
#1173 = AXIS2_PLACEMENT_3D('',#1174,#1175,#1176);
#1174 = CARTESIAN_POINT('',(-0.32,-4.76,-3.));
#1175 = DIRECTION('',(0.,1.,0.));
#1176 = DIRECTION('',(0.,-0.,1.));
#1177 = ADVANCED_FACE('',(#1178),#1196,.F.);
#1178 = FACE_BOUND('',#1179,.F.);
#1179 = EDGE_LOOP('',(#1180,#1188,#1194,#1195));
#1180 = ORIENTED_EDGE('',*,*,#1181,.F.);
#1181 = EDGE_CURVE('',#1182,#406,#1184,.T.);
#1182 = VERTEX_POINT('',#1183);
#1183 = CARTESIAN_POINT('',(-0.32,-5.4,-2.84));
#1184 = LINE('',#1185,#1186);
#1185 = CARTESIAN_POINT('',(-0.32,-5.4,-3.));
#1186 = VECTOR('',#1187,1.);
#1187 = DIRECTION('',(0.,0.,1.));
#1188 = ORIENTED_EDGE('',*,*,#1189,.T.);
#1189 = EDGE_CURVE('',#1182,#1159,#1190,.T.);
#1190 = LINE('',#1191,#1192);
#1191 = CARTESIAN_POINT('',(-0.32,-5.4,-2.84));
#1192 = VECTOR('',#1193,1.);
#1193 = DIRECTION('',(0.,1.,0.));
#1194 = ORIENTED_EDGE('',*,*,#1166,.T.);
#1195 = ORIENTED_EDGE('',*,*,#413,.F.);
#1196 = PLANE('',#1197);
#1197 = AXIS2_PLACEMENT_3D('',#1198,#1199,#1200);
#1198 = CARTESIAN_POINT('',(-0.32,-5.4,-3.));
#1199 = DIRECTION('',(1.,0.,0.));
#1200 = DIRECTION('',(0.,0.,1.));
#1201 = ADVANCED_FACE('',(#1202),#1220,.F.);
#1202 = FACE_BOUND('',#1203,.F.);
#1203 = EDGE_LOOP('',(#1204,#1212,#1218,#1219));
#1204 = ORIENTED_EDGE('',*,*,#1205,.F.);
#1205 = EDGE_CURVE('',#1206,#398,#1208,.T.);
#1206 = VERTEX_POINT('',#1207);
#1207 = CARTESIAN_POINT('',(0.32,-5.4,-2.84));
#1208 = LINE('',#1209,#1210);
#1209 = CARTESIAN_POINT('',(0.32,-5.4,-3.));
#1210 = VECTOR('',#1211,1.);
#1211 = DIRECTION('',(0.,0.,1.));
#1212 = ORIENTED_EDGE('',*,*,#1213,.F.);
#1213 = EDGE_CURVE('',#1182,#1206,#1214,.T.);
#1214 = LINE('',#1215,#1216);
#1215 = CARTESIAN_POINT('',(-0.32,-5.4,-2.84));
#1216 = VECTOR('',#1217,1.);
#1217 = DIRECTION('',(1.,0.,0.));
#1218 = ORIENTED_EDGE('',*,*,#1181,.T.);
#1219 = ORIENTED_EDGE('',*,*,#405,.F.);
#1220 = PLANE('',#1221);
#1221 = AXIS2_PLACEMENT_3D('',#1222,#1223,#1224);
#1222 = CARTESIAN_POINT('',(-0.32,-5.4,-3.));
#1223 = DIRECTION('',(0.,1.,0.));
#1224 = DIRECTION('',(0.,-0.,1.));
#1225 = ADVANCED_FACE('',(#1226),#1237,.T.);
#1226 = FACE_BOUND('',#1227,.T.);
#1227 = EDGE_LOOP('',(#1228,#1229,#1235,#1236));
#1228 = ORIENTED_EDGE('',*,*,#1205,.F.);
#1229 = ORIENTED_EDGE('',*,*,#1230,.T.);
#1230 = EDGE_CURVE('',#1206,#1151,#1231,.T.);
#1231 = LINE('',#1232,#1233);
#1232 = CARTESIAN_POINT('',(0.32,-5.4,-2.84));
#1233 = VECTOR('',#1234,1.);
#1234 = DIRECTION('',(0.,1.,0.));
#1235 = ORIENTED_EDGE('',*,*,#1150,.T.);
#1236 = ORIENTED_EDGE('',*,*,#397,.F.);
#1237 = PLANE('',#1238);
#1238 = AXIS2_PLACEMENT_3D('',#1239,#1240,#1241);
#1239 = CARTESIAN_POINT('',(0.32,-5.4,-3.));
#1240 = DIRECTION('',(1.,0.,0.));
#1241 = DIRECTION('',(0.,0.,1.));
#1242 = ADVANCED_FACE('',(#1243),#1268,.T.);
#1243 = FACE_BOUND('',#1244,.T.);
#1244 = EDGE_LOOP('',(#1245,#1253,#1254,#1262));
#1245 = ORIENTED_EDGE('',*,*,#1246,.F.);
#1246 = EDGE_CURVE('',#567,#1247,#1249,.T.);
#1247 = VERTEX_POINT('',#1248);
#1248 = CARTESIAN_POINT('',(0.32,-0.32,8.38));
#1249 = LINE('',#1250,#1251);
#1250 = CARTESIAN_POINT('',(0.32,-0.32,-3.));
#1251 = VECTOR('',#1252,1.);
#1252 = DIRECTION('',(0.,0.,1.));
#1253 = ORIENTED_EDGE('',*,*,#566,.T.);
#1254 = ORIENTED_EDGE('',*,*,#1255,.T.);
#1255 = EDGE_CURVE('',#569,#1256,#1258,.T.);
#1256 = VERTEX_POINT('',#1257);
#1257 = CARTESIAN_POINT('',(0.32,0.32,8.38));
#1258 = LINE('',#1259,#1260);
#1259 = CARTESIAN_POINT('',(0.32,0.32,-3.));
#1260 = VECTOR('',#1261,1.);
#1261 = DIRECTION('',(0.,0.,1.));
#1262 = ORIENTED_EDGE('',*,*,#1263,.F.);
#1263 = EDGE_CURVE('',#1247,#1256,#1264,.T.);
#1264 = LINE('',#1265,#1266);
#1265 = CARTESIAN_POINT('',(0.32,-0.32,8.38));
#1266 = VECTOR('',#1267,1.);
#1267 = DIRECTION('',(0.,1.,0.));
#1268 = PLANE('',#1269);
#1269 = AXIS2_PLACEMENT_3D('',#1270,#1271,#1272);
#1270 = CARTESIAN_POINT('',(0.32,-0.32,-3.));
#1271 = DIRECTION('',(1.,0.,0.));
#1272 = DIRECTION('',(0.,0.,1.));
#1273 = ADVANCED_FACE('',(#1274),#1292,.T.);
#1274 = FACE_BOUND('',#1275,.T.);
#1275 = EDGE_LOOP('',(#1276,#1277,#1278,#1286));
#1276 = ORIENTED_EDGE('',*,*,#1255,.F.);
#1277 = ORIENTED_EDGE('',*,*,#592,.T.);
#1278 = ORIENTED_EDGE('',*,*,#1279,.T.);
#1279 = EDGE_CURVE('',#585,#1280,#1282,.T.);
#1280 = VERTEX_POINT('',#1281);
#1281 = CARTESIAN_POINT('',(-0.32,0.32,8.38));
#1282 = LINE('',#1283,#1284);
#1283 = CARTESIAN_POINT('',(-0.32,0.32,-3.));
#1284 = VECTOR('',#1285,1.);
#1285 = DIRECTION('',(0.,0.,1.));
#1286 = ORIENTED_EDGE('',*,*,#1287,.T.);
#1287 = EDGE_CURVE('',#1280,#1256,#1288,.T.);
#1288 = LINE('',#1289,#1290);
#1289 = CARTESIAN_POINT('',(-0.32,0.32,8.38));
#1290 = VECTOR('',#1291,1.);
#1291 = DIRECTION('',(1.,0.,0.));
#1292 = PLANE('',#1293);
#1293 = AXIS2_PLACEMENT_3D('',#1294,#1295,#1296);
#1294 = CARTESIAN_POINT('',(-0.32,0.32,-3.));
#1295 = DIRECTION('',(0.,1.,0.));
#1296 = DIRECTION('',(0.,-0.,1.));
#1297 = ADVANCED_FACE('',(#1298),#1316,.F.);
#1298 = FACE_BOUND('',#1299,.F.);
#1299 = EDGE_LOOP('',(#1300,#1308,#1309,#1310));
#1300 = ORIENTED_EDGE('',*,*,#1301,.F.);
#1301 = EDGE_CURVE('',#577,#1302,#1304,.T.);
#1302 = VERTEX_POINT('',#1303);
#1303 = CARTESIAN_POINT('',(-0.32,-0.32,8.38));
#1304 = LINE('',#1305,#1306);
#1305 = CARTESIAN_POINT('',(-0.32,-0.32,-3.));
#1306 = VECTOR('',#1307,1.);
#1307 = DIRECTION('',(0.,0.,1.));
#1308 = ORIENTED_EDGE('',*,*,#584,.T.);
#1309 = ORIENTED_EDGE('',*,*,#1279,.T.);
#1310 = ORIENTED_EDGE('',*,*,#1311,.F.);
#1311 = EDGE_CURVE('',#1302,#1280,#1312,.T.);
#1312 = LINE('',#1313,#1314);
#1313 = CARTESIAN_POINT('',(-0.32,-0.32,8.38));
#1314 = VECTOR('',#1315,1.);
#1315 = DIRECTION('',(0.,1.,0.));
#1316 = PLANE('',#1317);
#1317 = AXIS2_PLACEMENT_3D('',#1318,#1319,#1320);
#1318 = CARTESIAN_POINT('',(-0.32,-0.32,-3.));
#1319 = DIRECTION('',(1.,0.,0.));
#1320 = DIRECTION('',(0.,0.,1.));
#1321 = ADVANCED_FACE('',(#1322),#1333,.F.);
#1322 = FACE_BOUND('',#1323,.F.);
#1323 = EDGE_LOOP('',(#1324,#1325,#1326,#1327));
#1324 = ORIENTED_EDGE('',*,*,#1246,.F.);
#1325 = ORIENTED_EDGE('',*,*,#576,.T.);
#1326 = ORIENTED_EDGE('',*,*,#1301,.T.);
#1327 = ORIENTED_EDGE('',*,*,#1328,.T.);
#1328 = EDGE_CURVE('',#1302,#1247,#1329,.T.);
#1329 = LINE('',#1330,#1331);
#1330 = CARTESIAN_POINT('',(-0.32,-0.32,8.38));
#1331 = VECTOR('',#1332,1.);
#1332 = DIRECTION('',(1.,0.,0.));
#1333 = PLANE('',#1334);
#1334 = AXIS2_PLACEMENT_3D('',#1335,#1336,#1337);
#1335 = CARTESIAN_POINT('',(-0.32,-0.32,-3.));
#1336 = DIRECTION('',(0.,1.,0.));
#1337 = DIRECTION('',(0.,-0.,1.));
#1338 = ADVANCED_FACE('',(#1339),#1364,.F.);
#1339 = FACE_BOUND('',#1340,.F.);
#1340 = EDGE_LOOP('',(#1341,#1349,#1350,#1358));
#1341 = ORIENTED_EDGE('',*,*,#1342,.F.);
#1342 = EDGE_CURVE('',#601,#1343,#1345,.T.);
#1343 = VERTEX_POINT('',#1344);
#1344 = CARTESIAN_POINT('',(0.32,-2.86,8.38));
#1345 = LINE('',#1346,#1347);
#1346 = CARTESIAN_POINT('',(0.32,-2.86,-3.));
#1347 = VECTOR('',#1348,1.);
#1348 = DIRECTION('',(0.,0.,1.));
#1349 = ORIENTED_EDGE('',*,*,#600,.T.);
#1350 = ORIENTED_EDGE('',*,*,#1351,.T.);
#1351 = EDGE_CURVE('',#603,#1352,#1354,.T.);
#1352 = VERTEX_POINT('',#1353);
#1353 = CARTESIAN_POINT('',(-0.32,-2.86,8.38));
#1354 = LINE('',#1355,#1356);
#1355 = CARTESIAN_POINT('',(-0.32,-2.86,-3.));
#1356 = VECTOR('',#1357,1.);
#1357 = DIRECTION('',(0.,0.,1.));
#1358 = ORIENTED_EDGE('',*,*,#1359,.T.);
#1359 = EDGE_CURVE('',#1352,#1343,#1360,.T.);
#1360 = LINE('',#1361,#1362);
#1361 = CARTESIAN_POINT('',(-0.32,-2.86,8.38));
#1362 = VECTOR('',#1363,1.);
#1363 = DIRECTION('',(1.,0.,0.));
#1364 = PLANE('',#1365);
#1365 = AXIS2_PLACEMENT_3D('',#1366,#1367,#1368);
#1366 = CARTESIAN_POINT('',(-0.32,-2.86,-3.));
#1367 = DIRECTION('',(0.,1.,0.));
#1368 = DIRECTION('',(0.,-0.,1.));
#1369 = ADVANCED_FACE('',(#1370),#1388,.T.);
#1370 = FACE_BOUND('',#1371,.T.);
#1371 = EDGE_LOOP('',(#1372,#1373,#1374,#1382));
#1372 = ORIENTED_EDGE('',*,*,#1342,.F.);
#1373 = ORIENTED_EDGE('',*,*,#626,.T.);
#1374 = ORIENTED_EDGE('',*,*,#1375,.T.);
#1375 = EDGE_CURVE('',#619,#1376,#1378,.T.);
#1376 = VERTEX_POINT('',#1377);
#1377 = CARTESIAN_POINT('',(0.32,-2.22,8.38));
#1378 = LINE('',#1379,#1380);
#1379 = CARTESIAN_POINT('',(0.32,-2.22,-3.));
#1380 = VECTOR('',#1381,1.);
#1381 = DIRECTION('',(0.,0.,1.));
#1382 = ORIENTED_EDGE('',*,*,#1383,.F.);
#1383 = EDGE_CURVE('',#1343,#1376,#1384,.T.);
#1384 = LINE('',#1385,#1386);
#1385 = CARTESIAN_POINT('',(0.32,-2.86,8.38));
#1386 = VECTOR('',#1387,1.);
#1387 = DIRECTION('',(0.,1.,0.));
#1388 = PLANE('',#1389);
#1389 = AXIS2_PLACEMENT_3D('',#1390,#1391,#1392);
#1390 = CARTESIAN_POINT('',(0.32,-2.86,-3.));
#1391 = DIRECTION('',(1.,0.,0.));
#1392 = DIRECTION('',(0.,0.,1.));
#1393 = ADVANCED_FACE('',(#1394),#1412,.T.);
#1394 = FACE_BOUND('',#1395,.T.);
#1395 = EDGE_LOOP('',(#1396,#1397,#1398,#1406));
#1396 = ORIENTED_EDGE('',*,*,#1375,.F.);
#1397 = ORIENTED_EDGE('',*,*,#618,.T.);
#1398 = ORIENTED_EDGE('',*,*,#1399,.T.);
#1399 = EDGE_CURVE('',#611,#1400,#1402,.T.);
#1400 = VERTEX_POINT('',#1401);
#1401 = CARTESIAN_POINT('',(-0.32,-2.22,8.38));
#1402 = LINE('',#1403,#1404);
#1403 = CARTESIAN_POINT('',(-0.32,-2.22,-3.));
#1404 = VECTOR('',#1405,1.);
#1405 = DIRECTION('',(0.,0.,1.));
#1406 = ORIENTED_EDGE('',*,*,#1407,.T.);
#1407 = EDGE_CURVE('',#1400,#1376,#1408,.T.);
#1408 = LINE('',#1409,#1410);
#1409 = CARTESIAN_POINT('',(-0.32,-2.22,8.38));
#1410 = VECTOR('',#1411,1.);
#1411 = DIRECTION('',(1.,0.,0.));
#1412 = PLANE('',#1413);
#1413 = AXIS2_PLACEMENT_3D('',#1414,#1415,#1416);
#1414 = CARTESIAN_POINT('',(-0.32,-2.22,-3.));
#1415 = DIRECTION('',(0.,1.,0.));
#1416 = DIRECTION('',(0.,-0.,1.));
#1417 = ADVANCED_FACE('',(#1418),#1429,.F.);
#1418 = FACE_BOUND('',#1419,.F.);
#1419 = EDGE_LOOP('',(#1420,#1421,#1422,#1423));
#1420 = ORIENTED_EDGE('',*,*,#1351,.F.);
#1421 = ORIENTED_EDGE('',*,*,#610,.T.);
#1422 = ORIENTED_EDGE('',*,*,#1399,.T.);
#1423 = ORIENTED_EDGE('',*,*,#1424,.F.);
#1424 = EDGE_CURVE('',#1352,#1400,#1425,.T.);
#1425 = LINE('',#1426,#1427);
#1426 = CARTESIAN_POINT('',(-0.32,-2.86,8.38));
#1427 = VECTOR('',#1428,1.);
#1428 = DIRECTION('',(0.,1.,0.));
#1429 = PLANE('',#1430);
#1430 = AXIS2_PLACEMENT_3D('',#1431,#1432,#1433);
#1431 = CARTESIAN_POINT('',(-0.32,-2.86,-3.));
#1432 = DIRECTION('',(1.,0.,0.));
#1433 = DIRECTION('',(0.,0.,1.));
#1434 = ADVANCED_FACE('',(#1435),#1460,.T.);
#1435 = FACE_BOUND('',#1436,.T.);
#1436 = EDGE_LOOP('',(#1437,#1445,#1446,#1454));
#1437 = ORIENTED_EDGE('',*,*,#1438,.F.);
#1438 = EDGE_CURVE('',#635,#1439,#1441,.T.);
#1439 = VERTEX_POINT('',#1440);
#1440 = CARTESIAN_POINT('',(0.32,-4.76,8.38));
#1441 = LINE('',#1442,#1443);
#1442 = CARTESIAN_POINT('',(0.32,-4.76,-3.));
#1443 = VECTOR('',#1444,1.);
#1444 = DIRECTION('',(0.,0.,1.));
#1445 = ORIENTED_EDGE('',*,*,#634,.T.);
#1446 = ORIENTED_EDGE('',*,*,#1447,.T.);
#1447 = EDGE_CURVE('',#637,#1448,#1450,.T.);
#1448 = VERTEX_POINT('',#1449);
#1449 = CARTESIAN_POINT('',(-0.32,-4.76,8.38));
#1450 = LINE('',#1451,#1452);
#1451 = CARTESIAN_POINT('',(-0.32,-4.76,-3.));
#1452 = VECTOR('',#1453,1.);
#1453 = DIRECTION('',(0.,0.,1.));
#1454 = ORIENTED_EDGE('',*,*,#1455,.T.);
#1455 = EDGE_CURVE('',#1448,#1439,#1456,.T.);
#1456 = LINE('',#1457,#1458);
#1457 = CARTESIAN_POINT('',(-0.32,-4.76,8.38));
#1458 = VECTOR('',#1459,1.);
#1459 = DIRECTION('',(1.,0.,0.));
#1460 = PLANE('',#1461);
#1461 = AXIS2_PLACEMENT_3D('',#1462,#1463,#1464);
#1462 = CARTESIAN_POINT('',(-0.32,-4.76,-3.));
#1463 = DIRECTION('',(0.,1.,0.));
#1464 = DIRECTION('',(0.,-0.,1.));
#1465 = ADVANCED_FACE('',(#1466),#1484,.F.);
#1466 = FACE_BOUND('',#1467,.F.);
#1467 = EDGE_LOOP('',(#1468,#1476,#1477,#1478));
#1468 = ORIENTED_EDGE('',*,*,#1469,.F.);
#1469 = EDGE_CURVE('',#653,#1470,#1472,.T.);
#1470 = VERTEX_POINT('',#1471);
#1471 = CARTESIAN_POINT('',(-0.32,-5.4,8.38));
#1472 = LINE('',#1473,#1474);
#1473 = CARTESIAN_POINT('',(-0.32,-5.4,-3.));
#1474 = VECTOR('',#1475,1.);
#1475 = DIRECTION('',(0.,0.,1.));
#1476 = ORIENTED_EDGE('',*,*,#660,.T.);
#1477 = ORIENTED_EDGE('',*,*,#1447,.T.);
#1478 = ORIENTED_EDGE('',*,*,#1479,.F.);
#1479 = EDGE_CURVE('',#1470,#1448,#1480,.T.);
#1480 = LINE('',#1481,#1482);
#1481 = CARTESIAN_POINT('',(-0.32,-5.4,8.38));
#1482 = VECTOR('',#1483,1.);
#1483 = DIRECTION('',(0.,1.,0.));
#1484 = PLANE('',#1485);
#1485 = AXIS2_PLACEMENT_3D('',#1486,#1487,#1488);
#1486 = CARTESIAN_POINT('',(-0.32,-5.4,-3.));
#1487 = DIRECTION('',(1.,0.,0.));
#1488 = DIRECTION('',(0.,0.,1.));
#1489 = ADVANCED_FACE('',(#1490),#1508,.F.);
#1490 = FACE_BOUND('',#1491,.F.);
#1491 = EDGE_LOOP('',(#1492,#1500,#1501,#1502));
#1492 = ORIENTED_EDGE('',*,*,#1493,.F.);
#1493 = EDGE_CURVE('',#645,#1494,#1496,.T.);
#1494 = VERTEX_POINT('',#1495);
#1495 = CARTESIAN_POINT('',(0.32,-5.4,8.38));
#1496 = LINE('',#1497,#1498);
#1497 = CARTESIAN_POINT('',(0.32,-5.4,-3.));
#1498 = VECTOR('',#1499,1.);
#1499 = DIRECTION('',(0.,0.,1.));
#1500 = ORIENTED_EDGE('',*,*,#652,.T.);
#1501 = ORIENTED_EDGE('',*,*,#1469,.T.);
#1502 = ORIENTED_EDGE('',*,*,#1503,.T.);
#1503 = EDGE_CURVE('',#1470,#1494,#1504,.T.);
#1504 = LINE('',#1505,#1506);
#1505 = CARTESIAN_POINT('',(-0.32,-5.4,8.38));
#1506 = VECTOR('',#1507,1.);
#1507 = DIRECTION('',(1.,0.,0.));
#1508 = PLANE('',#1509);
#1509 = AXIS2_PLACEMENT_3D('',#1510,#1511,#1512);
#1510 = CARTESIAN_POINT('',(-0.32,-5.4,-3.));
#1511 = DIRECTION('',(0.,1.,0.));
#1512 = DIRECTION('',(0.,-0.,1.));
#1513 = ADVANCED_FACE('',(#1514),#1525,.T.);
#1514 = FACE_BOUND('',#1515,.T.);
#1515 = EDGE_LOOP('',(#1516,#1517,#1518,#1519));
#1516 = ORIENTED_EDGE('',*,*,#1493,.F.);
#1517 = ORIENTED_EDGE('',*,*,#644,.T.);
#1518 = ORIENTED_EDGE('',*,*,#1438,.T.);
#1519 = ORIENTED_EDGE('',*,*,#1520,.F.);
#1520 = EDGE_CURVE('',#1494,#1439,#1521,.T.);
#1521 = LINE('',#1522,#1523);
#1522 = CARTESIAN_POINT('',(0.32,-5.4,8.38));
#1523 = VECTOR('',#1524,1.);
#1524 = DIRECTION('',(0.,1.,0.));
#1525 = PLANE('',#1526);
#1526 = AXIS2_PLACEMENT_3D('',#1527,#1528,#1529);
#1527 = CARTESIAN_POINT('',(0.32,-5.4,-3.));
#1528 = DIRECTION('',(1.,0.,0.));
#1529 = DIRECTION('',(0.,0.,1.));
#1530 = ADVANCED_FACE('',(#1531),#1556,.F.);
#1531 = FACE_BOUND('',#1532,.F.);
#1532 = EDGE_LOOP('',(#1533,#1541,#1542,#1550));
#1533 = ORIENTED_EDGE('',*,*,#1534,.F.);
#1534 = EDGE_CURVE('',#959,#1535,#1537,.T.);
#1535 = VERTEX_POINT('',#1536);
#1536 = CARTESIAN_POINT('',(0.16,-0.16,-3.));
#1537 = LINE('',#1538,#1539);
#1538 = CARTESIAN_POINT('',(0.16,-0.16,-3.));
#1539 = VECTOR('',#1540,1.);
#1540 = DIRECTION('',(-0.57735026919,0.57735026919,-0.57735026919));
#1541 = ORIENTED_EDGE('',*,*,#966,.T.);
#1542 = ORIENTED_EDGE('',*,*,#1543,.T.);
#1543 = EDGE_CURVE('',#967,#1544,#1546,.T.);
#1544 = VERTEX_POINT('',#1545);
#1545 = CARTESIAN_POINT('',(0.16,0.16,-3.));
#1546 = LINE('',#1547,#1548);
#1547 = CARTESIAN_POINT('',(5.333333333333E-02,5.333333333333E-02,
    -3.106666666667));
#1548 = VECTOR('',#1549,1.);
#1549 = DIRECTION('',(-0.57735026919,-0.57735026919,-0.57735026919));
#1550 = ORIENTED_EDGE('',*,*,#1551,.F.);
#1551 = EDGE_CURVE('',#1535,#1544,#1552,.T.);
#1552 = LINE('',#1553,#1554);
#1553 = CARTESIAN_POINT('',(0.16,-0.32,-3.));
#1554 = VECTOR('',#1555,1.);
#1555 = DIRECTION('',(0.,1.,0.));
#1556 = PLANE('',#1557);
#1557 = AXIS2_PLACEMENT_3D('',#1558,#1559,#1560);
#1558 = CARTESIAN_POINT('',(0.24,-0.32,-2.92));
#1559 = DIRECTION('',(-0.707106781187,1.735167508357E-18,0.707106781187)
  );
#1560 = DIRECTION('',(1.226948711654E-18,1.,-1.226948711654E-18));
#1561 = ADVANCED_FACE('',(#1562),#1580,.F.);
#1562 = FACE_BOUND('',#1563,.T.);
#1563 = EDGE_LOOP('',(#1564,#1572,#1573,#1574));
#1564 = ORIENTED_EDGE('',*,*,#1565,.F.);
#1565 = EDGE_CURVE('',#991,#1566,#1568,.T.);
#1566 = VERTEX_POINT('',#1567);
#1567 = CARTESIAN_POINT('',(-0.16,0.16,-3.));
#1568 = LINE('',#1569,#1570);
#1569 = CARTESIAN_POINT('',(-0.16,0.16,-3.));
#1570 = VECTOR('',#1571,1.);
#1571 = DIRECTION('',(0.57735026919,-0.57735026919,-0.57735026919));
#1572 = ORIENTED_EDGE('',*,*,#990,.T.);
#1573 = ORIENTED_EDGE('',*,*,#1543,.T.);
#1574 = ORIENTED_EDGE('',*,*,#1575,.F.);
#1575 = EDGE_CURVE('',#1566,#1544,#1576,.T.);
#1576 = LINE('',#1577,#1578);
#1577 = CARTESIAN_POINT('',(-0.32,0.16,-3.));
#1578 = VECTOR('',#1579,1.);
#1579 = DIRECTION('',(1.,0.,0.));
#1580 = PLANE('',#1581);
#1581 = AXIS2_PLACEMENT_3D('',#1582,#1583,#1584);
#1582 = CARTESIAN_POINT('',(-0.32,0.24,-2.92));
#1583 = DIRECTION('',(-1.735167508357E-18,-0.707106781187,0.707106781187
    ));
#1584 = DIRECTION('',(-1.,1.226948711654E-18,-1.226948711654E-18));
#1585 = ADVANCED_FACE('',(#1586),#1604,.T.);
#1586 = FACE_BOUND('',#1587,.T.);
#1587 = EDGE_LOOP('',(#1588,#1596,#1597,#1598));
#1588 = ORIENTED_EDGE('',*,*,#1589,.F.);
#1589 = EDGE_CURVE('',#1014,#1590,#1592,.T.);
#1590 = VERTEX_POINT('',#1591);
#1591 = CARTESIAN_POINT('',(-0.16,-0.16,-3.));
#1592 = LINE('',#1593,#1594);
#1593 = CARTESIAN_POINT('',(-0.266666666667,-0.266666666667,
    -2.893333333333));
#1594 = VECTOR('',#1595,1.);
#1595 = DIRECTION('',(0.57735026919,0.57735026919,-0.57735026919));
#1596 = ORIENTED_EDGE('',*,*,#1021,.T.);
#1597 = ORIENTED_EDGE('',*,*,#1565,.T.);
#1598 = ORIENTED_EDGE('',*,*,#1599,.F.);
#1599 = EDGE_CURVE('',#1590,#1566,#1600,.T.);
#1600 = LINE('',#1601,#1602);
#1601 = CARTESIAN_POINT('',(-0.16,-0.32,-3.));
#1602 = VECTOR('',#1603,1.);
#1603 = DIRECTION('',(0.,1.,0.));
#1604 = PLANE('',#1605);
#1605 = AXIS2_PLACEMENT_3D('',#1606,#1607,#1608);
#1606 = CARTESIAN_POINT('',(-0.24,-0.32,-2.92));
#1607 = DIRECTION('',(-0.707106781187,-1.735167508357E-18,
    -0.707106781187));
#1608 = DIRECTION('',(-1.226948711654E-18,1.,-1.226948711654E-18));
#1609 = ADVANCED_FACE('',(#1610),#1621,.T.);
#1610 = FACE_BOUND('',#1611,.F.);
#1611 = EDGE_LOOP('',(#1612,#1613,#1614,#1615));
#1612 = ORIENTED_EDGE('',*,*,#1589,.F.);
#1613 = ORIENTED_EDGE('',*,*,#1038,.T.);
#1614 = ORIENTED_EDGE('',*,*,#1534,.T.);
#1615 = ORIENTED_EDGE('',*,*,#1616,.F.);
#1616 = EDGE_CURVE('',#1590,#1535,#1617,.T.);
#1617 = LINE('',#1618,#1619);
#1618 = CARTESIAN_POINT('',(-0.32,-0.16,-3.));
#1619 = VECTOR('',#1620,1.);
#1620 = DIRECTION('',(1.,0.,0.));
#1621 = PLANE('',#1622);
#1622 = AXIS2_PLACEMENT_3D('',#1623,#1624,#1625);
#1623 = CARTESIAN_POINT('',(-0.32,-0.24,-2.92));
#1624 = DIRECTION('',(1.735167508357E-18,-0.707106781187,-0.707106781187
    ));
#1625 = DIRECTION('',(-1.,-1.226948711654E-18,-1.226948711654E-18));
#1626 = ADVANCED_FACE('',(#1627),#1652,.T.);
#1627 = FACE_BOUND('',#1628,.F.);
#1628 = EDGE_LOOP('',(#1629,#1637,#1638,#1646));
#1629 = ORIENTED_EDGE('',*,*,#1630,.F.);
#1630 = EDGE_CURVE('',#1063,#1631,#1633,.T.);
#1631 = VERTEX_POINT('',#1632);
#1632 = CARTESIAN_POINT('',(-0.16,-2.7,-3.));
#1633 = LINE('',#1634,#1635);
#1634 = CARTESIAN_POINT('',(-0.266666666667,-2.806666666667,
    -2.893333333333));
#1635 = VECTOR('',#1636,1.);
#1636 = DIRECTION('',(0.57735026919,0.57735026919,-0.57735026919));
#1637 = ORIENTED_EDGE('',*,*,#1062,.T.);
#1638 = ORIENTED_EDGE('',*,*,#1639,.T.);
#1639 = EDGE_CURVE('',#1055,#1640,#1642,.T.);
#1640 = VERTEX_POINT('',#1641);
#1641 = CARTESIAN_POINT('',(0.16,-2.7,-3.));
#1642 = LINE('',#1643,#1644);
#1643 = CARTESIAN_POINT('',(0.16,-2.7,-3.));
#1644 = VECTOR('',#1645,1.);
#1645 = DIRECTION('',(-0.57735026919,0.57735026919,-0.57735026919));
#1646 = ORIENTED_EDGE('',*,*,#1647,.F.);
#1647 = EDGE_CURVE('',#1631,#1640,#1648,.T.);
#1648 = LINE('',#1649,#1650);
#1649 = CARTESIAN_POINT('',(-0.32,-2.7,-3.));
#1650 = VECTOR('',#1651,1.);
#1651 = DIRECTION('',(1.,0.,0.));
#1652 = PLANE('',#1653);
#1653 = AXIS2_PLACEMENT_3D('',#1654,#1655,#1656);
#1654 = CARTESIAN_POINT('',(-0.32,-2.78,-2.92));
#1655 = DIRECTION('',(1.735167508357E-18,-0.707106781187,-0.707106781187
    ));
#1656 = DIRECTION('',(-1.,-1.226948711654E-18,-1.226948711654E-18));
#1657 = ADVANCED_FACE('',(#1658),#1676,.F.);
#1658 = FACE_BOUND('',#1659,.F.);
#1659 = EDGE_LOOP('',(#1660,#1661,#1662,#1670));
#1660 = ORIENTED_EDGE('',*,*,#1639,.F.);
#1661 = ORIENTED_EDGE('',*,*,#1086,.T.);
#1662 = ORIENTED_EDGE('',*,*,#1663,.T.);
#1663 = EDGE_CURVE('',#1087,#1664,#1666,.T.);
#1664 = VERTEX_POINT('',#1665);
#1665 = CARTESIAN_POINT('',(0.16,-2.38,-3.));
#1666 = LINE('',#1667,#1668);
#1667 = CARTESIAN_POINT('',(5.333333333333E-02,-2.486666666667,
    -3.106666666667));
#1668 = VECTOR('',#1669,1.);
#1669 = DIRECTION('',(-0.57735026919,-0.57735026919,-0.57735026919));
#1670 = ORIENTED_EDGE('',*,*,#1671,.F.);
#1671 = EDGE_CURVE('',#1640,#1664,#1672,.T.);
#1672 = LINE('',#1673,#1674);
#1673 = CARTESIAN_POINT('',(0.16,-2.86,-3.));
#1674 = VECTOR('',#1675,1.);
#1675 = DIRECTION('',(0.,1.,0.));
#1676 = PLANE('',#1677);
#1677 = AXIS2_PLACEMENT_3D('',#1678,#1679,#1680);
#1678 = CARTESIAN_POINT('',(0.24,-2.86,-2.92));
#1679 = DIRECTION('',(-0.707106781187,1.735167508357E-18,0.707106781187)
  );
#1680 = DIRECTION('',(1.226948711654E-18,1.,-1.226948711654E-18));
#1681 = ADVANCED_FACE('',(#1682),#1700,.F.);
#1682 = FACE_BOUND('',#1683,.T.);
#1683 = EDGE_LOOP('',(#1684,#1692,#1693,#1694));
#1684 = ORIENTED_EDGE('',*,*,#1685,.F.);
#1685 = EDGE_CURVE('',#1111,#1686,#1688,.T.);
#1686 = VERTEX_POINT('',#1687);
#1687 = CARTESIAN_POINT('',(-0.16,-2.38,-3.));
#1688 = LINE('',#1689,#1690);
#1689 = CARTESIAN_POINT('',(-0.16,-2.38,-3.));
#1690 = VECTOR('',#1691,1.);
#1691 = DIRECTION('',(0.57735026919,-0.57735026919,-0.57735026919));
#1692 = ORIENTED_EDGE('',*,*,#1110,.T.);
#1693 = ORIENTED_EDGE('',*,*,#1663,.T.);
#1694 = ORIENTED_EDGE('',*,*,#1695,.F.);
#1695 = EDGE_CURVE('',#1686,#1664,#1696,.T.);
#1696 = LINE('',#1697,#1698);
#1697 = CARTESIAN_POINT('',(-0.32,-2.38,-3.));
#1698 = VECTOR('',#1699,1.);
#1699 = DIRECTION('',(1.,0.,0.));
#1700 = PLANE('',#1701);
#1701 = AXIS2_PLACEMENT_3D('',#1702,#1703,#1704);
#1702 = CARTESIAN_POINT('',(-0.32,-2.3,-2.92));
#1703 = DIRECTION('',(-1.735167508357E-18,-0.707106781187,0.707106781187
    ));
#1704 = DIRECTION('',(-1.,1.226948711654E-18,-1.226948711654E-18));
#1705 = ADVANCED_FACE('',(#1706),#1717,.T.);
#1706 = FACE_BOUND('',#1707,.T.);
#1707 = EDGE_LOOP('',(#1708,#1709,#1710,#1711));
#1708 = ORIENTED_EDGE('',*,*,#1630,.F.);
#1709 = ORIENTED_EDGE('',*,*,#1134,.T.);
#1710 = ORIENTED_EDGE('',*,*,#1685,.T.);
#1711 = ORIENTED_EDGE('',*,*,#1712,.F.);
#1712 = EDGE_CURVE('',#1631,#1686,#1713,.T.);
#1713 = LINE('',#1714,#1715);
#1714 = CARTESIAN_POINT('',(-0.16,-2.86,-3.));
#1715 = VECTOR('',#1716,1.);
#1716 = DIRECTION('',(0.,1.,0.));
#1717 = PLANE('',#1718);
#1718 = AXIS2_PLACEMENT_3D('',#1719,#1720,#1721);
#1719 = CARTESIAN_POINT('',(-0.24,-2.86,-2.92));
#1720 = DIRECTION('',(-0.707106781187,-1.735167508357E-18,
    -0.707106781187));
#1721 = DIRECTION('',(-1.226948711654E-18,1.,-1.226948711654E-18));
#1722 = ADVANCED_FACE('',(#1723),#1748,.F.);
#1723 = FACE_BOUND('',#1724,.T.);
#1724 = EDGE_LOOP('',(#1725,#1733,#1734,#1742));
#1725 = ORIENTED_EDGE('',*,*,#1726,.F.);
#1726 = EDGE_CURVE('',#1159,#1727,#1729,.T.);
#1727 = VERTEX_POINT('',#1728);
#1728 = CARTESIAN_POINT('',(-0.16,-4.92,-3.));
#1729 = LINE('',#1730,#1731);
#1730 = CARTESIAN_POINT('',(-0.16,-4.92,-3.));
#1731 = VECTOR('',#1732,1.);
#1732 = DIRECTION('',(0.57735026919,-0.57735026919,-0.57735026919));
#1733 = ORIENTED_EDGE('',*,*,#1158,.T.);
#1734 = ORIENTED_EDGE('',*,*,#1735,.T.);
#1735 = EDGE_CURVE('',#1151,#1736,#1738,.T.);
#1736 = VERTEX_POINT('',#1737);
#1737 = CARTESIAN_POINT('',(0.16,-4.92,-3.));
#1738 = LINE('',#1739,#1740);
#1739 = CARTESIAN_POINT('',(5.333333333333E-02,-5.026666666667,
    -3.106666666667));
#1740 = VECTOR('',#1741,1.);
#1741 = DIRECTION('',(-0.57735026919,-0.57735026919,-0.57735026919));
#1742 = ORIENTED_EDGE('',*,*,#1743,.F.);
#1743 = EDGE_CURVE('',#1727,#1736,#1744,.T.);
#1744 = LINE('',#1745,#1746);
#1745 = CARTESIAN_POINT('',(-0.32,-4.92,-3.));
#1746 = VECTOR('',#1747,1.);
#1747 = DIRECTION('',(1.,0.,0.));
#1748 = PLANE('',#1749);
#1749 = AXIS2_PLACEMENT_3D('',#1750,#1751,#1752);
#1750 = CARTESIAN_POINT('',(-0.32,-4.84,-2.92));
#1751 = DIRECTION('',(-1.735167508357E-18,-0.707106781187,0.707106781187
    ));
#1752 = DIRECTION('',(-1.,1.226948711654E-18,-1.226948711654E-18));
#1753 = ADVANCED_FACE('',(#1754),#1772,.T.);
#1754 = FACE_BOUND('',#1755,.T.);
#1755 = EDGE_LOOP('',(#1756,#1764,#1765,#1766));
#1756 = ORIENTED_EDGE('',*,*,#1757,.F.);
#1757 = EDGE_CURVE('',#1182,#1758,#1760,.T.);
#1758 = VERTEX_POINT('',#1759);
#1759 = CARTESIAN_POINT('',(-0.16,-5.24,-3.));
#1760 = LINE('',#1761,#1762);
#1761 = CARTESIAN_POINT('',(-0.266666666667,-5.346666666667,
    -2.893333333333));
#1762 = VECTOR('',#1763,1.);
#1763 = DIRECTION('',(0.57735026919,0.57735026919,-0.57735026919));
#1764 = ORIENTED_EDGE('',*,*,#1189,.T.);
#1765 = ORIENTED_EDGE('',*,*,#1726,.T.);
#1766 = ORIENTED_EDGE('',*,*,#1767,.F.);
#1767 = EDGE_CURVE('',#1758,#1727,#1768,.T.);
#1768 = LINE('',#1769,#1770);
#1769 = CARTESIAN_POINT('',(-0.16,-5.4,-3.));
#1770 = VECTOR('',#1771,1.);
#1771 = DIRECTION('',(0.,1.,0.));
#1772 = PLANE('',#1773);
#1773 = AXIS2_PLACEMENT_3D('',#1774,#1775,#1776);
#1774 = CARTESIAN_POINT('',(-0.24,-5.4,-2.92));
#1775 = DIRECTION('',(-0.707106781187,-1.735167508357E-18,
    -0.707106781187));
#1776 = DIRECTION('',(-1.226948711654E-18,1.,-1.226948711654E-18));
#1777 = ADVANCED_FACE('',(#1778),#1796,.T.);
#1778 = FACE_BOUND('',#1779,.F.);
#1779 = EDGE_LOOP('',(#1780,#1781,#1782,#1790));
#1780 = ORIENTED_EDGE('',*,*,#1757,.F.);
#1781 = ORIENTED_EDGE('',*,*,#1213,.T.);
#1782 = ORIENTED_EDGE('',*,*,#1783,.T.);
#1783 = EDGE_CURVE('',#1206,#1784,#1786,.T.);
#1784 = VERTEX_POINT('',#1785);
#1785 = CARTESIAN_POINT('',(0.16,-5.24,-3.));
#1786 = LINE('',#1787,#1788);
#1787 = CARTESIAN_POINT('',(0.16,-5.24,-3.));
#1788 = VECTOR('',#1789,1.);
#1789 = DIRECTION('',(-0.57735026919,0.57735026919,-0.57735026919));
#1790 = ORIENTED_EDGE('',*,*,#1791,.F.);
#1791 = EDGE_CURVE('',#1758,#1784,#1792,.T.);
#1792 = LINE('',#1793,#1794);
#1793 = CARTESIAN_POINT('',(-0.32,-5.24,-3.));
#1794 = VECTOR('',#1795,1.);
#1795 = DIRECTION('',(1.,0.,0.));
#1796 = PLANE('',#1797);
#1797 = AXIS2_PLACEMENT_3D('',#1798,#1799,#1800);
#1798 = CARTESIAN_POINT('',(-0.32,-5.32,-2.92));
#1799 = DIRECTION('',(1.735167508357E-18,-0.707106781187,-0.707106781187
    ));
#1800 = DIRECTION('',(-1.,-1.226948711654E-18,-1.226948711654E-18));
#1801 = ADVANCED_FACE('',(#1802),#1813,.F.);
#1802 = FACE_BOUND('',#1803,.F.);
#1803 = EDGE_LOOP('',(#1804,#1805,#1806,#1807));
#1804 = ORIENTED_EDGE('',*,*,#1783,.F.);
#1805 = ORIENTED_EDGE('',*,*,#1230,.T.);
#1806 = ORIENTED_EDGE('',*,*,#1735,.T.);
#1807 = ORIENTED_EDGE('',*,*,#1808,.F.);
#1808 = EDGE_CURVE('',#1784,#1736,#1809,.T.);
#1809 = LINE('',#1810,#1811);
#1810 = CARTESIAN_POINT('',(0.16,-5.4,-3.));
#1811 = VECTOR('',#1812,1.);
#1812 = DIRECTION('',(0.,1.,0.));
#1813 = PLANE('',#1814);
#1814 = AXIS2_PLACEMENT_3D('',#1815,#1816,#1817);
#1815 = CARTESIAN_POINT('',(0.24,-5.4,-2.92));
#1816 = DIRECTION('',(-0.707106781187,1.735167508357E-18,0.707106781187)
  );
#1817 = DIRECTION('',(1.226948711654E-18,1.,-1.226948711654E-18));
#1818 = ADVANCED_FACE('',(#1819),#1844,.T.);
#1819 = FACE_BOUND('',#1820,.T.);
#1820 = EDGE_LOOP('',(#1821,#1829,#1830,#1838));
#1821 = ORIENTED_EDGE('',*,*,#1822,.F.);
#1822 = EDGE_CURVE('',#1247,#1823,#1825,.T.);
#1823 = VERTEX_POINT('',#1824);
#1824 = CARTESIAN_POINT('',(0.16,-0.16,8.54));
#1825 = LINE('',#1826,#1827);
#1826 = CARTESIAN_POINT('',(0.16,-0.16,8.54));
#1827 = VECTOR('',#1828,1.);
#1828 = DIRECTION('',(-0.57735026919,0.57735026919,0.57735026919));
#1829 = ORIENTED_EDGE('',*,*,#1263,.T.);
#1830 = ORIENTED_EDGE('',*,*,#1831,.T.);
#1831 = EDGE_CURVE('',#1256,#1832,#1834,.T.);
#1832 = VERTEX_POINT('',#1833);
#1833 = CARTESIAN_POINT('',(0.16,0.16,8.54));
#1834 = LINE('',#1835,#1836);
#1835 = CARTESIAN_POINT('',(5.333333333333E-02,5.333333333333E-02,
    8.646666666667));
#1836 = VECTOR('',#1837,1.);
#1837 = DIRECTION('',(-0.57735026919,-0.57735026919,0.57735026919));
#1838 = ORIENTED_EDGE('',*,*,#1839,.F.);
#1839 = EDGE_CURVE('',#1823,#1832,#1840,.T.);
#1840 = LINE('',#1841,#1842);
#1841 = CARTESIAN_POINT('',(0.16,-0.32,8.54));
#1842 = VECTOR('',#1843,1.);
#1843 = DIRECTION('',(0.,1.,0.));
#1844 = PLANE('',#1845);
#1845 = AXIS2_PLACEMENT_3D('',#1846,#1847,#1848);
#1846 = CARTESIAN_POINT('',(0.24,-0.32,8.46));
#1847 = DIRECTION('',(0.707106781187,-1.735167508357E-18,0.707106781187)
  );
#1848 = DIRECTION('',(1.226948711654E-18,1.,1.226948711654E-18));
#1849 = ADVANCED_FACE('',(#1850),#1868,.T.);
#1850 = FACE_BOUND('',#1851,.F.);
#1851 = EDGE_LOOP('',(#1852,#1860,#1861,#1862));
#1852 = ORIENTED_EDGE('',*,*,#1853,.F.);
#1853 = EDGE_CURVE('',#1280,#1854,#1856,.T.);
#1854 = VERTEX_POINT('',#1855);
#1855 = CARTESIAN_POINT('',(-0.16,0.16,8.54));
#1856 = LINE('',#1857,#1858);
#1857 = CARTESIAN_POINT('',(-0.16,0.16,8.54));
#1858 = VECTOR('',#1859,1.);
#1859 = DIRECTION('',(0.57735026919,-0.57735026919,0.57735026919));
#1860 = ORIENTED_EDGE('',*,*,#1287,.T.);
#1861 = ORIENTED_EDGE('',*,*,#1831,.T.);
#1862 = ORIENTED_EDGE('',*,*,#1863,.F.);
#1863 = EDGE_CURVE('',#1854,#1832,#1864,.T.);
#1864 = LINE('',#1865,#1866);
#1865 = CARTESIAN_POINT('',(-0.32,0.16,8.54));
#1866 = VECTOR('',#1867,1.);
#1867 = DIRECTION('',(1.,0.,0.));
#1868 = PLANE('',#1869);
#1869 = AXIS2_PLACEMENT_3D('',#1870,#1871,#1872);
#1870 = CARTESIAN_POINT('',(-0.32,0.24,8.46));
#1871 = DIRECTION('',(1.735167508357E-18,0.707106781187,0.707106781187)
  );
#1872 = DIRECTION('',(-1.,1.226948711654E-18,1.226948711654E-18));
#1873 = ADVANCED_FACE('',(#1874),#1892,.F.);
#1874 = FACE_BOUND('',#1875,.F.);
#1875 = EDGE_LOOP('',(#1876,#1884,#1885,#1886));
#1876 = ORIENTED_EDGE('',*,*,#1877,.F.);
#1877 = EDGE_CURVE('',#1302,#1878,#1880,.T.);
#1878 = VERTEX_POINT('',#1879);
#1879 = CARTESIAN_POINT('',(-0.16,-0.16,8.54));
#1880 = LINE('',#1881,#1882);
#1881 = CARTESIAN_POINT('',(-0.266666666667,-0.266666666667,
    8.433333333333));
#1882 = VECTOR('',#1883,1.);
#1883 = DIRECTION('',(0.57735026919,0.57735026919,0.57735026919));
#1884 = ORIENTED_EDGE('',*,*,#1311,.T.);
#1885 = ORIENTED_EDGE('',*,*,#1853,.T.);
#1886 = ORIENTED_EDGE('',*,*,#1887,.F.);
#1887 = EDGE_CURVE('',#1878,#1854,#1888,.T.);
#1888 = LINE('',#1889,#1890);
#1889 = CARTESIAN_POINT('',(-0.16,-0.32,8.54));
#1890 = VECTOR('',#1891,1.);
#1891 = DIRECTION('',(0.,1.,0.));
#1892 = PLANE('',#1893);
#1893 = AXIS2_PLACEMENT_3D('',#1894,#1895,#1896);
#1894 = CARTESIAN_POINT('',(-0.24,-0.32,8.46));
#1895 = DIRECTION('',(0.707106781187,1.735167508357E-18,-0.707106781187)
  );
#1896 = DIRECTION('',(-1.226948711654E-18,1.,1.226948711654E-18));
#1897 = ADVANCED_FACE('',(#1898),#1909,.F.);
#1898 = FACE_BOUND('',#1899,.T.);
#1899 = EDGE_LOOP('',(#1900,#1901,#1902,#1903));
#1900 = ORIENTED_EDGE('',*,*,#1877,.F.);
#1901 = ORIENTED_EDGE('',*,*,#1328,.T.);
#1902 = ORIENTED_EDGE('',*,*,#1822,.T.);
#1903 = ORIENTED_EDGE('',*,*,#1904,.F.);
#1904 = EDGE_CURVE('',#1878,#1823,#1905,.T.);
#1905 = LINE('',#1906,#1907);
#1906 = CARTESIAN_POINT('',(-0.32,-0.16,8.54));
#1907 = VECTOR('',#1908,1.);
#1908 = DIRECTION('',(1.,0.,0.));
#1909 = PLANE('',#1910);
#1910 = AXIS2_PLACEMENT_3D('',#1911,#1912,#1913);
#1911 = CARTESIAN_POINT('',(-0.32,-0.24,8.46));
#1912 = DIRECTION('',(-1.735167508357E-18,0.707106781187,-0.707106781187
    ));
#1913 = DIRECTION('',(-1.,-1.226948711654E-18,1.226948711654E-18));
#1914 = ADVANCED_FACE('',(#1915),#1940,.F.);
#1915 = FACE_BOUND('',#1916,.T.);
#1916 = EDGE_LOOP('',(#1917,#1925,#1926,#1934));
#1917 = ORIENTED_EDGE('',*,*,#1918,.F.);
#1918 = EDGE_CURVE('',#1352,#1919,#1921,.T.);
#1919 = VERTEX_POINT('',#1920);
#1920 = CARTESIAN_POINT('',(-0.16,-2.7,8.54));
#1921 = LINE('',#1922,#1923);
#1922 = CARTESIAN_POINT('',(-0.266666666667,-2.806666666667,
    8.433333333333));
#1923 = VECTOR('',#1924,1.);
#1924 = DIRECTION('',(0.57735026919,0.57735026919,0.57735026919));
#1925 = ORIENTED_EDGE('',*,*,#1359,.T.);
#1926 = ORIENTED_EDGE('',*,*,#1927,.T.);
#1927 = EDGE_CURVE('',#1343,#1928,#1930,.T.);
#1928 = VERTEX_POINT('',#1929);
#1929 = CARTESIAN_POINT('',(0.16,-2.7,8.54));
#1930 = LINE('',#1931,#1932);
#1931 = CARTESIAN_POINT('',(0.16,-2.7,8.54));
#1932 = VECTOR('',#1933,1.);
#1933 = DIRECTION('',(-0.57735026919,0.57735026919,0.57735026919));
#1934 = ORIENTED_EDGE('',*,*,#1935,.F.);
#1935 = EDGE_CURVE('',#1919,#1928,#1936,.T.);
#1936 = LINE('',#1937,#1938);
#1937 = CARTESIAN_POINT('',(-0.32,-2.7,8.54));
#1938 = VECTOR('',#1939,1.);
#1939 = DIRECTION('',(1.,0.,0.));
#1940 = PLANE('',#1941);
#1941 = AXIS2_PLACEMENT_3D('',#1942,#1943,#1944);
#1942 = CARTESIAN_POINT('',(-0.32,-2.78,8.46));
#1943 = DIRECTION('',(-1.735167508357E-18,0.707106781187,-0.707106781187
    ));
#1944 = DIRECTION('',(-1.,-1.226948711654E-18,1.226948711654E-18));
#1945 = ADVANCED_FACE('',(#1946),#1964,.T.);
#1946 = FACE_BOUND('',#1947,.T.);
#1947 = EDGE_LOOP('',(#1948,#1949,#1950,#1958));
#1948 = ORIENTED_EDGE('',*,*,#1927,.F.);
#1949 = ORIENTED_EDGE('',*,*,#1383,.T.);
#1950 = ORIENTED_EDGE('',*,*,#1951,.T.);
#1951 = EDGE_CURVE('',#1376,#1952,#1954,.T.);
#1952 = VERTEX_POINT('',#1953);
#1953 = CARTESIAN_POINT('',(0.16,-2.38,8.54));
#1954 = LINE('',#1955,#1956);
#1955 = CARTESIAN_POINT('',(5.333333333333E-02,-2.486666666667,
    8.646666666667));
#1956 = VECTOR('',#1957,1.);
#1957 = DIRECTION('',(-0.57735026919,-0.57735026919,0.57735026919));
#1958 = ORIENTED_EDGE('',*,*,#1959,.F.);
#1959 = EDGE_CURVE('',#1928,#1952,#1960,.T.);
#1960 = LINE('',#1961,#1962);
#1961 = CARTESIAN_POINT('',(0.16,-2.86,8.54));
#1962 = VECTOR('',#1963,1.);
#1963 = DIRECTION('',(0.,1.,0.));
#1964 = PLANE('',#1965);
#1965 = AXIS2_PLACEMENT_3D('',#1966,#1967,#1968);
#1966 = CARTESIAN_POINT('',(0.24,-2.86,8.46));
#1967 = DIRECTION('',(0.707106781187,-1.735167508357E-18,0.707106781187)
  );
#1968 = DIRECTION('',(1.226948711654E-18,1.,1.226948711654E-18));
#1969 = ADVANCED_FACE('',(#1970),#1988,.T.);
#1970 = FACE_BOUND('',#1971,.F.);
#1971 = EDGE_LOOP('',(#1972,#1980,#1981,#1982));
#1972 = ORIENTED_EDGE('',*,*,#1973,.F.);
#1973 = EDGE_CURVE('',#1400,#1974,#1976,.T.);
#1974 = VERTEX_POINT('',#1975);
#1975 = CARTESIAN_POINT('',(-0.16,-2.38,8.54));
#1976 = LINE('',#1977,#1978);
#1977 = CARTESIAN_POINT('',(-0.16,-2.38,8.54));
#1978 = VECTOR('',#1979,1.);
#1979 = DIRECTION('',(0.57735026919,-0.57735026919,0.57735026919));
#1980 = ORIENTED_EDGE('',*,*,#1407,.T.);
#1981 = ORIENTED_EDGE('',*,*,#1951,.T.);
#1982 = ORIENTED_EDGE('',*,*,#1983,.F.);
#1983 = EDGE_CURVE('',#1974,#1952,#1984,.T.);
#1984 = LINE('',#1985,#1986);
#1985 = CARTESIAN_POINT('',(-0.32,-2.38,8.54));
#1986 = VECTOR('',#1987,1.);
#1987 = DIRECTION('',(1.,0.,0.));
#1988 = PLANE('',#1989);
#1989 = AXIS2_PLACEMENT_3D('',#1990,#1991,#1992);
#1990 = CARTESIAN_POINT('',(-0.32,-2.3,8.46));
#1991 = DIRECTION('',(1.735167508357E-18,0.707106781187,0.707106781187)
  );
#1992 = DIRECTION('',(-1.,1.226948711654E-18,1.226948711654E-18));
#1993 = ADVANCED_FACE('',(#1994),#2005,.F.);
#1994 = FACE_BOUND('',#1995,.F.);
#1995 = EDGE_LOOP('',(#1996,#1997,#1998,#1999));
#1996 = ORIENTED_EDGE('',*,*,#1918,.F.);
#1997 = ORIENTED_EDGE('',*,*,#1424,.T.);
#1998 = ORIENTED_EDGE('',*,*,#1973,.T.);
#1999 = ORIENTED_EDGE('',*,*,#2000,.F.);
#2000 = EDGE_CURVE('',#1919,#1974,#2001,.T.);
#2001 = LINE('',#2002,#2003);
#2002 = CARTESIAN_POINT('',(-0.16,-2.86,8.54));
#2003 = VECTOR('',#2004,1.);
#2004 = DIRECTION('',(0.,1.,0.));
#2005 = PLANE('',#2006);
#2006 = AXIS2_PLACEMENT_3D('',#2007,#2008,#2009);
#2007 = CARTESIAN_POINT('',(-0.24,-2.86,8.46));
#2008 = DIRECTION('',(0.707106781187,1.735167508357E-18,-0.707106781187)
  );
#2009 = DIRECTION('',(-1.226948711654E-18,1.,1.226948711654E-18));
#2010 = ADVANCED_FACE('',(#2011),#2036,.T.);
#2011 = FACE_BOUND('',#2012,.F.);
#2012 = EDGE_LOOP('',(#2013,#2021,#2022,#2030));
#2013 = ORIENTED_EDGE('',*,*,#2014,.F.);
#2014 = EDGE_CURVE('',#1448,#2015,#2017,.T.);
#2015 = VERTEX_POINT('',#2016);
#2016 = CARTESIAN_POINT('',(-0.16,-4.92,8.54));
#2017 = LINE('',#2018,#2019);
#2018 = CARTESIAN_POINT('',(-0.16,-4.92,8.54));
#2019 = VECTOR('',#2020,1.);
#2020 = DIRECTION('',(0.57735026919,-0.57735026919,0.57735026919));
#2021 = ORIENTED_EDGE('',*,*,#1455,.T.);
#2022 = ORIENTED_EDGE('',*,*,#2023,.T.);
#2023 = EDGE_CURVE('',#1439,#2024,#2026,.T.);
#2024 = VERTEX_POINT('',#2025);
#2025 = CARTESIAN_POINT('',(0.16,-4.92,8.54));
#2026 = LINE('',#2027,#2028);
#2027 = CARTESIAN_POINT('',(5.333333333333E-02,-5.026666666667,
    8.646666666667));
#2028 = VECTOR('',#2029,1.);
#2029 = DIRECTION('',(-0.57735026919,-0.57735026919,0.57735026919));
#2030 = ORIENTED_EDGE('',*,*,#2031,.F.);
#2031 = EDGE_CURVE('',#2015,#2024,#2032,.T.);
#2032 = LINE('',#2033,#2034);
#2033 = CARTESIAN_POINT('',(-0.32,-4.92,8.54));
#2034 = VECTOR('',#2035,1.);
#2035 = DIRECTION('',(1.,0.,0.));
#2036 = PLANE('',#2037);
#2037 = AXIS2_PLACEMENT_3D('',#2038,#2039,#2040);
#2038 = CARTESIAN_POINT('',(-0.32,-4.84,8.46));
#2039 = DIRECTION('',(1.735167508357E-18,0.707106781187,0.707106781187)
  );
#2040 = DIRECTION('',(-1.,1.226948711654E-18,1.226948711654E-18));
#2041 = ADVANCED_FACE('',(#2042),#2060,.F.);
#2042 = FACE_BOUND('',#2043,.F.);
#2043 = EDGE_LOOP('',(#2044,#2052,#2053,#2054));
#2044 = ORIENTED_EDGE('',*,*,#2045,.F.);
#2045 = EDGE_CURVE('',#1470,#2046,#2048,.T.);
#2046 = VERTEX_POINT('',#2047);
#2047 = CARTESIAN_POINT('',(-0.16,-5.24,8.54));
#2048 = LINE('',#2049,#2050);
#2049 = CARTESIAN_POINT('',(-0.266666666667,-5.346666666667,
    8.433333333333));
#2050 = VECTOR('',#2051,1.);
#2051 = DIRECTION('',(0.57735026919,0.57735026919,0.57735026919));
#2052 = ORIENTED_EDGE('',*,*,#1479,.T.);
#2053 = ORIENTED_EDGE('',*,*,#2014,.T.);
#2054 = ORIENTED_EDGE('',*,*,#2055,.F.);
#2055 = EDGE_CURVE('',#2046,#2015,#2056,.T.);
#2056 = LINE('',#2057,#2058);
#2057 = CARTESIAN_POINT('',(-0.16,-5.4,8.54));
#2058 = VECTOR('',#2059,1.);
#2059 = DIRECTION('',(0.,1.,0.));
#2060 = PLANE('',#2061);
#2061 = AXIS2_PLACEMENT_3D('',#2062,#2063,#2064);
#2062 = CARTESIAN_POINT('',(-0.24,-5.4,8.46));
#2063 = DIRECTION('',(0.707106781187,1.735167508357E-18,-0.707106781187)
  );
#2064 = DIRECTION('',(-1.226948711654E-18,1.,1.226948711654E-18));
#2065 = ADVANCED_FACE('',(#2066),#2084,.F.);
#2066 = FACE_BOUND('',#2067,.T.);
#2067 = EDGE_LOOP('',(#2068,#2069,#2070,#2078));
#2068 = ORIENTED_EDGE('',*,*,#2045,.F.);
#2069 = ORIENTED_EDGE('',*,*,#1503,.T.);
#2070 = ORIENTED_EDGE('',*,*,#2071,.T.);
#2071 = EDGE_CURVE('',#1494,#2072,#2074,.T.);
#2072 = VERTEX_POINT('',#2073);
#2073 = CARTESIAN_POINT('',(0.16,-5.24,8.54));
#2074 = LINE('',#2075,#2076);
#2075 = CARTESIAN_POINT('',(0.16,-5.24,8.54));
#2076 = VECTOR('',#2077,1.);
#2077 = DIRECTION('',(-0.57735026919,0.57735026919,0.57735026919));
#2078 = ORIENTED_EDGE('',*,*,#2079,.F.);
#2079 = EDGE_CURVE('',#2046,#2072,#2080,.T.);
#2080 = LINE('',#2081,#2082);
#2081 = CARTESIAN_POINT('',(-0.32,-5.24,8.54));
#2082 = VECTOR('',#2083,1.);
#2083 = DIRECTION('',(1.,0.,0.));
#2084 = PLANE('',#2085);
#2085 = AXIS2_PLACEMENT_3D('',#2086,#2087,#2088);
#2086 = CARTESIAN_POINT('',(-0.32,-5.32,8.46));
#2087 = DIRECTION('',(-1.735167508357E-18,0.707106781187,-0.707106781187
    ));
#2088 = DIRECTION('',(-1.,-1.226948711654E-18,1.226948711654E-18));
#2089 = ADVANCED_FACE('',(#2090),#2101,.T.);
#2090 = FACE_BOUND('',#2091,.T.);
#2091 = EDGE_LOOP('',(#2092,#2093,#2094,#2095));
#2092 = ORIENTED_EDGE('',*,*,#2071,.F.);
#2093 = ORIENTED_EDGE('',*,*,#1520,.T.);
#2094 = ORIENTED_EDGE('',*,*,#2023,.T.);
#2095 = ORIENTED_EDGE('',*,*,#2096,.F.);
#2096 = EDGE_CURVE('',#2072,#2024,#2097,.T.);
#2097 = LINE('',#2098,#2099);
#2098 = CARTESIAN_POINT('',(0.16,-5.4,8.54));
#2099 = VECTOR('',#2100,1.);
#2100 = DIRECTION('',(0.,1.,0.));
#2101 = PLANE('',#2102);
#2102 = AXIS2_PLACEMENT_3D('',#2103,#2104,#2105);
#2103 = CARTESIAN_POINT('',(0.24,-5.4,8.46));
#2104 = DIRECTION('',(0.707106781187,-1.735167508357E-18,0.707106781187)
  );
#2105 = DIRECTION('',(1.226948711654E-18,1.,1.226948711654E-18));
#2106 = ADVANCED_FACE('',(#2107),#2113,.F.);
#2107 = FACE_BOUND('',#2108,.F.);
#2108 = EDGE_LOOP('',(#2109,#2110,#2111,#2112));
#2109 = ORIENTED_EDGE('',*,*,#1575,.F.);
#2110 = ORIENTED_EDGE('',*,*,#1599,.F.);
#2111 = ORIENTED_EDGE('',*,*,#1616,.T.);
#2112 = ORIENTED_EDGE('',*,*,#1551,.T.);
#2113 = PLANE('',#2114);
#2114 = AXIS2_PLACEMENT_3D('',#2115,#2116,#2117);
#2115 = CARTESIAN_POINT('',(-0.32,-0.32,-3.));
#2116 = DIRECTION('',(0.,0.,1.));
#2117 = DIRECTION('',(1.,0.,-0.));
#2118 = ADVANCED_FACE('',(#2119),#2125,.F.);
#2119 = FACE_BOUND('',#2120,.F.);
#2120 = EDGE_LOOP('',(#2121,#2122,#2123,#2124));
#2121 = ORIENTED_EDGE('',*,*,#1695,.F.);
#2122 = ORIENTED_EDGE('',*,*,#1712,.F.);
#2123 = ORIENTED_EDGE('',*,*,#1647,.T.);
#2124 = ORIENTED_EDGE('',*,*,#1671,.T.);
#2125 = PLANE('',#2126);
#2126 = AXIS2_PLACEMENT_3D('',#2127,#2128,#2129);
#2127 = CARTESIAN_POINT('',(-0.32,-2.86,-3.));
#2128 = DIRECTION('',(0.,0.,1.));
#2129 = DIRECTION('',(1.,0.,-0.));
#2130 = ADVANCED_FACE('',(#2131),#2137,.F.);
#2131 = FACE_BOUND('',#2132,.F.);
#2132 = EDGE_LOOP('',(#2133,#2134,#2135,#2136));
#2133 = ORIENTED_EDGE('',*,*,#1743,.F.);
#2134 = ORIENTED_EDGE('',*,*,#1767,.F.);
#2135 = ORIENTED_EDGE('',*,*,#1791,.T.);
#2136 = ORIENTED_EDGE('',*,*,#1808,.T.);
#2137 = PLANE('',#2138);
#2138 = AXIS2_PLACEMENT_3D('',#2139,#2140,#2141);
#2139 = CARTESIAN_POINT('',(-0.32,-5.4,-3.));
#2140 = DIRECTION('',(0.,0.,1.));
#2141 = DIRECTION('',(1.,0.,-0.));
#2142 = ADVANCED_FACE('',(#2143),#2149,.T.);
#2143 = FACE_BOUND('',#2144,.T.);
#2144 = EDGE_LOOP('',(#2145,#2146,#2147,#2148));
#2145 = ORIENTED_EDGE('',*,*,#1904,.T.);
#2146 = ORIENTED_EDGE('',*,*,#1839,.T.);
#2147 = ORIENTED_EDGE('',*,*,#1863,.F.);
#2148 = ORIENTED_EDGE('',*,*,#1887,.F.);
#2149 = PLANE('',#2150);
#2150 = AXIS2_PLACEMENT_3D('',#2151,#2152,#2153);
#2151 = CARTESIAN_POINT('',(-0.32,-0.32,8.54));
#2152 = DIRECTION('',(0.,0.,1.));
#2153 = DIRECTION('',(1.,0.,-0.));
#2154 = ADVANCED_FACE('',(#2155),#2161,.T.);
#2155 = FACE_BOUND('',#2156,.T.);
#2156 = EDGE_LOOP('',(#2157,#2158,#2159,#2160));
#2157 = ORIENTED_EDGE('',*,*,#1935,.T.);
#2158 = ORIENTED_EDGE('',*,*,#1959,.T.);
#2159 = ORIENTED_EDGE('',*,*,#1983,.F.);
#2160 = ORIENTED_EDGE('',*,*,#2000,.F.);
#2161 = PLANE('',#2162);
#2162 = AXIS2_PLACEMENT_3D('',#2163,#2164,#2165);
#2163 = CARTESIAN_POINT('',(-0.32,-2.86,8.54));
#2164 = DIRECTION('',(0.,0.,1.));
#2165 = DIRECTION('',(1.,0.,-0.));
#2166 = ADVANCED_FACE('',(#2167),#2173,.T.);
#2167 = FACE_BOUND('',#2168,.T.);
#2168 = EDGE_LOOP('',(#2169,#2170,#2171,#2172));
#2169 = ORIENTED_EDGE('',*,*,#2079,.T.);
#2170 = ORIENTED_EDGE('',*,*,#2096,.T.);
#2171 = ORIENTED_EDGE('',*,*,#2031,.F.);
#2172 = ORIENTED_EDGE('',*,*,#2055,.F.);
#2173 = PLANE('',#2174);
#2174 = AXIS2_PLACEMENT_3D('',#2175,#2176,#2177);
#2175 = CARTESIAN_POINT('',(-0.32,-5.4,8.54));
#2176 = DIRECTION('',(0.,0.,1.));
#2177 = DIRECTION('',(1.,0.,-0.));
#2178 = ( GEOMETRIC_REPRESENTATION_CONTEXT(3) 
GLOBAL_UNCERTAINTY_ASSIGNED_CONTEXT((#2182)) 
GLOBAL_UNIT_ASSIGNED_CONTEXT((#2179,#2180,#2181)) REPRESENTATION_CONTEXT
('Context #1','3D Context with UNIT and UNCERTAINTY') );
#2179 = ( LENGTH_UNIT() NAMED_UNIT(*) SI_UNIT(.MILLI.,.METRE.) );
#2180 = ( NAMED_UNIT(*) PLANE_ANGLE_UNIT() SI_UNIT($,.RADIAN.) );
#2181 = ( NAMED_UNIT(*) SI_UNIT($,.STERADIAN.) SOLID_ANGLE_UNIT() );
#2182 = UNCERTAINTY_MEASURE_WITH_UNIT(LENGTH_MEASURE(1.E-07),#2179,
  'distance_accuracy_value','confusion accuracy');
#2183 = CONTEXT_DEPENDENT_SHAPE_REPRESENTATION(#2184,#2186);
#2184 = ( REPRESENTATION_RELATIONSHIP('','',#71,#48) 
REPRESENTATION_RELATIONSHIP_WITH_TRANSFORMATION(#2185) 
SHAPE_REPRESENTATION_RELATIONSHIP() );
#2185 = ITEM_DEFINED_TRANSFORMATION('','',#11,#49);
#2186 = PRODUCT_DEFINITION_SHAPE('Placement','Placement of an item',
  #2187);
#2187 = NEXT_ASSEMBLY_USAGE_OCCURRENCE('1','=>[0:1:1:3]','',#43,#66,$);
#2188 = PRODUCT_RELATED_PRODUCT_CATEGORY('part',$,(#68));
#2189 = SHAPE_DEFINITION_REPRESENTATION(#2190,#2196);
#2190 = PRODUCT_DEFINITION_SHAPE('','',#2191);
#2191 = PRODUCT_DEFINITION('design','',#2192,#2195);
#2192 = PRODUCT_DEFINITION_FORMATION('','',#2193);
#2193 = PRODUCT('Buzzer_12x9.5RM7.6','Buzzer_12x9.5RM7.6','',(#2194));
#2194 = PRODUCT_CONTEXT('',#2,'mechanical');
#2195 = PRODUCT_DEFINITION_CONTEXT('part definition',#2,'design');
#2196 = SHAPE_REPRESENTATION('',(#11,#2197),#2201);
#2197 = AXIS2_PLACEMENT_3D('',#2198,#2199,#2200);
#2198 = CARTESIAN_POINT('',(0.,0.,0.));
#2199 = DIRECTION('',(0.,0.,1.));
#2200 = DIRECTION('',(1.,0.,-0.));
#2201 = ( GEOMETRIC_REPRESENTATION_CONTEXT(3) 
GLOBAL_UNCERTAINTY_ASSIGNED_CONTEXT((#2205)) 
GLOBAL_UNIT_ASSIGNED_CONTEXT((#2202,#2203,#2204)) REPRESENTATION_CONTEXT
('Context #1','3D Context with UNIT and UNCERTAINTY') );
#2202 = ( LENGTH_UNIT() NAMED_UNIT(*) SI_UNIT(.MILLI.,.METRE.) );
#2203 = ( NAMED_UNIT(*) PLANE_ANGLE_UNIT() SI_UNIT($,.RADIAN.) );
#2204 = ( NAMED_UNIT(*) SI_UNIT($,.STERADIAN.) SOLID_ANGLE_UNIT() );
#2205 = UNCERTAINTY_MEASURE_WITH_UNIT(LENGTH_MEASURE(1.E-07),#2202,
  'distance_accuracy_value','confusion accuracy');
#2206 = CONTEXT_DEPENDENT_SHAPE_REPRESENTATION(#2207,#2209);
#2207 = ( REPRESENTATION_RELATIONSHIP('','',#2196,#10) 
REPRESENTATION_RELATIONSHIP_WITH_TRANSFORMATION(#2208) 
SHAPE_REPRESENTATION_RELATIONSHIP() );
#2208 = ITEM_DEFINED_TRANSFORMATION('','',#11,#19);
#2209 = PRODUCT_DEFINITION_SHAPE('Placement','Placement of an item',
  #2210);
#2210 = NEXT_ASSEMBLY_USAGE_OCCURRENCE('4','BZ1','',#5,#2191,$);
#2211 = PRODUCT_RELATED_PRODUCT_CATEGORY('part',$,(#2193));
#2212 = SHAPE_DEFINITION_REPRESENTATION(#2213,#2219);
#2213 = PRODUCT_DEFINITION_SHAPE('','',#2214);
#2214 = PRODUCT_DEFINITION('design','',#2215,#2218);
#2215 = PRODUCT_DEFINITION_FORMATION('','',#2216);
#2216 = PRODUCT('Buzzer_12x95RM76','Buzzer_12x95RM76','',(#2217));
#2217 = PRODUCT_CONTEXT('',#2,'mechanical');
#2218 = PRODUCT_DEFINITION_CONTEXT('part definition',#2,'design');
#2219 = ADVANCED_BREP_SHAPE_REPRESENTATION('',(#11,#2220),#2512);
#2220 = MANIFOLD_SOLID_BREP('',#2221);
#2221 = CLOSED_SHELL('',(#2222,#2255,#2281,#2307,#2338,#2358,#2383,#2408
    ,#2433,#2459,#2485,#2494,#2503));
#2222 = ADVANCED_FACE('',(#2223),#2250,.T.);
#2223 = FACE_BOUND('',#2224,.T.);
#2224 = EDGE_LOOP('',(#2225,#2234,#2242,#2249));
#2225 = ORIENTED_EDGE('',*,*,#2226,.T.);
#2226 = EDGE_CURVE('',#2227,#2227,#2229,.T.);
#2227 = VERTEX_POINT('',#2228);
#2228 = CARTESIAN_POINT('',(9.8,1.804356723968E-35,0.33));
#2229 = CIRCLE('',#2230,6.);
#2230 = AXIS2_PLACEMENT_3D('',#2231,#2232,#2233);
#2231 = CARTESIAN_POINT('',(3.8,1.804356723968E-35,0.33));
#2232 = DIRECTION('',(-8.559688641721E-35,6.014522413226E-35,1.));
#2233 = DIRECTION('',(1.,6.690258951221E-52,8.559688641721E-35));
#2234 = ORIENTED_EDGE('',*,*,#2235,.T.);
#2235 = EDGE_CURVE('',#2227,#2236,#2238,.T.);
#2236 = VERTEX_POINT('',#2237);
#2237 = CARTESIAN_POINT('',(9.8,-8.91040357515E-35,8.048518518519));
#2238 = LINE('',#2239,#2240);
#2239 = CARTESIAN_POINT('',(9.8,0.,3.E-02));
#2240 = VECTOR('',#2241,1.);
#2241 = DIRECTION('',(0.,0.,1.));
#2242 = ORIENTED_EDGE('',*,*,#2243,.F.);
#2243 = EDGE_CURVE('',#2236,#2236,#2244,.T.);
#2244 = CIRCLE('',#2245,6.);
#2245 = AXIS2_PLACEMENT_3D('',#2246,#2247,#2248);
#2246 = CARTESIAN_POINT('',(3.8,-8.91040357515E-35,8.048518518519));
#2247 = DIRECTION('',(-8.559688641721E-35,6.014522413226E-35,1.));
#2248 = DIRECTION('',(1.,8.259101077374E-51,8.559688641721E-35));
#2249 = ORIENTED_EDGE('',*,*,#2235,.F.);
#2250 = CYLINDRICAL_SURFACE('',#2251,6.);
#2251 = AXIS2_PLACEMENT_3D('',#2252,#2253,#2254);
#2252 = CARTESIAN_POINT('',(3.8,0.,3.E-02));
#2253 = DIRECTION('',(-0.,-0.,-1.));
#2254 = DIRECTION('',(1.,0.,0.));
#2255 = ADVANCED_FACE('',(#2256),#2276,.T.);
#2256 = FACE_BOUND('',#2257,.T.);
#2257 = EDGE_LOOP('',(#2258,#2267,#2274,#2275));
#2258 = ORIENTED_EDGE('',*,*,#2259,.T.);
#2259 = EDGE_CURVE('',#2260,#2260,#2262,.T.);
#2260 = VERTEX_POINT('',#2261);
#2261 = CARTESIAN_POINT('',(9.5,2.672764710092E-51,3.E-02));
#2262 = CIRCLE('',#2263,5.7);
#2263 = AXIS2_PLACEMENT_3D('',#2264,#2265,#2266);
#2264 = CARTESIAN_POINT('',(3.8,0.,3.E-02));
#2265 = DIRECTION('',(-8.559688641721E-35,6.014522413226E-35,1.));
#2266 = DIRECTION('',(1.,6.690258951221E-52,8.559688641721E-35));
#2267 = ORIENTED_EDGE('',*,*,#2268,.F.);
#2268 = EDGE_CURVE('',#2227,#2260,#2269,.T.);
#2269 = CIRCLE('',#2270,0.3);
#2270 = AXIS2_PLACEMENT_3D('',#2271,#2272,#2273);
#2271 = CARTESIAN_POINT('',(9.5,9.021783619839E-37,0.33));
#2272 = DIRECTION('',(3.007261206613E-36,1.,-6.014522413226E-35));
#2273 = DIRECTION('',(1.,-3.007261206613E-36,8.559688641721E-35));
#2274 = ORIENTED_EDGE('',*,*,#2226,.F.);
#2275 = ORIENTED_EDGE('',*,*,#2268,.T.);
#2276 = TOROIDAL_SURFACE('',#2277,5.7,0.3);
#2277 = AXIS2_PLACEMENT_3D('',#2278,#2279,#2280);
#2278 = CARTESIAN_POINT('',(3.8,1.804356723968E-35,0.33));
#2279 = DIRECTION('',(8.559688641721E-35,-6.014522413226E-35,-1.));
#2280 = DIRECTION('',(1.,6.690258951221E-52,8.559688641721E-35));
#2281 = ADVANCED_FACE('',(#2282),#2302,.T.);
#2282 = FACE_BOUND('',#2283,.T.);
#2283 = EDGE_LOOP('',(#2284,#2293,#2294,#2295));
#2284 = ORIENTED_EDGE('',*,*,#2285,.F.);
#2285 = EDGE_CURVE('',#2236,#2286,#2288,.T.);
#2286 = VERTEX_POINT('',#2287);
#2287 = CARTESIAN_POINT('',(8.318518518519,3.207317652111E-50,9.53));
#2288 = CIRCLE('',#2289,1.481481481481);
#2289 = AXIS2_PLACEMENT_3D('',#2290,#2291,#2292);
#2290 = CARTESIAN_POINT('',(8.318518518519,-8.91040357515E-35,
    8.048518518519));
#2291 = DIRECTION('',(8.259101077374E-51,-1.,6.014522413226E-35));
#2292 = DIRECTION('',(1.,8.259101077374E-51,8.559688641721E-35));
#2293 = ORIENTED_EDGE('',*,*,#2243,.T.);
#2294 = ORIENTED_EDGE('',*,*,#2285,.T.);
#2295 = ORIENTED_EDGE('',*,*,#2296,.F.);
#2296 = EDGE_CURVE('',#2286,#2286,#2297,.T.);
#2297 = CIRCLE('',#2298,4.518518518519);
#2298 = AXIS2_PLACEMENT_3D('',#2299,#2300,#2301);
#2299 = CARTESIAN_POINT('',(3.8,0.,9.53));
#2300 = DIRECTION('',(-8.559688641721E-35,6.014522413226E-35,1.));
#2301 = DIRECTION('',(1.,8.259101077374E-51,8.559688641721E-35));
#2302 = TOROIDAL_SURFACE('',#2303,4.518518518519,1.481481481481);
#2303 = AXIS2_PLACEMENT_3D('',#2304,#2305,#2306);
#2304 = CARTESIAN_POINT('',(3.8,-8.91040357515E-35,8.048518518519));
#2305 = DIRECTION('',(-8.559688641721E-35,6.014522413226E-35,1.));
#2306 = DIRECTION('',(1.,8.259101077374E-51,8.559688641721E-35));
#2307 = ADVANCED_FACE('',(#2308,#2311,#2322),#2333,.F.);
#2308 = FACE_BOUND('',#2309,.F.);
#2309 = EDGE_LOOP('',(#2310));
#2310 = ORIENTED_EDGE('',*,*,#2259,.T.);
#2311 = FACE_BOUND('',#2312,.F.);
#2312 = EDGE_LOOP('',(#2313));
#2313 = ORIENTED_EDGE('',*,*,#2314,.F.);
#2314 = EDGE_CURVE('',#2315,#2315,#2317,.T.);
#2315 = VERTEX_POINT('',#2316);
#2316 = CARTESIAN_POINT('',(0.45,0.,3.E-02));
#2317 = CIRCLE('',#2318,0.45);
#2318 = AXIS2_PLACEMENT_3D('',#2319,#2320,#2321);
#2319 = CARTESIAN_POINT('',(0.,0.,3.E-02));
#2320 = DIRECTION('',(0.,0.,1.));
#2321 = DIRECTION('',(1.,0.,-0.));
#2322 = FACE_BOUND('',#2323,.F.);
#2323 = EDGE_LOOP('',(#2324));
#2324 = ORIENTED_EDGE('',*,*,#2325,.F.);
#2325 = EDGE_CURVE('',#2326,#2326,#2328,.T.);
#2326 = VERTEX_POINT('',#2327);
#2327 = CARTESIAN_POINT('',(8.05,0.,3.E-02));
#2328 = CIRCLE('',#2329,0.45);
#2329 = AXIS2_PLACEMENT_3D('',#2330,#2331,#2332);
#2330 = CARTESIAN_POINT('',(7.6,0.,3.E-02));
#2331 = DIRECTION('',(0.,0.,1.));
#2332 = DIRECTION('',(1.,0.,-0.));
#2333 = PLANE('',#2334);
#2334 = AXIS2_PLACEMENT_3D('',#2335,#2336,#2337);
#2335 = CARTESIAN_POINT('',(3.8,2.108840176837E-16,3.E-02));
#2336 = DIRECTION('',(-8.559688641721E-35,6.014522413226E-35,1.));
#2337 = DIRECTION('',(1.,0.,8.559688641721E-35));
#2338 = ADVANCED_FACE('',(#2339,#2342),#2353,.T.);
#2339 = FACE_BOUND('',#2340,.T.);
#2340 = EDGE_LOOP('',(#2341));
#2341 = ORIENTED_EDGE('',*,*,#2296,.T.);
#2342 = FACE_BOUND('',#2343,.T.);
#2343 = EDGE_LOOP('',(#2344));
#2344 = ORIENTED_EDGE('',*,*,#2345,.T.);
#2345 = EDGE_CURVE('',#2346,#2346,#2348,.T.);
#2346 = VERTEX_POINT('',#2347);
#2347 = CARTESIAN_POINT('',(4.8,0.,9.53));
#2348 = CIRCLE('',#2349,1.);
#2349 = AXIS2_PLACEMENT_3D('',#2350,#2351,#2352);
#2350 = CARTESIAN_POINT('',(3.8,0.,9.53));
#2351 = DIRECTION('',(0.,0.,-1.));
#2352 = DIRECTION('',(1.,0.,0.));
#2353 = PLANE('',#2354);
#2354 = AXIS2_PLACEMENT_3D('',#2355,#2356,#2357);
#2355 = CARTESIAN_POINT('',(3.8,2.108840176837E-16,9.53));
#2356 = DIRECTION('',(-8.559688641721E-35,6.014522413226E-35,1.));
#2357 = DIRECTION('',(1.,0.,8.559688641721E-35));
#2358 = ADVANCED_FACE('',(#2359),#2378,.T.);
#2359 = FACE_BOUND('',#2360,.T.);
#2360 = EDGE_LOOP('',(#2361,#2362,#2370,#2377));
#2361 = ORIENTED_EDGE('',*,*,#2314,.F.);
#2362 = ORIENTED_EDGE('',*,*,#2363,.T.);
#2363 = EDGE_CURVE('',#2315,#2364,#2366,.T.);
#2364 = VERTEX_POINT('',#2365);
#2365 = CARTESIAN_POINT('',(0.45,0.,-2.82));
#2366 = LINE('',#2367,#2368);
#2367 = CARTESIAN_POINT('',(0.45,0.,1.03));
#2368 = VECTOR('',#2369,1.);
#2369 = DIRECTION('',(-0.,-0.,-1.));
#2370 = ORIENTED_EDGE('',*,*,#2371,.T.);
#2371 = EDGE_CURVE('',#2364,#2364,#2372,.T.);
#2372 = CIRCLE('',#2373,0.45);
#2373 = AXIS2_PLACEMENT_3D('',#2374,#2375,#2376);
#2374 = CARTESIAN_POINT('',(0.,0.,-2.82));
#2375 = DIRECTION('',(0.,0.,1.));
#2376 = DIRECTION('',(1.,0.,-0.));
#2377 = ORIENTED_EDGE('',*,*,#2363,.F.);
#2378 = CYLINDRICAL_SURFACE('',#2379,0.45);
#2379 = AXIS2_PLACEMENT_3D('',#2380,#2381,#2382);
#2380 = CARTESIAN_POINT('',(0.,0.,1.03));
#2381 = DIRECTION('',(0.,0.,1.));
#2382 = DIRECTION('',(1.,0.,-0.));
#2383 = ADVANCED_FACE('',(#2384),#2403,.T.);
#2384 = FACE_BOUND('',#2385,.T.);
#2385 = EDGE_LOOP('',(#2386,#2387,#2395,#2402));
#2386 = ORIENTED_EDGE('',*,*,#2325,.F.);
#2387 = ORIENTED_EDGE('',*,*,#2388,.T.);
#2388 = EDGE_CURVE('',#2326,#2389,#2391,.T.);
#2389 = VERTEX_POINT('',#2390);
#2390 = CARTESIAN_POINT('',(8.05,6.042804770876E-33,-2.82));
#2391 = LINE('',#2392,#2393);
#2392 = CARTESIAN_POINT('',(8.05,0.,1.03));
#2393 = VECTOR('',#2394,1.);
#2394 = DIRECTION('',(-0.,-0.,-1.));
#2395 = ORIENTED_EDGE('',*,*,#2396,.T.);
#2396 = EDGE_CURVE('',#2389,#2389,#2397,.T.);
#2397 = CIRCLE('',#2398,0.45);
#2398 = AXIS2_PLACEMENT_3D('',#2399,#2400,#2401);
#2399 = CARTESIAN_POINT('',(7.6,-1.29542663314E-31,-2.82));
#2400 = DIRECTION('',(-1.19708830782E-30,3.357113761597E-32,1.));
#2401 = DIRECTION('',(1.,3.013010401886E-31,1.19708830782E-30));
#2402 = ORIENTED_EDGE('',*,*,#2388,.F.);
#2403 = CYLINDRICAL_SURFACE('',#2404,0.45);
#2404 = AXIS2_PLACEMENT_3D('',#2405,#2406,#2407);
#2405 = CARTESIAN_POINT('',(7.6,0.,1.03));
#2406 = DIRECTION('',(0.,0.,1.));
#2407 = DIRECTION('',(1.,0.,-0.));
#2408 = ADVANCED_FACE('',(#2409),#2428,.F.);
#2409 = FACE_BOUND('',#2410,.F.);
#2410 = EDGE_LOOP('',(#2411,#2419,#2420,#2421));
#2411 = ORIENTED_EDGE('',*,*,#2412,.T.);
#2412 = EDGE_CURVE('',#2413,#2346,#2415,.T.);
#2413 = VERTEX_POINT('',#2414);
#2414 = CARTESIAN_POINT('',(4.8,0.,9.33));
#2415 = LINE('',#2416,#2417);
#2416 = CARTESIAN_POINT('',(4.8,0.,1.93));
#2417 = VECTOR('',#2418,1.);
#2418 = DIRECTION('',(0.,0.,1.));
#2419 = ORIENTED_EDGE('',*,*,#2345,.T.);
#2420 = ORIENTED_EDGE('',*,*,#2412,.F.);
#2421 = ORIENTED_EDGE('',*,*,#2422,.T.);
#2422 = EDGE_CURVE('',#2413,#2413,#2423,.T.);
#2423 = CIRCLE('',#2424,1.);
#2424 = AXIS2_PLACEMENT_3D('',#2425,#2426,#2427);
#2425 = CARTESIAN_POINT('',(3.8,0.,9.33));
#2426 = DIRECTION('',(0.,0.,1.));
#2427 = DIRECTION('',(1.,0.,-0.));
#2428 = CYLINDRICAL_SURFACE('',#2429,1.);
#2429 = AXIS2_PLACEMENT_3D('',#2430,#2431,#2432);
#2430 = CARTESIAN_POINT('',(3.8,0.,1.93));
#2431 = DIRECTION('',(-0.,-0.,-1.));
#2432 = DIRECTION('',(1.,0.,0.));
#2433 = ADVANCED_FACE('',(#2434),#2454,.T.);
#2434 = FACE_BOUND('',#2435,.T.);
#2435 = EDGE_LOOP('',(#2436,#2445,#2452,#2453));
#2436 = ORIENTED_EDGE('',*,*,#2437,.T.);
#2437 = EDGE_CURVE('',#2438,#2438,#2440,.T.);
#2438 = VERTEX_POINT('',#2439);
#2439 = CARTESIAN_POINT('',(0.27,0.,-3.));
#2440 = CIRCLE('',#2441,0.27);
#2441 = AXIS2_PLACEMENT_3D('',#2442,#2443,#2444);
#2442 = CARTESIAN_POINT('',(0.,0.,-3.));
#2443 = DIRECTION('',(0.,0.,1.));
#2444 = DIRECTION('',(1.,0.,-0.));
#2445 = ORIENTED_EDGE('',*,*,#2446,.F.);
#2446 = EDGE_CURVE('',#2364,#2438,#2447,.T.);
#2447 = CIRCLE('',#2448,0.18);
#2448 = AXIS2_PLACEMENT_3D('',#2449,#2450,#2451);
#2449 = CARTESIAN_POINT('',(0.27,0.,-2.82));
#2450 = DIRECTION('',(-0.,1.,0.));
#2451 = DIRECTION('',(1.,0.,0.));
#2452 = ORIENTED_EDGE('',*,*,#2371,.F.);
#2453 = ORIENTED_EDGE('',*,*,#2446,.T.);
#2454 = TOROIDAL_SURFACE('',#2455,0.27,0.18);
#2455 = AXIS2_PLACEMENT_3D('',#2456,#2457,#2458);
#2456 = CARTESIAN_POINT('',(0.,0.,-2.82));
#2457 = DIRECTION('',(-0.,-0.,-1.));
#2458 = DIRECTION('',(1.,0.,0.));
#2459 = ADVANCED_FACE('',(#2460),#2480,.T.);
#2460 = FACE_BOUND('',#2461,.T.);
#2461 = EDGE_LOOP('',(#2462,#2471,#2478,#2479));
#2462 = ORIENTED_EDGE('',*,*,#2463,.T.);
#2463 = EDGE_CURVE('',#2464,#2464,#2466,.T.);
#2464 = VERTEX_POINT('',#2465);
#2465 = CARTESIAN_POINT('',(7.87,-5.423418723394E-32,-3.));
#2466 = CIRCLE('',#2467,0.27);
#2467 = AXIS2_PLACEMENT_3D('',#2468,#2469,#2470);
#2468 = CARTESIAN_POINT('',(7.6,-1.355854680849E-31,-3.));
#2469 = DIRECTION('',(-1.19708830782E-30,3.357113761597E-32,1.));
#2470 = DIRECTION('',(1.,3.013010401886E-31,1.19708830782E-30));
#2471 = ORIENTED_EDGE('',*,*,#2472,.F.);
#2472 = EDGE_CURVE('',#2389,#2464,#2473,.T.);
#2473 = CIRCLE('',#2474,0.18);
#2474 = AXIS2_PLACEMENT_3D('',#2475,#2476,#2477);
#2475 = CARTESIAN_POINT('',(7.87,-5.181706532559E-32,-2.82));
#2476 = DIRECTION('',(-2.878725851422E-31,1.,-3.357113761597E-32));
#2477 = DIRECTION('',(1.,2.878725851422E-31,1.19708830782E-30));
#2478 = ORIENTED_EDGE('',*,*,#2396,.F.);
#2479 = ORIENTED_EDGE('',*,*,#2472,.T.);
#2480 = TOROIDAL_SURFACE('',#2481,0.27,0.18);
#2481 = AXIS2_PLACEMENT_3D('',#2482,#2483,#2484);
#2482 = CARTESIAN_POINT('',(7.6,-1.29542663314E-31,-2.82));
#2483 = DIRECTION('',(1.19708830782E-30,-3.357113761597E-32,-1.));
#2484 = DIRECTION('',(1.,3.013010401886E-31,1.19708830782E-30));
#2485 = ADVANCED_FACE('',(#2486),#2489,.T.);
#2486 = FACE_BOUND('',#2487,.T.);
#2487 = EDGE_LOOP('',(#2488));
#2488 = ORIENTED_EDGE('',*,*,#2422,.T.);
#2489 = PLANE('',#2490);
#2490 = AXIS2_PLACEMENT_3D('',#2491,#2492,#2493);
#2491 = CARTESIAN_POINT('',(3.8,8.737595245399E-17,9.33));
#2492 = DIRECTION('',(-4.930380657631E-31,-1.632186346944E-32,1.));
#2493 = DIRECTION('',(1.,0.,4.930380657631E-31));
#2494 = ADVANCED_FACE('',(#2495),#2498,.F.);
#2495 = FACE_BOUND('',#2496,.F.);
#2496 = EDGE_LOOP('',(#2497));
#2497 = ORIENTED_EDGE('',*,*,#2437,.T.);
#2498 = PLANE('',#2499);
#2499 = AXIS2_PLACEMENT_3D('',#2500,#2501,#2502);
#2500 = CARTESIAN_POINT('',(-1.18701400394E-17,2.911085817041E-17,-3.));
#2501 = DIRECTION('',(0.,0.,1.));
#2502 = DIRECTION('',(1.,0.,-0.));
#2503 = ADVANCED_FACE('',(#2504),#2507,.F.);
#2504 = FACE_BOUND('',#2505,.F.);
#2505 = EDGE_LOOP('',(#2506));
#2506 = ORIENTED_EDGE('',*,*,#2463,.T.);
#2507 = PLANE('',#2508);
#2508 = AXIS2_PLACEMENT_3D('',#2509,#2510,#2511);
#2509 = CARTESIAN_POINT('',(7.6,-1.836970198721E-17,-3.));
#2510 = DIRECTION('',(-1.19708830782E-30,3.357113761597E-32,1.));
#2511 = DIRECTION('',(1.,0.,1.19708830782E-30));
#2512 = ( GEOMETRIC_REPRESENTATION_CONTEXT(3) 
GLOBAL_UNCERTAINTY_ASSIGNED_CONTEXT((#2516)) 
GLOBAL_UNIT_ASSIGNED_CONTEXT((#2513,#2514,#2515)) REPRESENTATION_CONTEXT
('Context #1','3D Context with UNIT and UNCERTAINTY') );
#2513 = ( LENGTH_UNIT() NAMED_UNIT(*) SI_UNIT(.MILLI.,.METRE.) );
#2514 = ( NAMED_UNIT(*) PLANE_ANGLE_UNIT() SI_UNIT($,.RADIAN.) );
#2515 = ( NAMED_UNIT(*) SI_UNIT($,.STERADIAN.) SOLID_ANGLE_UNIT() );
#2516 = UNCERTAINTY_MEASURE_WITH_UNIT(LENGTH_MEASURE(1.E-07),#2513,
  'distance_accuracy_value','confusion accuracy');
#2517 = CONTEXT_DEPENDENT_SHAPE_REPRESENTATION(#2518,#2520);
#2518 = ( REPRESENTATION_RELATIONSHIP('','',#2219,#2196) 
REPRESENTATION_RELATIONSHIP_WITH_TRANSFORMATION(#2519) 
SHAPE_REPRESENTATION_RELATIONSHIP() );
#2519 = ITEM_DEFINED_TRANSFORMATION('','',#11,#2197);
#2520 = PRODUCT_DEFINITION_SHAPE('Placement','Placement of an item',
  #2521);
#2521 = NEXT_ASSEMBLY_USAGE_OCCURRENCE('3','=>[0:1:1:5]','',#2191,#2214,
  $);
#2522 = PRODUCT_RELATED_PRODUCT_CATEGORY('part',$,(#2216));
#2523 = SHAPE_DEFINITION_REPRESENTATION(#2524,#2530);
#2524 = PRODUCT_DEFINITION_SHAPE('','',#2525);
#2525 = PRODUCT_DEFINITION('design','',#2526,#2529);
#2526 = PRODUCT_DEFINITION_FORMATION('','',#2527);
#2527 = PRODUCT('C_Disc_D5.0mm_W2.5mm_P5.00mm',
  'C_Disc_D5.0mm_W2.5mm_P5.00mm','',(#2528));
#2528 = PRODUCT_CONTEXT('',#2,'mechanical');
#2529 = PRODUCT_DEFINITION_CONTEXT('part definition',#2,'design');
#2530 = SHAPE_REPRESENTATION('',(#11,#2531),#2535);
#2531 = AXIS2_PLACEMENT_3D('',#2532,#2533,#2534);
#2532 = CARTESIAN_POINT('',(0.,0.,0.));
#2533 = DIRECTION('',(0.,0.,1.));
#2534 = DIRECTION('',(1.,0.,-0.));
#2535 = ( GEOMETRIC_REPRESENTATION_CONTEXT(3) 
GLOBAL_UNCERTAINTY_ASSIGNED_CONTEXT((#2539)) 
GLOBAL_UNIT_ASSIGNED_CONTEXT((#2536,#2537,#2538)) REPRESENTATION_CONTEXT
('Context #1','3D Context with UNIT and UNCERTAINTY') );
#2536 = ( LENGTH_UNIT() NAMED_UNIT(*) SI_UNIT(.MILLI.,.METRE.) );
#2537 = ( NAMED_UNIT(*) PLANE_ANGLE_UNIT() SI_UNIT($,.RADIAN.) );
#2538 = ( NAMED_UNIT(*) SI_UNIT($,.STERADIAN.) SOLID_ANGLE_UNIT() );
#2539 = UNCERTAINTY_MEASURE_WITH_UNIT(LENGTH_MEASURE(2.E-07),#2536,
  'distance_accuracy_value','confusion accuracy');
#2540 = CONTEXT_DEPENDENT_SHAPE_REPRESENTATION(#2541,#2543);
#2541 = ( REPRESENTATION_RELATIONSHIP('','',#2530,#10) 
REPRESENTATION_RELATIONSHIP_WITH_TRANSFORMATION(#2542) 
SHAPE_REPRESENTATION_RELATIONSHIP() );
#2542 = ITEM_DEFINED_TRANSFORMATION('','',#11,#23);
#2543 = PRODUCT_DEFINITION_SHAPE('Placement','Placement of an item',
  #2544);
#2544 = NEXT_ASSEMBLY_USAGE_OCCURRENCE('6','C1','',#5,#2525,$);
#2545 = PRODUCT_RELATED_PRODUCT_CATEGORY('part',$,(#2527));
#2546 = SHAPE_DEFINITION_REPRESENTATION(#2547,#2553);
#2547 = PRODUCT_DEFINITION_SHAPE('','',#2548);
#2548 = PRODUCT_DEFINITION('design','',#2549,#2552);
#2549 = PRODUCT_DEFINITION_FORMATION('','',#2550);
#2550 = PRODUCT('C_Disc_D50mm_W25mm_P500mm','C_Disc_D50mm_W25mm_P500mm',
  '',(#2551));
#2551 = PRODUCT_CONTEXT('',#2,'mechanical');
#2552 = PRODUCT_DEFINITION_CONTEXT('part definition',#2,'design');
#2553 = ADVANCED_BREP_SHAPE_REPRESENTATION('',(#11,#2554),#3036);
#2554 = MANIFOLD_SOLID_BREP('',#2555);
#2555 = CLOSED_SHELL('',(#2556,#2573,#2598,#2628,#2762,#2863,#2945,#2972
    ,#3002,#3027));
#2556 = ADVANCED_FACE('',(#2557),#2568,.T.);
#2557 = FACE_BOUND('',#2558,.F.);
#2558 = EDGE_LOOP('',(#2559));
#2559 = ORIENTED_EDGE('',*,*,#2560,.T.);
#2560 = EDGE_CURVE('',#2561,#2561,#2563,.T.);
#2561 = VERTEX_POINT('',#2562);
#2562 = CARTESIAN_POINT('',(5.,0.25,-2.));
#2563 = CIRCLE('',#2564,0.25);
#2564 = AXIS2_PLACEMENT_3D('',#2565,#2566,#2567);
#2565 = CARTESIAN_POINT('',(5.,0.,-2.));
#2566 = DIRECTION('',(0.,-0.,1.));
#2567 = DIRECTION('',(1.144237745222E-17,1.,0.));
#2568 = PLANE('',#2569);
#2569 = AXIS2_PLACEMENT_3D('',#2570,#2571,#2572);
#2570 = CARTESIAN_POINT('',(5.,0.25,-2.));
#2571 = DIRECTION('',(-0.,0.,-1.));
#2572 = DIRECTION('',(-1.144237745222E-17,-1.,0.));
#2573 = ADVANCED_FACE('',(#2574),#2593,.T.);
#2574 = FACE_BOUND('',#2575,.T.);
#2575 = EDGE_LOOP('',(#2576,#2584,#2591,#2592));
#2576 = ORIENTED_EDGE('',*,*,#2577,.T.);
#2577 = EDGE_CURVE('',#2561,#2578,#2580,.T.);
#2578 = VERTEX_POINT('',#2579);
#2579 = CARTESIAN_POINT('',(5.,0.25,0.85));
#2580 = LINE('',#2581,#2582);
#2581 = CARTESIAN_POINT('',(5.,0.25,-2.));
#2582 = VECTOR('',#2583,1.);
#2583 = DIRECTION('',(0.,0.,1.));
#2584 = ORIENTED_EDGE('',*,*,#2585,.F.);
#2585 = EDGE_CURVE('',#2578,#2578,#2586,.T.);
#2586 = CIRCLE('',#2587,0.25);
#2587 = AXIS2_PLACEMENT_3D('',#2588,#2589,#2590);
#2588 = CARTESIAN_POINT('',(5.,0.,0.85));
#2589 = DIRECTION('',(0.,-0.,1.));
#2590 = DIRECTION('',(1.144237745222E-17,1.,0.));
#2591 = ORIENTED_EDGE('',*,*,#2577,.F.);
#2592 = ORIENTED_EDGE('',*,*,#2560,.T.);
#2593 = CYLINDRICAL_SURFACE('',#2594,0.25);
#2594 = AXIS2_PLACEMENT_3D('',#2595,#2596,#2597);
#2595 = CARTESIAN_POINT('',(5.,0.,-2.));
#2596 = DIRECTION('',(0.,-0.,-1.));
#2597 = DIRECTION('',(1.144237745222E-17,1.,0.));
#2598 = ADVANCED_FACE('',(#2599),#2619,.F.);
#2599 = FACE_BOUND('',#2600,.F.);
#2600 = EDGE_LOOP('',(#2601,#2610,#2611,#2612));
#2601 = ORIENTED_EDGE('',*,*,#2602,.F.);
#2602 = EDGE_CURVE('',#2578,#2603,#2605,.T.);
#2603 = VERTEX_POINT('',#2604);
#2604 = CARTESIAN_POINT('',(4.933012701892,0.25,1.1));
#2605 = CIRCLE('',#2606,0.5);
#2606 = AXIS2_PLACEMENT_3D('',#2607,#2608,#2609);
#2607 = CARTESIAN_POINT('',(4.5,0.25,0.85));
#2608 = DIRECTION('',(-1.144237745222E-17,-1.,0.));
#2609 = DIRECTION('',(1.,-1.144237745222E-17,0.));
#2610 = ORIENTED_EDGE('',*,*,#2585,.F.);
#2611 = ORIENTED_EDGE('',*,*,#2602,.T.);
#2612 = ORIENTED_EDGE('',*,*,#2613,.T.);
#2613 = EDGE_CURVE('',#2603,#2603,#2614,.T.);
#2614 = CIRCLE('',#2615,0.25);
#2615 = AXIS2_PLACEMENT_3D('',#2616,#2617,#2618);
#2616 = CARTESIAN_POINT('',(4.933012701892,5.500816221034E-34,1.1));
#2617 = DIRECTION('',(-0.5,5.721188726112E-18,0.866025403784));
#2618 = DIRECTION('',(1.144237745222E-17,1.,0.));
#2619 = SURFACE_OF_REVOLUTION('',#2620,#2625);
#2620 = CIRCLE('',#2621,0.25);
#2621 = AXIS2_PLACEMENT_3D('',#2622,#2623,#2624);
#2622 = CARTESIAN_POINT('',(5.,0.,0.85));
#2623 = DIRECTION('',(0.,-0.,1.));
#2624 = DIRECTION('',(1.144237745222E-17,1.,0.));
#2625 = AXIS1_PLACEMENT('',#2626,#2627);
#2626 = CARTESIAN_POINT('',(4.5,-4.,0.85));
#2627 = DIRECTION('',(-1.144237745222E-17,-1.,0.));
#2628 = ADVANCED_FACE('',(#2629),#2757,.T.);
#2629 = FACE_BOUND('',#2630,.T.);
#2630 = EDGE_LOOP('',(#2631,#2639,#2676,#2732,#2755,#2756));
#2631 = ORIENTED_EDGE('',*,*,#2632,.T.);
#2632 = EDGE_CURVE('',#2603,#2633,#2635,.T.);
#2633 = VERTEX_POINT('',#2634);
#2634 = CARTESIAN_POINT('',(4.598334876348,0.25,1.67967899801));
#2635 = LINE('',#2636,#2637);
#2636 = CARTESIAN_POINT('',(4.933012701892,0.25,1.1));
#2637 = VECTOR('',#2638,1.);
#2638 = DIRECTION('',(-0.5,5.721188726112E-18,0.866025403784));
#2639 = ORIENTED_EDGE('',*,*,#2640,.F.);
#2640 = EDGE_CURVE('',#2641,#2633,#2643,.T.);
#2641 = VERTEX_POINT('',#2642);
#2642 = CARTESIAN_POINT('',(4.849268064747,2.22044604925E-16,
    1.745049966396));
#2643 = B_SPLINE_CURVE_WITH_KNOTS('',7,(#2644,#2645,#2646,#2647,#2648,
    #2649,#2650,#2651,#2652,#2653,#2654,#2655,#2656,#2657,#2658,#2659,
    #2660,#2661,#2662,#2663,#2664,#2665,#2666,#2667,#2668,#2669,#2670,
    #2671,#2672,#2673,#2674,#2675),.UNSPECIFIED.,.F.,.F.,(8,6,6,6,6,8),(
    0.,0.241763709565,0.410219393977,0.53652090117,0.746819928834,1.),
  .UNSPECIFIED.);
#2644 = CARTESIAN_POINT('',(4.849268064747,2.22044604925E-16,
    1.745049966396));
#2645 = CARTESIAN_POINT('',(4.844364001498,1.001758874615E-02,
    1.753544053108));
#2646 = CARTESIAN_POINT('',(4.839050542048,2.032222277663E-02,
    1.761810882376));
#2647 = CARTESIAN_POINT('',(4.833282119644,3.09553234543E-02,
    1.769830860094));
#2648 = CARTESIAN_POINT('',(4.827007808277,4.19533636841E-02,
    1.777563706468));
#2649 = CARTESIAN_POINT('',(4.820156869887,5.335972239721E-02,
    1.784937757425));
#2650 = CARTESIAN_POINT('',(4.812654445026,6.521344490044E-02,
    1.791860790374));
#2651 = CARTESIAN_POINT('',(4.798541655418,8.626048624641E-02,
    1.802556496601));
#2652 = CARTESIAN_POINT('',(4.792502758244,9.494432076344E-02,
    1.80653384436));
#2653 = CARTESIAN_POINT('',(4.786214684815,0.103658414056,1.810054547962
    ));
#2654 = CARTESIAN_POINT('',(4.779676548822,0.112384519975,1.813070715723
    ));
#2655 = CARTESIAN_POINT('',(4.772892242487,0.121096801108,1.815528388152
    ));
#2656 = CARTESIAN_POINT('',(4.765870436561,0.129761828785,1.817367537947
    ));
#2657 = CARTESIAN_POINT('',(4.753191919698,0.144769099183,1.819387693132
    ));
#2658 = CARTESIAN_POINT('',(4.747633142674,0.151151003548,1.819870466346
    ));
#2659 = CARTESIAN_POINT('',(4.741957304551,0.157462287585,1.819940124931
    ));
#2660 = CARTESIAN_POINT('',(4.736177207874,0.16367854908,1.819570425239)
  );
#2661 = CARTESIAN_POINT('',(4.730309402433,0.169772992177,1.818739144678
    ));
#2662 = CARTESIAN_POINT('',(4.724374185264,0.175716427387,1.817428081711
    ));
#2663 = CARTESIAN_POINT('',(4.708440925053,0.191069397272,1.812617587517
    ));
#2664 = CARTESIAN_POINT('',(4.698342251762,0.200179567672,1.808239048518
    ));
#2665 = CARTESIAN_POINT('',(4.688276068011,0.208600246808,1.802446960471
    ));
#2666 = CARTESIAN_POINT('',(4.678382446843,0.216203663219,1.795293526394
    ));
#2667 = CARTESIAN_POINT('',(4.668780572755,0.222911046087,1.786901062703
    ));
#2668 = CARTESIAN_POINT('',(4.659576067045,0.228682208447,1.777454057665
    ));
#2669 = CARTESIAN_POINT('',(4.640366931202,0.239356313732,1.754867994485
    ));
#2670 = CARTESIAN_POINT('',(4.631423567489,0.24337539305,1.742360451828)
  );
#2671 = CARTESIAN_POINT('',(4.623444904041,0.246276217548,1.729806365285
    ));
#2672 = CARTESIAN_POINT('',(4.616297148448,0.248221538981,1.717250157528
    ));
#2673 = CARTESIAN_POINT('',(4.60978615485,0.249434404961,1.704718873159)
  );
#2674 = CARTESIAN_POINT('',(4.603828651289,0.249999998934,1.692204820721
    ));
#2675 = CARTESIAN_POINT('',(4.598334876348,0.25,1.67967899801));
#2676 = ORIENTED_EDGE('',*,*,#2677,.F.);
#2677 = EDGE_CURVE('',#2678,#2641,#2680,.T.);
#2678 = VERTEX_POINT('',#2679);
#2679 = CARTESIAN_POINT('',(4.579497089263,2.22044604925E-16,
    1.212307002343));
#2680 = B_SPLINE_CURVE_WITH_KNOTS('',8,(#2681,#2682,#2683,#2684,#2685,
    #2686,#2687,#2688,#2689,#2690,#2691,#2692,#2693,#2694,#2695,#2696,
    #2697,#2698,#2699,#2700,#2701,#2702,#2703,#2704,#2705,#2706,#2707,
    #2708,#2709,#2710,#2711,#2712,#2713,#2714,#2715,#2716,#2717,#2718,
    #2719,#2720,#2721,#2722,#2723,#2724,#2725,#2726,#2727,#2728,#2729,
    #2730,#2731),.UNSPECIFIED.,.F.,.F.,(9,7,7,7,7,7,7,9),(0.,
    0.19078736286,0.369786424479,0.513703292981,0.651485740399,
    0.719841574329,0.850671073529,1.),.UNSPECIFIED.);
#2681 = CARTESIAN_POINT('',(4.579497089263,2.498001805407E-16,
    1.212307002343));
#2682 = CARTESIAN_POINT('',(4.573387972941,-1.460665884341E-02,
    1.222888302202));
#2683 = CARTESIAN_POINT('',(4.567872793808,-2.901585421323E-02,
    1.234391492263));
#2684 = CARTESIAN_POINT('',(4.562924967853,-4.321614467519E-02,
    1.246770598809));
#2685 = CARTESIAN_POINT('',(4.558529269717,-5.719266388664E-02,
    1.259994825522));
#2686 = CARTESIAN_POINT('',(4.554678380237,-7.092786565873E-02,
    1.274043557557));
#2687 = CARTESIAN_POINT('',(4.551371358063,-8.440178729829E-02,
    1.288904308098));
#2688 = CARTESIAN_POINT('',(4.54861403534,-9.75918312297E-02,
    1.304573607428));
#2689 = CARTESIAN_POINT('',(4.544364121213,-0.122556459299,
    1.336529354653));
#2690 = CARTESIAN_POINT('',(4.54280525738,-0.134360058047,1.352707443955
    ));
#2691 = CARTESIAN_POINT('',(4.541755282839,-0.145866851387,
    1.369607709551));
#2692 = CARTESIAN_POINT('',(4.541233573854,-0.157050082566,
    1.387243425374));
#2693 = CARTESIAN_POINT('',(4.541269384929,-0.167871628778,
    1.405629460697));
#2694 = CARTESIAN_POINT('',(4.541900768006,-0.178282922567,
    1.424780748836));
#2695 = CARTESIAN_POINT('',(4.543178413136,-0.188223408141,
    1.444716731634));
#2696 = CARTESIAN_POINT('',(4.546791913086,-0.205161463833,
    1.482174244549));
#2697 = CARTESIAN_POINT('',(4.548867568358,-0.212336815491,
    1.499365112402));
#2698 = CARTESIAN_POINT('',(4.551449322994,-0.21911262951,1.517101248612
    ));
#2699 = CARTESIAN_POINT('',(4.554588949033,-0.225434790367,
    1.535405455025));
#2700 = CARTESIAN_POINT('',(4.558351203287,-0.23121980149,1.554273840107
    ));
#2701 = CARTESIAN_POINT('',(4.562809380792,-0.236360279408,1.57367194637
    ));
#2702 = CARTESIAN_POINT('',(4.56804938678,-0.240723818141,1.593536348114
    ));
#2703 = CARTESIAN_POINT('',(4.580083375897,-0.247394677691,
    1.633180338834));
#2704 = CARTESIAN_POINT('',(4.586845109335,-0.249805464857,1.65307009704
    ));
#2705 = CARTESIAN_POINT('',(4.594548081019,-0.25114837322,1.673181590757
    ));
#2706 = CARTESIAN_POINT('',(4.603234095602,-0.251199397317,
    1.693144207547));
#2707 = CARTESIAN_POINT('',(4.612904709005,-0.249766604459,
    1.712525487432));
#2708 = CARTESIAN_POINT('',(4.623510669589,-0.246703489644,
    1.730835828697));
#2709 = CARTESIAN_POINT('',(4.634913431764,-0.241958998128,
    1.747561890486));
#2710 = CARTESIAN_POINT('',(4.652674340329,-0.232636318869,
    1.769587500065));
#2711 = CARTESIAN_POINT('',(4.658793561142,-0.229121074946,
    1.776545002843));
#2712 = CARTESIAN_POINT('',(4.665132494898,-0.225165084099,1.78308873275
    ));
#2713 = CARTESIAN_POINT('',(4.671673437455,-0.220762392381,
    1.789157782984));
#2714 = CARTESIAN_POINT('',(4.678390938392,-0.215918012519,
    1.794697882872));
#2715 = CARTESIAN_POINT('',(4.685251801011,-0.210647923916,1.79966139787
    ));
#2716 = CARTESIAN_POINT('',(4.692215082337,-0.204979072648,1.80400732956
    ));
#2717 = CARTESIAN_POINT('',(4.712662285579,-0.187408838047,
    1.814771412284));
#2718 = CARTESIAN_POINT('',(4.725089984166,-0.175584738619,
    1.818840798146));
#2719 = CARTESIAN_POINT('',(4.736706919844,-0.16366938184,1.820787771474
    ));
#2720 = CARTESIAN_POINT('',(4.747577380936,-0.151759451498,
    1.821004004895));
#2721 = CARTESIAN_POINT('',(4.757786419455,-0.13992141729,1.819855513126
    ));
#2722 = CARTESIAN_POINT('',(4.767404145421,-0.128164571922,
    1.817548969936));
#2723 = CARTESIAN_POINT('',(4.776513227192,-0.116465113698,
    1.814245747812));
#2724 = CARTESIAN_POINT('',(4.795110133981,-9.138315207225E-02,
    1.805184241801));
#2725 = CARTESIAN_POINT('',(4.804401047084,-7.808906169928E-02,
    1.79917878212));
#2726 = CARTESIAN_POINT('',(4.813131750415,-6.487082818957E-02,
    1.792169953268));
#2727 = CARTESIAN_POINT('',(4.821336999308,-5.173108947652E-02,
    1.784267640052));
#2728 = CARTESIAN_POINT('',(4.829040151353,-3.867252726795E-02,
    1.77555243203));
#2729 = CARTESIAN_POINT('',(4.836257613555,-2.569717297862E-02,
    1.766085410303));
#2730 = CARTESIAN_POINT('',(4.842998828532,-1.280624391766E-02,
    1.755908602047));
#2731 = CARTESIAN_POINT('',(4.849268064747,2.498001805407E-16,
    1.745049966396));
#2732 = ORIENTED_EDGE('',*,*,#2733,.F.);
#2733 = EDGE_CURVE('',#2633,#2678,#2734,.T.);
#2734 = B_SPLINE_CURVE_WITH_KNOTS('',7,(#2735,#2736,#2737,#2738,#2739,
    #2740,#2741,#2742,#2743,#2744,#2745,#2746,#2747,#2748,#2749,#2750,
    #2751,#2752,#2753,#2754),.UNSPECIFIED.,.F.,.F.,(8,6,6,8),(0.,
    0.281994812219,0.607907449028,1.),.UNSPECIFIED.);
#2735 = CARTESIAN_POINT('',(4.598334876348,0.25,1.67967899801));
#2736 = CARTESIAN_POINT('',(4.59140316225,0.249999998655,1.663874664792)
  );
#2737 = CARTESIAN_POINT('',(4.584779319419,0.249097702928,1.647066430358
    ));
#2738 = CARTESIAN_POINT('',(4.57848797922,0.247237965056,1.629245900853)
  );
#2739 = CARTESIAN_POINT('',(4.572567416869,0.244351132052,1.610414633265
    ));
#2740 = CARTESIAN_POINT('',(4.567069136716,0.240354966676,1.590588712837
    ));
#2741 = CARTESIAN_POINT('',(4.562056059024,0.235162078935,1.569806567483
    ));
#2742 = CARTESIAN_POINT('',(4.552465184222,0.221156737986,1.523036611148
    ));
#2743 = CARTESIAN_POINT('',(4.548017978227,0.211820586954,1.496455272772
    ));
#2744 = CARTESIAN_POINT('',(4.544499521247,0.2005382536,1.468779146536)
  );
#2745 = CARTESIAN_POINT('',(4.542122564392,0.187310533223,1.440582892474
    ));
#2746 = CARTESIAN_POINT('',(4.541040445648,0.172323535548,1.41259935383)
  );
#2747 = CARTESIAN_POINT('',(4.541313919702,0.156017752716,1.385700124238
    ));
#2748 = CARTESIAN_POINT('',(4.54438761915,0.119293483306,1.331066240948)
  );
#2749 = CARTESIAN_POINT('',(4.547692372034,9.868060220454E-02,
    1.304224275262));
#2750 = CARTESIAN_POINT('',(4.552320107241,7.804002353955E-02,
    1.280481999293));
#2751 = CARTESIAN_POINT('',(4.557990364705,5.773102402524E-02,
    1.259686288118));
#2752 = CARTESIAN_POINT('',(4.564484824922,3.794535222575E-02,
    1.241582242932));
#2753 = CARTESIAN_POINT('',(4.571664728431,1.872686925256E-02,
    1.225873049248));
#2754 = CARTESIAN_POINT('',(4.579497089263,2.22044604925E-16,
    1.212307002343));
#2755 = ORIENTED_EDGE('',*,*,#2632,.F.);
#2756 = ORIENTED_EDGE('',*,*,#2613,.T.);
#2757 = CYLINDRICAL_SURFACE('',#2758,0.25);
#2758 = AXIS2_PLACEMENT_3D('',#2759,#2760,#2761);
#2759 = CARTESIAN_POINT('',(4.933012701892,0.,1.1));
#2760 = DIRECTION('',(0.5,-5.721188726112E-18,-0.866025403784));
#2761 = DIRECTION('',(1.144237745222E-17,1.,0.));
#2762 = ADVANCED_FACE('',(#2763),#2858,.T.);
#2763 = FACE_BOUND('',#2764,.T.);
#2764 = EDGE_LOOP('',(#2765,#2776,#2777,#2784,#2785,#2786,#2795,#2851));
#2765 = ORIENTED_EDGE('',*,*,#2766,.F.);
#2766 = EDGE_CURVE('',#2767,#2769,#2771,.T.);
#2767 = VERTEX_POINT('',#2768);
#2768 = CARTESIAN_POINT('',(2.5,1.25,2.6));
#2769 = VERTEX_POINT('',#2770);
#2770 = CARTESIAN_POINT('',(-8.881784197001E-16,2.22044604925E-16,2.6));
#2771 = CIRCLE('',#2772,3.125);
#2772 = AXIS2_PLACEMENT_3D('',#2773,#2774,#2775);
#2773 = CARTESIAN_POINT('',(2.5,-1.875,2.6));
#2774 = DIRECTION('',(0.,0.,1.));
#2775 = DIRECTION('',(-7.105427357601E-16,1.,0.));
#2776 = ORIENTED_EDGE('',*,*,#2766,.T.);
#2777 = ORIENTED_EDGE('',*,*,#2778,.F.);
#2778 = EDGE_CURVE('',#2641,#2769,#2779,.T.);
#2779 = CIRCLE('',#2780,2.5);
#2780 = AXIS2_PLACEMENT_3D('',#2781,#2782,#2783);
#2781 = CARTESIAN_POINT('',(2.5,2.22044604925E-16,2.6));
#2782 = DIRECTION('',(0.,-1.,0.));
#2783 = DIRECTION('',(-1.,0.,0.));
#2784 = ORIENTED_EDGE('',*,*,#2640,.T.);
#2785 = ORIENTED_EDGE('',*,*,#2733,.T.);
#2786 = ORIENTED_EDGE('',*,*,#2787,.F.);
#2787 = EDGE_CURVE('',#2788,#2678,#2790,.T.);
#2788 = VERTEX_POINT('',#2789);
#2789 = CARTESIAN_POINT('',(0.420502910737,2.22044604925E-16,
    1.212307002343));
#2790 = CIRCLE('',#2791,2.5);
#2791 = AXIS2_PLACEMENT_3D('',#2792,#2793,#2794);
#2792 = CARTESIAN_POINT('',(2.5,2.22044604925E-16,2.6));
#2793 = DIRECTION('',(0.,-1.,0.));
#2794 = DIRECTION('',(-1.,0.,0.));
#2795 = ORIENTED_EDGE('',*,*,#2796,.T.);
#2796 = EDGE_CURVE('',#2788,#2797,#2799,.T.);
#2797 = VERTEX_POINT('',#2798);
#2798 = CARTESIAN_POINT('',(0.150731935253,2.22044604925E-16,
    1.745049966396));
#2799 = B_SPLINE_CURVE_WITH_KNOTS('',8,(#2800,#2801,#2802,#2803,#2804,
    #2805,#2806,#2807,#2808,#2809,#2810,#2811,#2812,#2813,#2814,#2815,
    #2816,#2817,#2818,#2819,#2820,#2821,#2822,#2823,#2824,#2825,#2826,
    #2827,#2828,#2829,#2830,#2831,#2832,#2833,#2834,#2835,#2836,#2837,
    #2838,#2839,#2840,#2841,#2842,#2843,#2844,#2845,#2846,#2847,#2848,
    #2849,#2850),.UNSPECIFIED.,.F.,.F.,(9,7,7,7,7,7,7,9),(0.,
    0.190787362857,0.369786424466,0.513703292965,0.651485740381,
    0.719841574311,0.85067107352,1.),.UNSPECIFIED.);
#2800 = CARTESIAN_POINT('',(0.420502910737,2.22044604925E-16,
    1.212307002343));
#2801 = CARTESIAN_POINT('',(0.426612027059,1.460665884349E-02,
    1.222888302202));
#2802 = CARTESIAN_POINT('',(0.432127206192,2.90158542134E-02,
    1.234391492264));
#2803 = CARTESIAN_POINT('',(0.437075032147,4.321614467543E-02,
    1.246770598809));
#2804 = CARTESIAN_POINT('',(0.441470730283,5.719266388696E-02,
    1.259994825523));
#2805 = CARTESIAN_POINT('',(0.445321619763,7.092786565911E-02,
    1.274043557557));
#2806 = CARTESIAN_POINT('',(0.448628641937,8.440178729875E-02,
    1.288904308099));
#2807 = CARTESIAN_POINT('',(0.45138596466,9.759183123022E-02,
    1.304573607429));
#2808 = CARTESIAN_POINT('',(0.455635878787,0.122556459299,1.336529354654
    ));
#2809 = CARTESIAN_POINT('',(0.45719474262,0.134360058047,1.352707443955)
  );
#2810 = CARTESIAN_POINT('',(0.458244717161,0.145866851387,1.36960770955)
  );
#2811 = CARTESIAN_POINT('',(0.458766426146,0.157050082565,1.387243425373
    ));
#2812 = CARTESIAN_POINT('',(0.458730615071,0.167871628776,1.405629460695
    ));
#2813 = CARTESIAN_POINT('',(0.458099231994,0.178282922565,1.424780748833
    ));
#2814 = CARTESIAN_POINT('',(0.456821586864,0.188223408139,1.444716731629
    ));
#2815 = CARTESIAN_POINT('',(0.453208086915,0.205161463831,1.482174244543
    ));
#2816 = CARTESIAN_POINT('',(0.451132431643,0.212336815489,1.499365112397
    ));
#2817 = CARTESIAN_POINT('',(0.448550677007,0.219112629508,1.517101248607
    ));
#2818 = CARTESIAN_POINT('',(0.445411050968,0.225434790365,1.535405455019
    ));
#2819 = CARTESIAN_POINT('',(0.441648796714,0.231219801489,1.554273840102
    ));
#2820 = CARTESIAN_POINT('',(0.437190619209,0.236360279407,1.573671946365
    ));
#2821 = CARTESIAN_POINT('',(0.431950613221,0.24072381814,1.593536348108)
  );
#2822 = CARTESIAN_POINT('',(0.419916624105,0.24739467769,1.633180338828)
  );
#2823 = CARTESIAN_POINT('',(0.413154890668,0.249805464856,1.653070097035
    ));
#2824 = CARTESIAN_POINT('',(0.405451918983,0.25114837322,1.673181590751)
  );
#2825 = CARTESIAN_POINT('',(0.396765904401,0.251199397317,1.693144207542
    ));
#2826 = CARTESIAN_POINT('',(0.387095290998,0.249766604459,1.712525487427
    ));
#2827 = CARTESIAN_POINT('',(0.376489330414,0.246703489645,1.730835828693
    ));
#2828 = CARTESIAN_POINT('',(0.365086568239,0.24195899813,1.747561890482)
  );
#2829 = CARTESIAN_POINT('',(0.347325659674,0.232636318871,1.769587500061
    ));
#2830 = CARTESIAN_POINT('',(0.341206438861,0.229121074948,1.776545002841
    ));
#2831 = CARTESIAN_POINT('',(0.334867505104,0.225165084101,1.783088732748
    ));
#2832 = CARTESIAN_POINT('',(0.328326562548,0.220762392383,1.789157782982
    ));
#2833 = CARTESIAN_POINT('',(0.321609061611,0.215918012521,1.79469788287)
  );
#2834 = CARTESIAN_POINT('',(0.314748198992,0.210647923918,1.799661397867
    ));
#2835 = CARTESIAN_POINT('',(0.307784917667,0.204979072651,1.804007329558
    ));
#2836 = CARTESIAN_POINT('',(0.287337714424,0.187408838051,1.814771412283
    ));
#2837 = CARTESIAN_POINT('',(0.274910015837,0.175584738623,1.818840798145
    ));
#2838 = CARTESIAN_POINT('',(0.263293080159,0.163669381843,1.820787771474
    ));
#2839 = CARTESIAN_POINT('',(0.252422619066,0.151759451501,1.821004004895
    ));
#2840 = CARTESIAN_POINT('',(0.242213580548,0.139921417292,1.819855513126
    ));
#2841 = CARTESIAN_POINT('',(0.23259585458,0.128164571924,1.817548969937)
  );
#2842 = CARTESIAN_POINT('',(0.223486772809,0.1164651137,1.814245747813)
  );
#2843 = CARTESIAN_POINT('',(0.20488986602,9.138315207386E-02,
    1.805184241801));
#2844 = CARTESIAN_POINT('',(0.195598952917,7.808906170067E-02,
    1.799178782121));
#2845 = CARTESIAN_POINT('',(0.186868249586,6.487082819071E-02,
    1.792169953268));
#2846 = CARTESIAN_POINT('',(0.178663000692,5.173108947742E-02,
    1.784267640052));
#2847 = CARTESIAN_POINT('',(0.170959848647,3.867252726864E-02,
    1.775552432031));
#2848 = CARTESIAN_POINT('',(0.163742386445,2.569717297907E-02,
    1.766085410303));
#2849 = CARTESIAN_POINT('',(0.157001171468,1.280624391788E-02,
    1.755908602047));
#2850 = CARTESIAN_POINT('',(0.150731935253,2.22044604925E-16,
    1.745049966396));
#2851 = ORIENTED_EDGE('',*,*,#2852,.F.);
#2852 = EDGE_CURVE('',#2769,#2797,#2853,.T.);
#2853 = CIRCLE('',#2854,2.5);
#2854 = AXIS2_PLACEMENT_3D('',#2855,#2856,#2857);
#2855 = CARTESIAN_POINT('',(2.5,2.22044604925E-16,2.6));
#2856 = DIRECTION('',(0.,-1.,0.));
#2857 = DIRECTION('',(-1.,0.,0.));
#2858 = SPHERICAL_SURFACE('',#2859,3.125);
#2859 = AXIS2_PLACEMENT_3D('',#2860,#2861,#2862);
#2860 = CARTESIAN_POINT('',(2.5,-1.875,2.6));
#2861 = DIRECTION('',(0.,-1.,0.));
#2862 = DIRECTION('',(-1.,0.,0.));
#2863 = ADVANCED_FACE('',(#2864),#2940,.T.);
#2864 = FACE_BOUND('',#2865,.T.);
#2865 = EDGE_LOOP('',(#2866,#2875,#2876,#2913,#2936,#2937,#2938,#2939));
#2866 = ORIENTED_EDGE('',*,*,#2867,.F.);
#2867 = EDGE_CURVE('',#2769,#2868,#2870,.T.);
#2868 = VERTEX_POINT('',#2869);
#2869 = CARTESIAN_POINT('',(2.5,-1.25,2.6));
#2870 = CIRCLE('',#2871,3.125);
#2871 = AXIS2_PLACEMENT_3D('',#2872,#2873,#2874);
#2872 = CARTESIAN_POINT('',(2.5,1.875,2.6));
#2873 = DIRECTION('',(0.,0.,1.));
#2874 = DIRECTION('',(-0.8,-0.6,0.));
#2875 = ORIENTED_EDGE('',*,*,#2852,.T.);
#2876 = ORIENTED_EDGE('',*,*,#2877,.T.);
#2877 = EDGE_CURVE('',#2797,#2878,#2880,.T.);
#2878 = VERTEX_POINT('',#2879);
#2879 = CARTESIAN_POINT('',(0.401665123652,-0.25,1.67967899801));
#2880 = B_SPLINE_CURVE_WITH_KNOTS('',7,(#2881,#2882,#2883,#2884,#2885,
    #2886,#2887,#2888,#2889,#2890,#2891,#2892,#2893,#2894,#2895,#2896,
    #2897,#2898,#2899,#2900,#2901,#2902,#2903,#2904,#2905,#2906,#2907,
    #2908,#2909,#2910,#2911,#2912),.UNSPECIFIED.,.F.,.F.,(8,6,6,6,6,8),(
    0.,0.241763709606,0.410219394067,0.536520901234,0.746819928873,1.),
  .UNSPECIFIED.);
#2881 = CARTESIAN_POINT('',(0.150731935253,1.942890293094E-16,
    1.745049966396));
#2882 = CARTESIAN_POINT('',(0.155635998502,-1.00175887458E-02,
    1.753544053108));
#2883 = CARTESIAN_POINT('',(0.160949457952,-2.032222277588E-02,
    1.761810882375));
#2884 = CARTESIAN_POINT('',(0.166717880356,-3.095532345321E-02,
    1.769830860093));
#2885 = CARTESIAN_POINT('',(0.172992191722,-4.195336368249E-02,
    1.777563706467));
#2886 = CARTESIAN_POINT('',(0.179843130112,-5.335972239521E-02,
    1.784937757424));
#2887 = CARTESIAN_POINT('',(0.187345554972,-6.52134448979E-02,
    1.791860790373));
#2888 = CARTESIAN_POINT('',(0.20145834458,-8.626048624403E-02,
    1.8025564966));
#2889 = CARTESIAN_POINT('',(0.207497241755,-9.494432076174E-02,
    1.806533844359));
#2890 = CARTESIAN_POINT('',(0.213785315184,-0.103658414054,
    1.810054547961));
#2891 = CARTESIAN_POINT('',(0.220323451176,-0.112384519971,
    1.813070715722));
#2892 = CARTESIAN_POINT('',(0.227107757509,-0.121096801103,
    1.815528388151));
#2893 = CARTESIAN_POINT('',(0.234129563435,-0.129761828779,
    1.817367537946));
#2894 = CARTESIAN_POINT('',(0.246808080298,-0.14476909918,1.819387693132
    ));
#2895 = CARTESIAN_POINT('',(0.252366857324,-0.151151003546,
    1.819870466346));
#2896 = CARTESIAN_POINT('',(0.258042695449,-0.157462287585,
    1.819940124931));
#2897 = CARTESIAN_POINT('',(0.263822792127,-0.16367854908,1.819570425239
    ));
#2898 = CARTESIAN_POINT('',(0.269690597568,-0.169772992178,
    1.818739144678));
#2899 = CARTESIAN_POINT('',(0.275625814735,-0.175716427386,
    1.817428081711));
#2900 = CARTESIAN_POINT('',(0.291559074948,-0.191069397273,
    1.812617587517));
#2901 = CARTESIAN_POINT('',(0.301657748239,-0.200179567672,
    1.808239048518));
#2902 = CARTESIAN_POINT('',(0.311723931989,-0.208600246808,
    1.802446960471));
#2903 = CARTESIAN_POINT('',(0.321617553155,-0.216203663218,
    1.795293526394));
#2904 = CARTESIAN_POINT('',(0.331219427242,-0.222911046085,
    1.786901062705));
#2905 = CARTESIAN_POINT('',(0.340423932952,-0.228682208446,
    1.777454057668));
#2906 = CARTESIAN_POINT('',(0.359633068796,-0.239356313731,
    1.754867994488));
#2907 = CARTESIAN_POINT('',(0.368576432509,-0.24337539305,1.74236045183)
  );
#2908 = CARTESIAN_POINT('',(0.376555095958,-0.246276217548,
    1.729806365287));
#2909 = CARTESIAN_POINT('',(0.383702851552,-0.248221538981,
    1.717250157529));
#2910 = CARTESIAN_POINT('',(0.39021384515,-0.249434404961,1.70471887316)
  );
#2911 = CARTESIAN_POINT('',(0.396171348711,-0.249999998934,
    1.692204820721));
#2912 = CARTESIAN_POINT('',(0.401665123652,-0.25,1.67967899801));
#2913 = ORIENTED_EDGE('',*,*,#2914,.T.);
#2914 = EDGE_CURVE('',#2878,#2788,#2915,.T.);
#2915 = B_SPLINE_CURVE_WITH_KNOTS('',7,(#2916,#2917,#2918,#2919,#2920,
    #2921,#2922,#2923,#2924,#2925,#2926,#2927,#2928,#2929,#2930,#2931,
    #2932,#2933,#2934,#2935),.UNSPECIFIED.,.F.,.F.,(8,6,6,8),(0.,
    0.281994812224,0.607907449014,1.),.UNSPECIFIED.);
#2916 = CARTESIAN_POINT('',(0.401665123652,-0.25,1.67967899801));
#2917 = CARTESIAN_POINT('',(0.40859683775,-0.249999998655,1.663874664792
    ));
#2918 = CARTESIAN_POINT('',(0.415220680581,-0.249097702928,
    1.647066430357));
#2919 = CARTESIAN_POINT('',(0.42151202078,-0.247237965056,1.629245900852
    ));
#2920 = CARTESIAN_POINT('',(0.427432583132,-0.244351132051,
    1.610414633263));
#2921 = CARTESIAN_POINT('',(0.432930863285,-0.240354966676,
    1.590588712835));
#2922 = CARTESIAN_POINT('',(0.437943940976,-0.235162078934,
    1.569806567481));
#2923 = CARTESIAN_POINT('',(0.447534815778,-0.221156737985,
    1.523036611146));
#2924 = CARTESIAN_POINT('',(0.451982021773,-0.211820586954,
    1.496455272772));
#2925 = CARTESIAN_POINT('',(0.455500478753,-0.200538253601,
    1.468779146538));
#2926 = CARTESIAN_POINT('',(0.457877435607,-0.187310533225,
    1.440582892477));
#2927 = CARTESIAN_POINT('',(0.458959554352,-0.172323535551,
    1.412599353835));
#2928 = CARTESIAN_POINT('',(0.458686080298,-0.15601775272,1.385700124245
    ));
#2929 = CARTESIAN_POINT('',(0.45561238085,-0.119293483311,1.331066240954
    ));
#2930 = CARTESIAN_POINT('',(0.452307627967,-9.868060220835E-02,
    1.304224275266));
#2931 = CARTESIAN_POINT('',(0.44767989276,-7.804002354262E-02,
    1.280481999297));
#2932 = CARTESIAN_POINT('',(0.442009635296,-5.773102402739E-02,
    1.25968628812));
#2933 = CARTESIAN_POINT('',(0.435515175078,-3.79453522272E-02,
    1.241582242933));
#2934 = CARTESIAN_POINT('',(0.42833527157,-1.872686925325E-02,
    1.225873049248));
#2935 = CARTESIAN_POINT('',(0.420502910737,1.942890293094E-16,
    1.212307002343));
#2936 = ORIENTED_EDGE('',*,*,#2787,.T.);
#2937 = ORIENTED_EDGE('',*,*,#2677,.T.);
#2938 = ORIENTED_EDGE('',*,*,#2778,.T.);
#2939 = ORIENTED_EDGE('',*,*,#2867,.T.);
#2940 = SPHERICAL_SURFACE('',#2941,3.125);
#2941 = AXIS2_PLACEMENT_3D('',#2942,#2943,#2944);
#2942 = CARTESIAN_POINT('',(2.5,1.875,2.6));
#2943 = DIRECTION('',(0.,-1.,0.));
#2944 = DIRECTION('',(-1.,0.,0.));
#2945 = ADVANCED_FACE('',(#2946),#2967,.T.);
#2946 = FACE_BOUND('',#2947,.T.);
#2947 = EDGE_LOOP('',(#2948,#2956,#2957,#2958,#2959,#2960));
#2948 = ORIENTED_EDGE('',*,*,#2949,.T.);
#2949 = EDGE_CURVE('',#2950,#2878,#2952,.T.);
#2950 = VERTEX_POINT('',#2951);
#2951 = CARTESIAN_POINT('',(6.698729810778E-02,-0.25,1.1));
#2952 = LINE('',#2953,#2954);
#2953 = CARTESIAN_POINT('',(6.698729810778E-02,-0.25,1.1));
#2954 = VECTOR('',#2955,1.);
#2955 = DIRECTION('',(0.5,5.551115123128E-17,0.866025403784));
#2956 = ORIENTED_EDGE('',*,*,#2877,.F.);
#2957 = ORIENTED_EDGE('',*,*,#2796,.F.);
#2958 = ORIENTED_EDGE('',*,*,#2914,.F.);
#2959 = ORIENTED_EDGE('',*,*,#2949,.F.);
#2960 = ORIENTED_EDGE('',*,*,#2961,.T.);
#2961 = EDGE_CURVE('',#2950,#2950,#2962,.T.);
#2962 = CIRCLE('',#2963,0.25);
#2963 = AXIS2_PLACEMENT_3D('',#2964,#2965,#2966);
#2964 = CARTESIAN_POINT('',(6.698729810778E-02,5.337293624795E-33,1.1));
#2965 = DIRECTION('',(0.5,5.551115123128E-17,0.866025403784));
#2966 = DIRECTION('',(1.110223024625E-16,-1.,8.646655078321E-30));
#2967 = CYLINDRICAL_SURFACE('',#2968,0.25);
#2968 = AXIS2_PLACEMENT_3D('',#2969,#2970,#2971);
#2969 = CARTESIAN_POINT('',(6.698729810778E-02,0.,1.1));
#2970 = DIRECTION('',(-0.5,-5.551115123128E-17,-0.866025403784));
#2971 = DIRECTION('',(1.110223024625E-16,-1.,8.646655078321E-30));
#2972 = ADVANCED_FACE('',(#2973),#2993,.F.);
#2973 = FACE_BOUND('',#2974,.F.);
#2974 = EDGE_LOOP('',(#2975,#2984,#2991,#2992));
#2975 = ORIENTED_EDGE('',*,*,#2976,.F.);
#2976 = EDGE_CURVE('',#2977,#2950,#2979,.T.);
#2977 = VERTEX_POINT('',#2978);
#2978 = CARTESIAN_POINT('',(1.942890293094E-16,-0.25,0.85));
#2979 = CIRCLE('',#2980,0.5);
#2980 = AXIS2_PLACEMENT_3D('',#2981,#2982,#2983);
#2981 = CARTESIAN_POINT('',(0.5,-0.25,0.85));
#2982 = DIRECTION('',(-1.110223024625E-16,1.,0.));
#2983 = DIRECTION('',(-1.,-1.110223024625E-16,0.));
#2984 = ORIENTED_EDGE('',*,*,#2985,.F.);
#2985 = EDGE_CURVE('',#2977,#2977,#2986,.T.);
#2986 = CIRCLE('',#2987,0.25);
#2987 = AXIS2_PLACEMENT_3D('',#2988,#2989,#2990);
#2988 = CARTESIAN_POINT('',(1.665334536938E-16,0.,0.85));
#2989 = DIRECTION('',(-0.,0.,1.));
#2990 = DIRECTION('',(1.110223024625E-16,-1.,0.));
#2991 = ORIENTED_EDGE('',*,*,#2976,.T.);
#2992 = ORIENTED_EDGE('',*,*,#2961,.T.);
#2993 = SURFACE_OF_REVOLUTION('',#2994,#2999);
#2994 = CIRCLE('',#2995,0.25);
#2995 = AXIS2_PLACEMENT_3D('',#2996,#2997,#2998);
#2996 = CARTESIAN_POINT('',(1.665334536938E-16,0.,0.85));
#2997 = DIRECTION('',(-0.,0.,1.));
#2998 = DIRECTION('',(1.110223024625E-16,-1.,0.));
#2999 = AXIS1_PLACEMENT('',#3000,#3001);
#3000 = CARTESIAN_POINT('',(0.5,4.,0.85));
#3001 = DIRECTION('',(-1.110223024625E-16,1.,0.));
#3002 = ADVANCED_FACE('',(#3003),#3022,.T.);
#3003 = FACE_BOUND('',#3004,.T.);
#3004 = EDGE_LOOP('',(#3005,#3013,#3014,#3015));
#3005 = ORIENTED_EDGE('',*,*,#3006,.T.);
#3006 = EDGE_CURVE('',#3007,#2977,#3009,.T.);
#3007 = VERTEX_POINT('',#3008);
#3008 = CARTESIAN_POINT('',(1.942890293094E-16,-0.25,-2.));
#3009 = LINE('',#3010,#3011);
#3010 = CARTESIAN_POINT('',(1.942890293094E-16,-0.25,-2.));
#3011 = VECTOR('',#3012,1.);
#3012 = DIRECTION('',(0.,0.,1.));
#3013 = ORIENTED_EDGE('',*,*,#2985,.F.);
#3014 = ORIENTED_EDGE('',*,*,#3006,.F.);
#3015 = ORIENTED_EDGE('',*,*,#3016,.T.);
#3016 = EDGE_CURVE('',#3007,#3007,#3017,.T.);
#3017 = CIRCLE('',#3018,0.25);
#3018 = AXIS2_PLACEMENT_3D('',#3019,#3020,#3021);
#3019 = CARTESIAN_POINT('',(1.665334536938E-16,0.,-2.));
#3020 = DIRECTION('',(-0.,0.,1.));
#3021 = DIRECTION('',(1.110223024625E-16,-1.,0.));
#3022 = CYLINDRICAL_SURFACE('',#3023,0.25);
#3023 = AXIS2_PLACEMENT_3D('',#3024,#3025,#3026);
#3024 = CARTESIAN_POINT('',(1.665334536938E-16,0.,-2.));
#3025 = DIRECTION('',(-0.,0.,-1.));
#3026 = DIRECTION('',(1.110223024625E-16,-1.,-0.));
#3027 = ADVANCED_FACE('',(#3028),#3031,.T.);
#3028 = FACE_BOUND('',#3029,.F.);
#3029 = EDGE_LOOP('',(#3030));
#3030 = ORIENTED_EDGE('',*,*,#3016,.T.);
#3031 = PLANE('',#3032);
#3032 = AXIS2_PLACEMENT_3D('',#3033,#3034,#3035);
#3033 = CARTESIAN_POINT('',(1.942890293094E-16,-0.25,-2.));
#3034 = DIRECTION('',(0.,0.,-1.));
#3035 = DIRECTION('',(-1.110223024625E-16,1.,0.));
#3036 = ( GEOMETRIC_REPRESENTATION_CONTEXT(3) 
GLOBAL_UNCERTAINTY_ASSIGNED_CONTEXT((#3040)) 
GLOBAL_UNIT_ASSIGNED_CONTEXT((#3037,#3038,#3039)) REPRESENTATION_CONTEXT
('Context #1','3D Context with UNIT and UNCERTAINTY') );
#3037 = ( LENGTH_UNIT() NAMED_UNIT(*) SI_UNIT(.MILLI.,.METRE.) );
#3038 = ( NAMED_UNIT(*) PLANE_ANGLE_UNIT() SI_UNIT($,.RADIAN.) );
#3039 = ( NAMED_UNIT(*) SI_UNIT($,.STERADIAN.) SOLID_ANGLE_UNIT() );
#3040 = UNCERTAINTY_MEASURE_WITH_UNIT(LENGTH_MEASURE(2.E-07),#3037,
  'distance_accuracy_value','confusion accuracy');
#3041 = CONTEXT_DEPENDENT_SHAPE_REPRESENTATION(#3042,#3044);
#3042 = ( REPRESENTATION_RELATIONSHIP('','',#2553,#2530) 
REPRESENTATION_RELATIONSHIP_WITH_TRANSFORMATION(#3043) 
SHAPE_REPRESENTATION_RELATIONSHIP() );
#3043 = ITEM_DEFINED_TRANSFORMATION('','',#11,#2531);
#3044 = PRODUCT_DEFINITION_SHAPE('Placement','Placement of an item',
  #3045);
#3045 = NEXT_ASSEMBLY_USAGE_OCCURRENCE('5','=>[0:1:1:7]','',#2525,#2548,
  $);
#3046 = PRODUCT_RELATED_PRODUCT_CATEGORY('part',$,(#2550));
#3047 = CONTEXT_DEPENDENT_SHAPE_REPRESENTATION(#3048,#3050);
#3048 = ( REPRESENTATION_RELATIONSHIP('','',#48,#10) 
REPRESENTATION_RELATIONSHIP_WITH_TRANSFORMATION(#3049) 
SHAPE_REPRESENTATION_RELATIONSHIP() );
#3049 = ITEM_DEFINED_TRANSFORMATION('','',#11,#27);
#3050 = PRODUCT_DEFINITION_SHAPE('Placement','Placement of an item',
  #3051);
#3051 = NEXT_ASSEMBLY_USAGE_OCCURRENCE('7','J2','',#5,#43,$);
#3052 = SHAPE_DEFINITION_REPRESENTATION(#3053,#3059);
#3053 = PRODUCT_DEFINITION_SHAPE('','',#3054);
#3054 = PRODUCT_DEFINITION('design','',#3055,#3058);
#3055 = PRODUCT_DEFINITION_FORMATION('','',#3056);
#3056 = PRODUCT('Deskpet_PCB','Deskpet_PCB','',(#3057));
#3057 = PRODUCT_CONTEXT('',#2,'mechanical');
#3058 = PRODUCT_DEFINITION_CONTEXT('part definition',#2,'design');
#3059 = ADVANCED_BREP_SHAPE_REPRESENTATION('',(#11,#3060),#5066);
#3060 = MANIFOLD_SOLID_BREP('',#3061);
#3061 = CLOSED_SHELL('',(#3062,#3104,#3135,#3166,#3702,#4238,#4255,#4272
    ,#4289,#4306,#4318,#4335,#4352,#4369,#4386,#4403,#4420,#4437,#4454,
    #4471,#4488,#4505,#4522,#4539,#4556,#4573,#4590,#4607,#4624,#4641,
    #4658,#4675,#4692,#4709,#4726,#4743,#4760,#4777,#4794,#4811,#4828,
    #4845,#4862,#4879,#4896,#4913,#4930,#4947,#4964,#4981,#4998,#5015,
    #5032,#5049));
#3062 = ADVANCED_FACE('',(#3063),#3099,.T.);
#3063 = FACE_BOUND('',#3064,.T.);
#3064 = EDGE_LOOP('',(#3065,#3075,#3084,#3092));
#3065 = ORIENTED_EDGE('',*,*,#3066,.T.);
#3066 = EDGE_CURVE('',#3067,#3069,#3071,.T.);
#3067 = VERTEX_POINT('',#3068);
#3068 = CARTESIAN_POINT('',(158.25,-63.,0.));
#3069 = VERTEX_POINT('',#3070);
#3070 = CARTESIAN_POINT('',(158.25,-63.,1.51));
#3071 = LINE('',#3072,#3073);
#3072 = CARTESIAN_POINT('',(158.25,-63.,0.));
#3073 = VECTOR('',#3074,1.);
#3074 = DIRECTION('',(0.,0.,1.));
#3075 = ORIENTED_EDGE('',*,*,#3076,.T.);
#3076 = EDGE_CURVE('',#3069,#3077,#3079,.T.);
#3077 = VERTEX_POINT('',#3078);
#3078 = CARTESIAN_POINT('',(163.25,-68.,1.51));
#3079 = CIRCLE('',#3080,4.999999678834);
#3080 = AXIS2_PLACEMENT_3D('',#3081,#3082,#3083);
#3081 = CARTESIAN_POINT('',(158.25000032116,-67.99999967883,1.51));
#3082 = DIRECTION('',(0.,0.,-1.));
#3083 = DIRECTION('',(-6.423314133505E-08,1.,0.));
#3084 = ORIENTED_EDGE('',*,*,#3085,.F.);
#3085 = EDGE_CURVE('',#3086,#3077,#3088,.T.);
#3086 = VERTEX_POINT('',#3087);
#3087 = CARTESIAN_POINT('',(163.25,-68.,0.));
#3088 = LINE('',#3089,#3090);
#3089 = CARTESIAN_POINT('',(163.25,-68.,0.));
#3090 = VECTOR('',#3091,1.);
#3091 = DIRECTION('',(0.,0.,1.));
#3092 = ORIENTED_EDGE('',*,*,#3093,.F.);
#3093 = EDGE_CURVE('',#3067,#3086,#3094,.T.);
#3094 = CIRCLE('',#3095,4.999999678834);
#3095 = AXIS2_PLACEMENT_3D('',#3096,#3097,#3098);
#3096 = CARTESIAN_POINT('',(158.25000032116,-67.99999967883,0.));
#3097 = DIRECTION('',(0.,0.,-1.));
#3098 = DIRECTION('',(-6.423314133505E-08,1.,0.));
#3099 = CYLINDRICAL_SURFACE('',#3100,4.999999678834);
#3100 = AXIS2_PLACEMENT_3D('',#3101,#3102,#3103);
#3101 = CARTESIAN_POINT('',(158.25000032116,-67.99999967883,0.));
#3102 = DIRECTION('',(0.,0.,-1.));
#3103 = DIRECTION('',(-6.423314133505E-08,1.,0.));
#3104 = ADVANCED_FACE('',(#3105),#3130,.T.);
#3105 = FACE_BOUND('',#3106,.T.);
#3106 = EDGE_LOOP('',(#3107,#3117,#3123,#3124));
#3107 = ORIENTED_EDGE('',*,*,#3108,.T.);
#3108 = EDGE_CURVE('',#3109,#3111,#3113,.T.);
#3109 = VERTEX_POINT('',#3110);
#3110 = CARTESIAN_POINT('',(76.75,-63.,0.));
#3111 = VERTEX_POINT('',#3112);
#3112 = CARTESIAN_POINT('',(76.75,-63.,1.51));
#3113 = LINE('',#3114,#3115);
#3114 = CARTESIAN_POINT('',(76.75,-63.,0.));
#3115 = VECTOR('',#3116,1.);
#3116 = DIRECTION('',(0.,0.,1.));
#3117 = ORIENTED_EDGE('',*,*,#3118,.T.);
#3118 = EDGE_CURVE('',#3111,#3069,#3119,.T.);
#3119 = LINE('',#3120,#3121);
#3120 = CARTESIAN_POINT('',(76.75,-63.,1.51));
#3121 = VECTOR('',#3122,1.);
#3122 = DIRECTION('',(1.,0.,0.));
#3123 = ORIENTED_EDGE('',*,*,#3066,.F.);
#3124 = ORIENTED_EDGE('',*,*,#3125,.F.);
#3125 = EDGE_CURVE('',#3109,#3067,#3126,.T.);
#3126 = LINE('',#3127,#3128);
#3127 = CARTESIAN_POINT('',(76.75,-63.,0.));
#3128 = VECTOR('',#3129,1.);
#3129 = DIRECTION('',(1.,0.,0.));
#3130 = PLANE('',#3131);
#3131 = AXIS2_PLACEMENT_3D('',#3132,#3133,#3134);
#3132 = CARTESIAN_POINT('',(76.75,-63.,0.));
#3133 = DIRECTION('',(0.,1.,0.));
#3134 = DIRECTION('',(1.,0.,0.));
#3135 = ADVANCED_FACE('',(#3136),#3161,.T.);
#3136 = FACE_BOUND('',#3137,.T.);
#3137 = EDGE_LOOP('',(#3138,#3139,#3147,#3155));
#3138 = ORIENTED_EDGE('',*,*,#3085,.T.);
#3139 = ORIENTED_EDGE('',*,*,#3140,.T.);
#3140 = EDGE_CURVE('',#3077,#3141,#3143,.T.);
#3141 = VERTEX_POINT('',#3142);
#3142 = CARTESIAN_POINT('',(163.25,-117.5,1.51));
#3143 = LINE('',#3144,#3145);
#3144 = CARTESIAN_POINT('',(163.25,-68.,1.51));
#3145 = VECTOR('',#3146,1.);
#3146 = DIRECTION('',(0.,-1.,0.));
#3147 = ORIENTED_EDGE('',*,*,#3148,.F.);
#3148 = EDGE_CURVE('',#3149,#3141,#3151,.T.);
#3149 = VERTEX_POINT('',#3150);
#3150 = CARTESIAN_POINT('',(163.25,-117.5,0.));
#3151 = LINE('',#3152,#3153);
#3152 = CARTESIAN_POINT('',(163.25,-117.5,0.));
#3153 = VECTOR('',#3154,1.);
#3154 = DIRECTION('',(0.,0.,1.));
#3155 = ORIENTED_EDGE('',*,*,#3156,.F.);
#3156 = EDGE_CURVE('',#3086,#3149,#3157,.T.);
#3157 = LINE('',#3158,#3159);
#3158 = CARTESIAN_POINT('',(163.25,-68.,0.));
#3159 = VECTOR('',#3160,1.);
#3160 = DIRECTION('',(0.,-1.,0.));
#3161 = PLANE('',#3162);
#3162 = AXIS2_PLACEMENT_3D('',#3163,#3164,#3165);
#3163 = CARTESIAN_POINT('',(163.25,-68.,0.));
#3164 = DIRECTION('',(1.,0.,-0.));
#3165 = DIRECTION('',(0.,-1.,0.));
#3166 = ADVANCED_FACE('',(#3167,#3213,#3224,#3235,#3246,#3257,#3268,
    #3279,#3290,#3301,#3312,#3323,#3334,#3345,#3356,#3367,#3378,#3389,
    #3400,#3411,#3422,#3433,#3444,#3455,#3466,#3477,#3488,#3499,#3510,
    #3521,#3532,#3543,#3554,#3565,#3576,#3587,#3598,#3609,#3620,#3631,
    #3642,#3653,#3664,#3675,#3686),#3697,.F.);
#3167 = FACE_BOUND('',#3168,.F.);
#3168 = EDGE_LOOP('',(#3169,#3170,#3171,#3180,#3188,#3197,#3205,#3212));
#3169 = ORIENTED_EDGE('',*,*,#3093,.F.);
#3170 = ORIENTED_EDGE('',*,*,#3125,.F.);
#3171 = ORIENTED_EDGE('',*,*,#3172,.F.);
#3172 = EDGE_CURVE('',#3173,#3109,#3175,.T.);
#3173 = VERTEX_POINT('',#3174);
#3174 = CARTESIAN_POINT('',(71.75,-68.,0.));
#3175 = CIRCLE('',#3176,4.999999678834);
#3176 = AXIS2_PLACEMENT_3D('',#3177,#3178,#3179);
#3177 = CARTESIAN_POINT('',(76.749999678834,-67.99999967883,0.));
#3178 = DIRECTION('',(0.,0.,-1.));
#3179 = DIRECTION('',(-1.,-6.423314133505E-08,-0.));
#3180 = ORIENTED_EDGE('',*,*,#3181,.F.);
#3181 = EDGE_CURVE('',#3182,#3173,#3184,.T.);
#3182 = VERTEX_POINT('',#3183);
#3183 = CARTESIAN_POINT('',(71.75,-117.5,0.));
#3184 = LINE('',#3185,#3186);
#3185 = CARTESIAN_POINT('',(71.75,-117.5,0.));
#3186 = VECTOR('',#3187,1.);
#3187 = DIRECTION('',(0.,1.,0.));
#3188 = ORIENTED_EDGE('',*,*,#3189,.F.);
#3189 = EDGE_CURVE('',#3190,#3182,#3192,.T.);
#3190 = VERTEX_POINT('',#3191);
#3191 = CARTESIAN_POINT('',(76.75,-122.5,0.));
#3192 = CIRCLE('',#3193,4.999999678834);
#3193 = AXIS2_PLACEMENT_3D('',#3194,#3195,#3196);
#3194 = CARTESIAN_POINT('',(76.749999678834,-117.5000003211,0.));
#3195 = DIRECTION('',(0.,0.,-1.));
#3196 = DIRECTION('',(6.423314133505E-08,-1.,0.));
#3197 = ORIENTED_EDGE('',*,*,#3198,.F.);
#3198 = EDGE_CURVE('',#3199,#3190,#3201,.T.);
#3199 = VERTEX_POINT('',#3200);
#3200 = CARTESIAN_POINT('',(158.25,-122.5,0.));
#3201 = LINE('',#3202,#3203);
#3202 = CARTESIAN_POINT('',(158.25,-122.5,0.));
#3203 = VECTOR('',#3204,1.);
#3204 = DIRECTION('',(-1.,0.,0.));
#3205 = ORIENTED_EDGE('',*,*,#3206,.F.);
#3206 = EDGE_CURVE('',#3149,#3199,#3207,.T.);
#3207 = CIRCLE('',#3208,4.999999678834);
#3208 = AXIS2_PLACEMENT_3D('',#3209,#3210,#3211);
#3209 = CARTESIAN_POINT('',(158.25000032116,-117.5000003211,0.));
#3210 = DIRECTION('',(0.,0.,-1.));
#3211 = DIRECTION('',(1.,6.42331470194E-08,0.));
#3212 = ORIENTED_EDGE('',*,*,#3156,.F.);
#3213 = FACE_BOUND('',#3214,.F.);
#3214 = EDGE_LOOP('',(#3215));
#3215 = ORIENTED_EDGE('',*,*,#3216,.T.);
#3216 = EDGE_CURVE('',#3217,#3217,#3219,.T.);
#3217 = VERTEX_POINT('',#3218);
#3218 = CARTESIAN_POINT('',(82.75,-114.33,0.));
#3219 = CIRCLE('',#3220,0.5);
#3220 = AXIS2_PLACEMENT_3D('',#3221,#3222,#3223);
#3221 = CARTESIAN_POINT('',(82.75,-113.83,0.));
#3222 = DIRECTION('',(-0.,0.,-1.));
#3223 = DIRECTION('',(-0.,-1.,0.));
#3224 = FACE_BOUND('',#3225,.F.);
#3225 = EDGE_LOOP('',(#3226));
#3226 = ORIENTED_EDGE('',*,*,#3227,.T.);
#3227 = EDGE_CURVE('',#3228,#3228,#3230,.T.);
#3228 = VERTEX_POINT('',#3229);
#3229 = CARTESIAN_POINT('',(82.75,-111.79,0.));
#3230 = CIRCLE('',#3231,0.5);
#3231 = AXIS2_PLACEMENT_3D('',#3232,#3233,#3234);
#3232 = CARTESIAN_POINT('',(82.75,-111.29,0.));
#3233 = DIRECTION('',(-0.,0.,-1.));
#3234 = DIRECTION('',(-0.,-1.,0.));
#3235 = FACE_BOUND('',#3236,.F.);
#3236 = EDGE_LOOP('',(#3237));
#3237 = ORIENTED_EDGE('',*,*,#3238,.T.);
#3238 = EDGE_CURVE('',#3239,#3239,#3241,.T.);
#3239 = VERTEX_POINT('',#3240);
#3240 = CARTESIAN_POINT('',(82.75,-109.25,0.));
#3241 = CIRCLE('',#3242,0.5);
#3242 = AXIS2_PLACEMENT_3D('',#3243,#3244,#3245);
#3243 = CARTESIAN_POINT('',(82.75,-108.75,0.));
#3244 = DIRECTION('',(-0.,0.,-1.));
#3245 = DIRECTION('',(-0.,-1.,0.));
#3246 = FACE_BOUND('',#3247,.F.);
#3247 = EDGE_LOOP('',(#3248));
#3248 = ORIENTED_EDGE('',*,*,#3249,.T.);
#3249 = EDGE_CURVE('',#3250,#3250,#3252,.T.);
#3250 = VERTEX_POINT('',#3251);
#3251 = CARTESIAN_POINT('',(99.505,-117.325,0.));
#3252 = CIRCLE('',#3253,0.5);
#3253 = AXIS2_PLACEMENT_3D('',#3254,#3255,#3256);
#3254 = CARTESIAN_POINT('',(99.505,-116.825,0.));
#3255 = DIRECTION('',(-0.,0.,-1.));
#3256 = DIRECTION('',(-0.,-1.,0.));
#3257 = FACE_BOUND('',#3258,.F.);
#3258 = EDGE_LOOP('',(#3259));
#3259 = ORIENTED_EDGE('',*,*,#3260,.T.);
#3260 = EDGE_CURVE('',#3261,#3261,#3263,.T.);
#3261 = VERTEX_POINT('',#3262);
#3262 = CARTESIAN_POINT('',(102.045,-117.325,0.));
#3263 = CIRCLE('',#3264,0.5);
#3264 = AXIS2_PLACEMENT_3D('',#3265,#3266,#3267);
#3265 = CARTESIAN_POINT('',(102.045,-116.825,0.));
#3266 = DIRECTION('',(-0.,0.,-1.));
#3267 = DIRECTION('',(-0.,-1.,0.));
#3268 = FACE_BOUND('',#3269,.F.);
#3269 = EDGE_LOOP('',(#3270));
#3270 = ORIENTED_EDGE('',*,*,#3271,.T.);
#3271 = EDGE_CURVE('',#3272,#3272,#3274,.T.);
#3272 = VERTEX_POINT('',#3273);
#3273 = CARTESIAN_POINT('',(104.585,-117.325,0.));
#3274 = CIRCLE('',#3275,0.5);
#3275 = AXIS2_PLACEMENT_3D('',#3276,#3277,#3278);
#3276 = CARTESIAN_POINT('',(104.585,-116.825,0.));
#3277 = DIRECTION('',(-0.,0.,-1.));
#3278 = DIRECTION('',(-0.,-1.,0.));
#3279 = FACE_BOUND('',#3280,.F.);
#3280 = EDGE_LOOP('',(#3281));
#3281 = ORIENTED_EDGE('',*,*,#3282,.T.);
#3282 = EDGE_CURVE('',#3283,#3283,#3285,.T.);
#3283 = VERTEX_POINT('',#3284);
#3284 = CARTESIAN_POINT('',(107.125,-117.325,0.));
#3285 = CIRCLE('',#3286,0.5);
#3286 = AXIS2_PLACEMENT_3D('',#3287,#3288,#3289);
#3287 = CARTESIAN_POINT('',(107.125,-116.825,0.));
#3288 = DIRECTION('',(-0.,0.,-1.));
#3289 = DIRECTION('',(-0.,-1.,0.));
#3290 = FACE_BOUND('',#3291,.F.);
#3291 = EDGE_LOOP('',(#3292));
#3292 = ORIENTED_EDGE('',*,*,#3293,.T.);
#3293 = EDGE_CURVE('',#3294,#3294,#3296,.T.);
#3294 = VERTEX_POINT('',#3295);
#3295 = CARTESIAN_POINT('',(109.665,-117.325,0.));
#3296 = CIRCLE('',#3297,0.5);
#3297 = AXIS2_PLACEMENT_3D('',#3298,#3299,#3300);
#3298 = CARTESIAN_POINT('',(109.665,-116.825,0.));
#3299 = DIRECTION('',(-0.,0.,-1.));
#3300 = DIRECTION('',(-0.,-1.,0.));
#3301 = FACE_BOUND('',#3302,.F.);
#3302 = EDGE_LOOP('',(#3303));
#3303 = ORIENTED_EDGE('',*,*,#3304,.T.);
#3304 = EDGE_CURVE('',#3305,#3305,#3307,.T.);
#3305 = VERTEX_POINT('',#3306);
#3306 = CARTESIAN_POINT('',(102.7,-107.25,0.));
#3307 = CIRCLE('',#3308,0.5);
#3308 = AXIS2_PLACEMENT_3D('',#3309,#3310,#3311);
#3309 = CARTESIAN_POINT('',(102.7,-106.75,0.));
#3310 = DIRECTION('',(-0.,0.,-1.));
#3311 = DIRECTION('',(-0.,-1.,0.));
#3312 = FACE_BOUND('',#3313,.F.);
#3313 = EDGE_LOOP('',(#3314));
#3314 = ORIENTED_EDGE('',*,*,#3315,.T.);
#3315 = EDGE_CURVE('',#3316,#3316,#3318,.T.);
#3316 = VERTEX_POINT('',#3317);
#3317 = CARTESIAN_POINT('',(75.5,-96.5,0.));
#3318 = CIRCLE('',#3319,0.6);
#3319 = AXIS2_PLACEMENT_3D('',#3320,#3321,#3322);
#3320 = CARTESIAN_POINT('',(75.5,-95.9,0.));
#3321 = DIRECTION('',(-0.,0.,-1.));
#3322 = DIRECTION('',(-0.,-1.,0.));
#3323 = FACE_BOUND('',#3324,.F.);
#3324 = EDGE_LOOP('',(#3325));
#3325 = ORIENTED_EDGE('',*,*,#3326,.T.);
#3326 = EDGE_CURVE('',#3327,#3327,#3329,.T.);
#3327 = VERTEX_POINT('',#3328);
#3328 = CARTESIAN_POINT('',(112.205,-117.325,0.));
#3329 = CIRCLE('',#3330,0.5);
#3330 = AXIS2_PLACEMENT_3D('',#3331,#3332,#3333);
#3331 = CARTESIAN_POINT('',(112.205,-116.825,0.));
#3332 = DIRECTION('',(-0.,0.,-1.));
#3333 = DIRECTION('',(-0.,-1.,0.));
#3334 = FACE_BOUND('',#3335,.F.);
#3335 = EDGE_LOOP('',(#3336));
#3336 = ORIENTED_EDGE('',*,*,#3337,.T.);
#3337 = EDGE_CURVE('',#3338,#3338,#3340,.T.);
#3338 = VERTEX_POINT('',#3339);
#3339 = CARTESIAN_POINT('',(114.745,-117.325,0.));
#3340 = CIRCLE('',#3341,0.5);
#3341 = AXIS2_PLACEMENT_3D('',#3342,#3343,#3344);
#3342 = CARTESIAN_POINT('',(114.745,-116.825,0.));
#3343 = DIRECTION('',(-0.,0.,-1.));
#3344 = DIRECTION('',(-0.,-1.,0.));
#3345 = FACE_BOUND('',#3346,.F.);
#3346 = EDGE_LOOP('',(#3347));
#3347 = ORIENTED_EDGE('',*,*,#3348,.T.);
#3348 = EDGE_CURVE('',#3349,#3349,#3351,.T.);
#3349 = VERTEX_POINT('',#3350);
#3350 = CARTESIAN_POINT('',(117.285,-117.325,0.));
#3351 = CIRCLE('',#3352,0.5);
#3352 = AXIS2_PLACEMENT_3D('',#3353,#3354,#3355);
#3353 = CARTESIAN_POINT('',(117.285,-116.825,0.));
#3354 = DIRECTION('',(-0.,0.,-1.));
#3355 = DIRECTION('',(-0.,-1.,0.));
#3356 = FACE_BOUND('',#3357,.F.);
#3357 = EDGE_LOOP('',(#3358));
#3358 = ORIENTED_EDGE('',*,*,#3359,.T.);
#3359 = EDGE_CURVE('',#3360,#3360,#3362,.T.);
#3360 = VERTEX_POINT('',#3361);
#3361 = CARTESIAN_POINT('',(121.345,-117.325,0.));
#3362 = CIRCLE('',#3363,0.5);
#3363 = AXIS2_PLACEMENT_3D('',#3364,#3365,#3366);
#3364 = CARTESIAN_POINT('',(121.345,-116.825,0.));
#3365 = DIRECTION('',(-0.,0.,-1.));
#3366 = DIRECTION('',(-0.,-1.,0.));
#3367 = FACE_BOUND('',#3368,.F.);
#3368 = EDGE_LOOP('',(#3369));
#3369 = ORIENTED_EDGE('',*,*,#3370,.T.);
#3370 = EDGE_CURVE('',#3371,#3371,#3373,.T.);
#3371 = VERTEX_POINT('',#3372);
#3372 = CARTESIAN_POINT('',(123.885,-117.325,0.));
#3373 = CIRCLE('',#3374,0.5);
#3374 = AXIS2_PLACEMENT_3D('',#3375,#3376,#3377);
#3375 = CARTESIAN_POINT('',(123.885,-116.825,0.));
#3376 = DIRECTION('',(-0.,0.,-1.));
#3377 = DIRECTION('',(-0.,-1.,0.));
#3378 = FACE_BOUND('',#3379,.F.);
#3379 = EDGE_LOOP('',(#3380));
#3380 = ORIENTED_EDGE('',*,*,#3381,.T.);
#3381 = EDGE_CURVE('',#3382,#3382,#3384,.T.);
#3382 = VERTEX_POINT('',#3383);
#3383 = CARTESIAN_POINT('',(126.425,-117.325,0.));
#3384 = CIRCLE('',#3385,0.5);
#3385 = AXIS2_PLACEMENT_3D('',#3386,#3387,#3388);
#3386 = CARTESIAN_POINT('',(126.425,-116.825,0.));
#3387 = DIRECTION('',(-0.,0.,-1.));
#3388 = DIRECTION('',(-0.,-1.,0.));
#3389 = FACE_BOUND('',#3390,.F.);
#3390 = EDGE_LOOP('',(#3391));
#3391 = ORIENTED_EDGE('',*,*,#3392,.T.);
#3392 = EDGE_CURVE('',#3393,#3393,#3395,.T.);
#3393 = VERTEX_POINT('',#3394);
#3394 = CARTESIAN_POINT('',(110.3,-107.25,0.));
#3395 = CIRCLE('',#3396,0.5);
#3396 = AXIS2_PLACEMENT_3D('',#3397,#3398,#3399);
#3397 = CARTESIAN_POINT('',(110.3,-106.75,0.));
#3398 = DIRECTION('',(-0.,0.,-1.));
#3399 = DIRECTION('',(-0.,-1.,0.));
#3400 = FACE_BOUND('',#3401,.F.);
#3401 = EDGE_LOOP('',(#3402));
#3402 = ORIENTED_EDGE('',*,*,#3403,.T.);
#3403 = EDGE_CURVE('',#3404,#3404,#3406,.T.);
#3404 = VERTEX_POINT('',#3405);
#3405 = CARTESIAN_POINT('',(128.965,-117.325,0.));
#3406 = CIRCLE('',#3407,0.5);
#3407 = AXIS2_PLACEMENT_3D('',#3408,#3409,#3410);
#3408 = CARTESIAN_POINT('',(128.965,-116.825,0.));
#3409 = DIRECTION('',(-0.,0.,-1.));
#3410 = DIRECTION('',(-0.,-1.,0.));
#3411 = FACE_BOUND('',#3412,.F.);
#3412 = EDGE_LOOP('',(#3413));
#3413 = ORIENTED_EDGE('',*,*,#3414,.T.);
#3414 = EDGE_CURVE('',#3415,#3415,#3417,.T.);
#3415 = VERTEX_POINT('',#3416);
#3416 = CARTESIAN_POINT('',(131.505,-117.325,0.));
#3417 = CIRCLE('',#3418,0.5);
#3418 = AXIS2_PLACEMENT_3D('',#3419,#3420,#3421);
#3419 = CARTESIAN_POINT('',(131.505,-116.825,0.));
#3420 = DIRECTION('',(-0.,0.,-1.));
#3421 = DIRECTION('',(-0.,-1.,0.));
#3422 = FACE_BOUND('',#3423,.F.);
#3423 = EDGE_LOOP('',(#3424));
#3424 = ORIENTED_EDGE('',*,*,#3425,.T.);
#3425 = EDGE_CURVE('',#3426,#3426,#3428,.T.);
#3426 = VERTEX_POINT('',#3427);
#3427 = CARTESIAN_POINT('',(134.045,-117.325,0.));
#3428 = CIRCLE('',#3429,0.5);
#3429 = AXIS2_PLACEMENT_3D('',#3430,#3431,#3432);
#3430 = CARTESIAN_POINT('',(134.045,-116.825,0.));
#3431 = DIRECTION('',(-0.,0.,-1.));
#3432 = DIRECTION('',(-0.,-1.,0.));
#3433 = FACE_BOUND('',#3434,.F.);
#3434 = EDGE_LOOP('',(#3435));
#3435 = ORIENTED_EDGE('',*,*,#3436,.T.);
#3436 = EDGE_CURVE('',#3437,#3437,#3439,.T.);
#3437 = VERTEX_POINT('',#3438);
#3438 = CARTESIAN_POINT('',(136.585,-117.325,0.));
#3439 = CIRCLE('',#3440,0.5);
#3440 = AXIS2_PLACEMENT_3D('',#3441,#3442,#3443);
#3441 = CARTESIAN_POINT('',(136.585,-116.825,0.));
#3442 = DIRECTION('',(-0.,0.,-1.));
#3443 = DIRECTION('',(-0.,-1.,0.));
#3444 = FACE_BOUND('',#3445,.F.);
#3445 = EDGE_LOOP('',(#3446));
#3446 = ORIENTED_EDGE('',*,*,#3447,.T.);
#3447 = EDGE_CURVE('',#3448,#3448,#3450,.T.);
#3448 = VERTEX_POINT('',#3449);
#3449 = CARTESIAN_POINT('',(139.125,-117.325,0.));
#3450 = CIRCLE('',#3451,0.5);
#3451 = AXIS2_PLACEMENT_3D('',#3452,#3453,#3454);
#3452 = CARTESIAN_POINT('',(139.125,-116.825,0.));
#3453 = DIRECTION('',(-0.,0.,-1.));
#3454 = DIRECTION('',(-0.,-1.,0.));
#3455 = FACE_BOUND('',#3456,.F.);
#3456 = EDGE_LOOP('',(#3457));
#3457 = ORIENTED_EDGE('',*,*,#3458,.T.);
#3458 = EDGE_CURVE('',#3459,#3459,#3461,.T.);
#3459 = VERTEX_POINT('',#3460);
#3460 = CARTESIAN_POINT('',(141.665,-117.325,0.));
#3461 = CIRCLE('',#3462,0.5);
#3462 = AXIS2_PLACEMENT_3D('',#3463,#3464,#3465);
#3463 = CARTESIAN_POINT('',(141.665,-116.825,0.));
#3464 = DIRECTION('',(-0.,0.,-1.));
#3465 = DIRECTION('',(-0.,-1.,0.));
#3466 = FACE_BOUND('',#3467,.F.);
#3467 = EDGE_LOOP('',(#3468));
#3468 = ORIENTED_EDGE('',*,*,#3469,.T.);
#3469 = EDGE_CURVE('',#3470,#3470,#3472,.T.);
#3470 = VERTEX_POINT('',#3471);
#3471 = CARTESIAN_POINT('',(144.205,-117.325,0.));
#3472 = CIRCLE('',#3473,0.5);
#3473 = AXIS2_PLACEMENT_3D('',#3474,#3475,#3476);
#3474 = CARTESIAN_POINT('',(144.205,-116.825,0.));
#3475 = DIRECTION('',(-0.,0.,-1.));
#3476 = DIRECTION('',(-0.,-1.,0.));
#3477 = FACE_BOUND('',#3478,.F.);
#3478 = EDGE_LOOP('',(#3479));
#3479 = ORIENTED_EDGE('',*,*,#3480,.T.);
#3480 = EDGE_CURVE('',#3481,#3481,#3483,.T.);
#3481 = VERTEX_POINT('',#3482);
#3482 = CARTESIAN_POINT('',(140.,-112.65,0.));
#3483 = CIRCLE('',#3484,0.4);
#3484 = AXIS2_PLACEMENT_3D('',#3485,#3486,#3487);
#3485 = CARTESIAN_POINT('',(140.,-112.25,0.));
#3486 = DIRECTION('',(-0.,0.,-1.));
#3487 = DIRECTION('',(-0.,-1.,0.));
#3488 = FACE_BOUND('',#3489,.F.);
#3489 = EDGE_LOOP('',(#3490));
#3490 = ORIENTED_EDGE('',*,*,#3491,.T.);
#3491 = EDGE_CURVE('',#3492,#3492,#3494,.T.);
#3492 = VERTEX_POINT('',#3493);
#3493 = CARTESIAN_POINT('',(145.,-112.65,0.));
#3494 = CIRCLE('',#3495,0.4);
#3495 = AXIS2_PLACEMENT_3D('',#3496,#3497,#3498);
#3496 = CARTESIAN_POINT('',(145.,-112.25,0.));
#3497 = DIRECTION('',(-0.,0.,-1.));
#3498 = DIRECTION('',(-0.,-1.,0.));
#3499 = FACE_BOUND('',#3500,.F.);
#3500 = EDGE_LOOP('',(#3501));
#3501 = ORIENTED_EDGE('',*,*,#3502,.T.);
#3502 = EDGE_CURVE('',#3503,#3503,#3505,.T.);
#3503 = VERTEX_POINT('',#3504);
#3504 = CARTESIAN_POINT('',(75.5,-91.2,0.));
#3505 = CIRCLE('',#3506,0.6);
#3506 = AXIS2_PLACEMENT_3D('',#3507,#3508,#3509);
#3507 = CARTESIAN_POINT('',(75.5,-90.6,0.));
#3508 = DIRECTION('',(-0.,0.,-1.));
#3509 = DIRECTION('',(-0.,-1.,0.));
#3510 = FACE_BOUND('',#3511,.F.);
#3511 = EDGE_LOOP('',(#3512));
#3512 = ORIENTED_EDGE('',*,*,#3513,.T.);
#3513 = EDGE_CURVE('',#3514,#3514,#3516,.T.);
#3514 = VERTEX_POINT('',#3515);
#3515 = CARTESIAN_POINT('',(83.25,-77.58,0.));
#3516 = CIRCLE('',#3517,0.5);
#3517 = AXIS2_PLACEMENT_3D('',#3518,#3519,#3520);
#3518 = CARTESIAN_POINT('',(83.25,-77.08,0.));
#3519 = DIRECTION('',(-0.,0.,-1.));
#3520 = DIRECTION('',(-0.,-1.,0.));
#3521 = FACE_BOUND('',#3522,.F.);
#3522 = EDGE_LOOP('',(#3523));
#3523 = ORIENTED_EDGE('',*,*,#3524,.T.);
#3524 = EDGE_CURVE('',#3525,#3525,#3527,.T.);
#3525 = VERTEX_POINT('',#3526);
#3526 = CARTESIAN_POINT('',(83.25,-75.04,0.));
#3527 = CIRCLE('',#3528,0.5);
#3528 = AXIS2_PLACEMENT_3D('',#3529,#3530,#3531);
#3529 = CARTESIAN_POINT('',(83.25,-74.54,0.));
#3530 = DIRECTION('',(-0.,0.,-1.));
#3531 = DIRECTION('',(-0.,-1.,0.));
#3532 = FACE_BOUND('',#3533,.F.);
#3533 = EDGE_LOOP('',(#3534));
#3534 = ORIENTED_EDGE('',*,*,#3535,.T.);
#3535 = EDGE_CURVE('',#3536,#3536,#3538,.T.);
#3536 = VERTEX_POINT('',#3537);
#3537 = CARTESIAN_POINT('',(83.25,-72.5,0.));
#3538 = CIRCLE('',#3539,0.5);
#3539 = AXIS2_PLACEMENT_3D('',#3540,#3541,#3542);
#3540 = CARTESIAN_POINT('',(83.25,-72.,0.));
#3541 = DIRECTION('',(-0.,0.,-1.));
#3542 = DIRECTION('',(-0.,-1.,0.));
#3543 = FACE_BOUND('',#3544,.F.);
#3544 = EDGE_LOOP('',(#3545));
#3545 = ORIENTED_EDGE('',*,*,#3546,.T.);
#3546 = EDGE_CURVE('',#3547,#3547,#3549,.T.);
#3547 = VERTEX_POINT('',#3548);
#3548 = CARTESIAN_POINT('',(99.505,-69.065,0.));
#3549 = CIRCLE('',#3550,0.5);
#3550 = AXIS2_PLACEMENT_3D('',#3551,#3552,#3553);
#3551 = CARTESIAN_POINT('',(99.505,-68.565,0.));
#3552 = DIRECTION('',(-0.,0.,-1.));
#3553 = DIRECTION('',(-0.,-1.,0.));
#3554 = FACE_BOUND('',#3555,.F.);
#3555 = EDGE_LOOP('',(#3556));
#3556 = ORIENTED_EDGE('',*,*,#3557,.T.);
#3557 = EDGE_CURVE('',#3558,#3558,#3560,.T.);
#3558 = VERTEX_POINT('',#3559);
#3559 = CARTESIAN_POINT('',(102.045,-69.065,0.));
#3560 = CIRCLE('',#3561,0.5);
#3561 = AXIS2_PLACEMENT_3D('',#3562,#3563,#3564);
#3562 = CARTESIAN_POINT('',(102.045,-68.565,0.));
#3563 = DIRECTION('',(-0.,0.,-1.));
#3564 = DIRECTION('',(-0.,-1.,0.));
#3565 = FACE_BOUND('',#3566,.F.);
#3566 = EDGE_LOOP('',(#3567));
#3567 = ORIENTED_EDGE('',*,*,#3568,.T.);
#3568 = EDGE_CURVE('',#3569,#3569,#3571,.T.);
#3569 = VERTEX_POINT('',#3570);
#3570 = CARTESIAN_POINT('',(104.585,-69.065,0.));
#3571 = CIRCLE('',#3572,0.5);
#3572 = AXIS2_PLACEMENT_3D('',#3573,#3574,#3575);
#3573 = CARTESIAN_POINT('',(104.585,-68.565,0.));
#3574 = DIRECTION('',(-0.,0.,-1.));
#3575 = DIRECTION('',(-0.,-1.,0.));
#3576 = FACE_BOUND('',#3577,.F.);
#3577 = EDGE_LOOP('',(#3578));
#3578 = ORIENTED_EDGE('',*,*,#3579,.T.);
#3579 = EDGE_CURVE('',#3580,#3580,#3582,.T.);
#3580 = VERTEX_POINT('',#3581);
#3581 = CARTESIAN_POINT('',(107.125,-69.065,0.));
#3582 = CIRCLE('',#3583,0.5);
#3583 = AXIS2_PLACEMENT_3D('',#3584,#3585,#3586);
#3584 = CARTESIAN_POINT('',(107.125,-68.565,0.));
#3585 = DIRECTION('',(-0.,0.,-1.));
#3586 = DIRECTION('',(-0.,-1.,0.));
#3587 = FACE_BOUND('',#3588,.F.);
#3588 = EDGE_LOOP('',(#3589));
#3589 = ORIENTED_EDGE('',*,*,#3590,.T.);
#3590 = EDGE_CURVE('',#3591,#3591,#3593,.T.);
#3591 = VERTEX_POINT('',#3592);
#3592 = CARTESIAN_POINT('',(109.665,-69.065,0.));
#3593 = CIRCLE('',#3594,0.5);
#3594 = AXIS2_PLACEMENT_3D('',#3595,#3596,#3597);
#3595 = CARTESIAN_POINT('',(109.665,-68.565,0.));
#3596 = DIRECTION('',(-0.,0.,-1.));
#3597 = DIRECTION('',(-0.,-1.,0.));
#3598 = FACE_BOUND('',#3599,.F.);
#3599 = EDGE_LOOP('',(#3600));
#3600 = ORIENTED_EDGE('',*,*,#3601,.T.);
#3601 = EDGE_CURVE('',#3602,#3602,#3604,.T.);
#3602 = VERTEX_POINT('',#3603);
#3603 = CARTESIAN_POINT('',(112.205,-69.065,0.));
#3604 = CIRCLE('',#3605,0.5);
#3605 = AXIS2_PLACEMENT_3D('',#3606,#3607,#3608);
#3606 = CARTESIAN_POINT('',(112.205,-68.565,0.));
#3607 = DIRECTION('',(-0.,0.,-1.));
#3608 = DIRECTION('',(-0.,-1.,0.));
#3609 = FACE_BOUND('',#3610,.F.);
#3610 = EDGE_LOOP('',(#3611));
#3611 = ORIENTED_EDGE('',*,*,#3612,.T.);
#3612 = EDGE_CURVE('',#3613,#3613,#3615,.T.);
#3613 = VERTEX_POINT('',#3614);
#3614 = CARTESIAN_POINT('',(117.285,-69.065,0.));
#3615 = CIRCLE('',#3616,0.5);
#3616 = AXIS2_PLACEMENT_3D('',#3617,#3618,#3619);
#3617 = CARTESIAN_POINT('',(117.285,-68.565,0.));
#3618 = DIRECTION('',(-0.,0.,-1.));
#3619 = DIRECTION('',(-0.,-1.,0.));
#3620 = FACE_BOUND('',#3621,.F.);
#3621 = EDGE_LOOP('',(#3622));
#3622 = ORIENTED_EDGE('',*,*,#3623,.T.);
#3623 = EDGE_CURVE('',#3624,#3624,#3626,.T.);
#3624 = VERTEX_POINT('',#3625);
#3625 = CARTESIAN_POINT('',(119.825,-69.065,0.));
#3626 = CIRCLE('',#3627,0.5);
#3627 = AXIS2_PLACEMENT_3D('',#3628,#3629,#3630);
#3628 = CARTESIAN_POINT('',(119.825,-68.565,0.));
#3629 = DIRECTION('',(-0.,0.,-1.));
#3630 = DIRECTION('',(-0.,-1.,0.));
#3631 = FACE_BOUND('',#3632,.F.);
#3632 = EDGE_LOOP('',(#3633));
#3633 = ORIENTED_EDGE('',*,*,#3634,.T.);
#3634 = EDGE_CURVE('',#3635,#3635,#3637,.T.);
#3635 = VERTEX_POINT('',#3636);
#3636 = CARTESIAN_POINT('',(122.365,-69.065,0.));
#3637 = CIRCLE('',#3638,0.5);
#3638 = AXIS2_PLACEMENT_3D('',#3639,#3640,#3641);
#3639 = CARTESIAN_POINT('',(122.365,-68.565,0.));
#3640 = DIRECTION('',(-0.,0.,-1.));
#3641 = DIRECTION('',(-0.,-1.,0.));
#3642 = FACE_BOUND('',#3643,.F.);
#3643 = EDGE_LOOP('',(#3644));
#3644 = ORIENTED_EDGE('',*,*,#3645,.T.);
#3645 = EDGE_CURVE('',#3646,#3646,#3648,.T.);
#3646 = VERTEX_POINT('',#3647);
#3647 = CARTESIAN_POINT('',(124.905,-69.065,0.));
#3648 = CIRCLE('',#3649,0.5);
#3649 = AXIS2_PLACEMENT_3D('',#3650,#3651,#3652);
#3650 = CARTESIAN_POINT('',(124.905,-68.565,0.));
#3651 = DIRECTION('',(-0.,0.,-1.));
#3652 = DIRECTION('',(-0.,-1.,0.));
#3653 = FACE_BOUND('',#3654,.F.);
#3654 = EDGE_LOOP('',(#3655));
#3655 = ORIENTED_EDGE('',*,*,#3656,.T.);
#3656 = EDGE_CURVE('',#3657,#3657,#3659,.T.);
#3657 = VERTEX_POINT('',#3658);
#3658 = CARTESIAN_POINT('',(127.445,-69.065,0.));
#3659 = CIRCLE('',#3660,0.5);
#3660 = AXIS2_PLACEMENT_3D('',#3661,#3662,#3663);
#3661 = CARTESIAN_POINT('',(127.445,-68.565,0.));
#3662 = DIRECTION('',(-0.,0.,-1.));
#3663 = DIRECTION('',(-0.,-1.,0.));
#3664 = FACE_BOUND('',#3665,.F.);
#3665 = EDGE_LOOP('',(#3666));
#3666 = ORIENTED_EDGE('',*,*,#3667,.T.);
#3667 = EDGE_CURVE('',#3668,#3668,#3670,.T.);
#3668 = VERTEX_POINT('',#3669);
#3669 = CARTESIAN_POINT('',(129.985,-69.065,0.));
#3670 = CIRCLE('',#3671,0.5);
#3671 = AXIS2_PLACEMENT_3D('',#3672,#3673,#3674);
#3672 = CARTESIAN_POINT('',(129.985,-68.565,0.));
#3673 = DIRECTION('',(-0.,0.,-1.));
#3674 = DIRECTION('',(-0.,-1.,0.));
#3675 = FACE_BOUND('',#3676,.F.);
#3676 = EDGE_LOOP('',(#3677));
#3677 = ORIENTED_EDGE('',*,*,#3678,.T.);
#3678 = EDGE_CURVE('',#3679,#3679,#3681,.T.);
#3679 = VERTEX_POINT('',#3680);
#3680 = CARTESIAN_POINT('',(132.525,-69.065,0.));
#3681 = CIRCLE('',#3682,0.5);
#3682 = AXIS2_PLACEMENT_3D('',#3683,#3684,#3685);
#3683 = CARTESIAN_POINT('',(132.525,-68.565,0.));
#3684 = DIRECTION('',(-0.,0.,-1.));
#3685 = DIRECTION('',(-0.,-1.,0.));
#3686 = FACE_BOUND('',#3687,.F.);
#3687 = EDGE_LOOP('',(#3688));
#3688 = ORIENTED_EDGE('',*,*,#3689,.T.);
#3689 = EDGE_CURVE('',#3690,#3690,#3692,.T.);
#3690 = VERTEX_POINT('',#3691);
#3691 = CARTESIAN_POINT('',(135.065,-69.065,0.));
#3692 = CIRCLE('',#3693,0.5);
#3693 = AXIS2_PLACEMENT_3D('',#3694,#3695,#3696);
#3694 = CARTESIAN_POINT('',(135.065,-68.565,0.));
#3695 = DIRECTION('',(-0.,0.,-1.));
#3696 = DIRECTION('',(-0.,-1.,0.));
#3697 = PLANE('',#3698);
#3698 = AXIS2_PLACEMENT_3D('',#3699,#3700,#3701);
#3699 = CARTESIAN_POINT('',(0.,0.,0.));
#3700 = DIRECTION('',(0.,0.,1.));
#3701 = DIRECTION('',(1.,0.,-0.));
#3702 = ADVANCED_FACE('',(#3703,#3749,#3760,#3771,#3782,#3793,#3804,
    #3815,#3826,#3837,#3848,#3859,#3870,#3881,#3892,#3903,#3914,#3925,
    #3936,#3947,#3958,#3969,#3980,#3991,#4002,#4013,#4024,#4035,#4046,
    #4057,#4068,#4079,#4090,#4101,#4112,#4123,#4134,#4145,#4156,#4167,
    #4178,#4189,#4200,#4211,#4222),#4233,.T.);
#3703 = FACE_BOUND('',#3704,.T.);
#3704 = EDGE_LOOP('',(#3705,#3706,#3707,#3716,#3724,#3733,#3741,#3748));
#3705 = ORIENTED_EDGE('',*,*,#3076,.F.);
#3706 = ORIENTED_EDGE('',*,*,#3118,.F.);
#3707 = ORIENTED_EDGE('',*,*,#3708,.F.);
#3708 = EDGE_CURVE('',#3709,#3111,#3711,.T.);
#3709 = VERTEX_POINT('',#3710);
#3710 = CARTESIAN_POINT('',(71.75,-68.,1.51));
#3711 = CIRCLE('',#3712,4.999999678834);
#3712 = AXIS2_PLACEMENT_3D('',#3713,#3714,#3715);
#3713 = CARTESIAN_POINT('',(76.749999678834,-67.99999967883,1.51));
#3714 = DIRECTION('',(0.,0.,-1.));
#3715 = DIRECTION('',(-1.,-6.423314133505E-08,-0.));
#3716 = ORIENTED_EDGE('',*,*,#3717,.F.);
#3717 = EDGE_CURVE('',#3718,#3709,#3720,.T.);
#3718 = VERTEX_POINT('',#3719);
#3719 = CARTESIAN_POINT('',(71.75,-117.5,1.51));
#3720 = LINE('',#3721,#3722);
#3721 = CARTESIAN_POINT('',(71.75,-117.5,1.51));
#3722 = VECTOR('',#3723,1.);
#3723 = DIRECTION('',(0.,1.,0.));
#3724 = ORIENTED_EDGE('',*,*,#3725,.F.);
#3725 = EDGE_CURVE('',#3726,#3718,#3728,.T.);
#3726 = VERTEX_POINT('',#3727);
#3727 = CARTESIAN_POINT('',(76.75,-122.5,1.51));
#3728 = CIRCLE('',#3729,4.999999678834);
#3729 = AXIS2_PLACEMENT_3D('',#3730,#3731,#3732);
#3730 = CARTESIAN_POINT('',(76.749999678834,-117.5000003211,1.51));
#3731 = DIRECTION('',(0.,0.,-1.));
#3732 = DIRECTION('',(6.423314133505E-08,-1.,0.));
#3733 = ORIENTED_EDGE('',*,*,#3734,.F.);
#3734 = EDGE_CURVE('',#3735,#3726,#3737,.T.);
#3735 = VERTEX_POINT('',#3736);
#3736 = CARTESIAN_POINT('',(158.25,-122.5,1.51));
#3737 = LINE('',#3738,#3739);
#3738 = CARTESIAN_POINT('',(158.25,-122.5,1.51));
#3739 = VECTOR('',#3740,1.);
#3740 = DIRECTION('',(-1.,0.,0.));
#3741 = ORIENTED_EDGE('',*,*,#3742,.F.);
#3742 = EDGE_CURVE('',#3141,#3735,#3743,.T.);
#3743 = CIRCLE('',#3744,4.999999678834);
#3744 = AXIS2_PLACEMENT_3D('',#3745,#3746,#3747);
#3745 = CARTESIAN_POINT('',(158.25000032116,-117.5000003211,1.51));
#3746 = DIRECTION('',(0.,0.,-1.));
#3747 = DIRECTION('',(1.,6.42331470194E-08,0.));
#3748 = ORIENTED_EDGE('',*,*,#3140,.F.);
#3749 = FACE_BOUND('',#3750,.T.);
#3750 = EDGE_LOOP('',(#3751));
#3751 = ORIENTED_EDGE('',*,*,#3752,.T.);
#3752 = EDGE_CURVE('',#3753,#3753,#3755,.T.);
#3753 = VERTEX_POINT('',#3754);
#3754 = CARTESIAN_POINT('',(82.75,-114.33,1.51));
#3755 = CIRCLE('',#3756,0.5);
#3756 = AXIS2_PLACEMENT_3D('',#3757,#3758,#3759);
#3757 = CARTESIAN_POINT('',(82.75,-113.83,1.51));
#3758 = DIRECTION('',(-0.,0.,-1.));
#3759 = DIRECTION('',(-0.,-1.,0.));
#3760 = FACE_BOUND('',#3761,.T.);
#3761 = EDGE_LOOP('',(#3762));
#3762 = ORIENTED_EDGE('',*,*,#3763,.T.);
#3763 = EDGE_CURVE('',#3764,#3764,#3766,.T.);
#3764 = VERTEX_POINT('',#3765);
#3765 = CARTESIAN_POINT('',(82.75,-111.79,1.51));
#3766 = CIRCLE('',#3767,0.5);
#3767 = AXIS2_PLACEMENT_3D('',#3768,#3769,#3770);
#3768 = CARTESIAN_POINT('',(82.75,-111.29,1.51));
#3769 = DIRECTION('',(-0.,0.,-1.));
#3770 = DIRECTION('',(-0.,-1.,0.));
#3771 = FACE_BOUND('',#3772,.T.);
#3772 = EDGE_LOOP('',(#3773));
#3773 = ORIENTED_EDGE('',*,*,#3774,.T.);
#3774 = EDGE_CURVE('',#3775,#3775,#3777,.T.);
#3775 = VERTEX_POINT('',#3776);
#3776 = CARTESIAN_POINT('',(82.75,-109.25,1.51));
#3777 = CIRCLE('',#3778,0.5);
#3778 = AXIS2_PLACEMENT_3D('',#3779,#3780,#3781);
#3779 = CARTESIAN_POINT('',(82.75,-108.75,1.51));
#3780 = DIRECTION('',(-0.,0.,-1.));
#3781 = DIRECTION('',(-0.,-1.,0.));
#3782 = FACE_BOUND('',#3783,.T.);
#3783 = EDGE_LOOP('',(#3784));
#3784 = ORIENTED_EDGE('',*,*,#3785,.T.);
#3785 = EDGE_CURVE('',#3786,#3786,#3788,.T.);
#3786 = VERTEX_POINT('',#3787);
#3787 = CARTESIAN_POINT('',(99.505,-117.325,1.51));
#3788 = CIRCLE('',#3789,0.5);
#3789 = AXIS2_PLACEMENT_3D('',#3790,#3791,#3792);
#3790 = CARTESIAN_POINT('',(99.505,-116.825,1.51));
#3791 = DIRECTION('',(-0.,0.,-1.));
#3792 = DIRECTION('',(-0.,-1.,0.));
#3793 = FACE_BOUND('',#3794,.T.);
#3794 = EDGE_LOOP('',(#3795));
#3795 = ORIENTED_EDGE('',*,*,#3796,.T.);
#3796 = EDGE_CURVE('',#3797,#3797,#3799,.T.);
#3797 = VERTEX_POINT('',#3798);
#3798 = CARTESIAN_POINT('',(102.045,-117.325,1.51));
#3799 = CIRCLE('',#3800,0.5);
#3800 = AXIS2_PLACEMENT_3D('',#3801,#3802,#3803);
#3801 = CARTESIAN_POINT('',(102.045,-116.825,1.51));
#3802 = DIRECTION('',(-0.,0.,-1.));
#3803 = DIRECTION('',(-0.,-1.,0.));
#3804 = FACE_BOUND('',#3805,.T.);
#3805 = EDGE_LOOP('',(#3806));
#3806 = ORIENTED_EDGE('',*,*,#3807,.T.);
#3807 = EDGE_CURVE('',#3808,#3808,#3810,.T.);
#3808 = VERTEX_POINT('',#3809);
#3809 = CARTESIAN_POINT('',(104.585,-117.325,1.51));
#3810 = CIRCLE('',#3811,0.5);
#3811 = AXIS2_PLACEMENT_3D('',#3812,#3813,#3814);
#3812 = CARTESIAN_POINT('',(104.585,-116.825,1.51));
#3813 = DIRECTION('',(-0.,0.,-1.));
#3814 = DIRECTION('',(-0.,-1.,0.));
#3815 = FACE_BOUND('',#3816,.T.);
#3816 = EDGE_LOOP('',(#3817));
#3817 = ORIENTED_EDGE('',*,*,#3818,.T.);
#3818 = EDGE_CURVE('',#3819,#3819,#3821,.T.);
#3819 = VERTEX_POINT('',#3820);
#3820 = CARTESIAN_POINT('',(107.125,-117.325,1.51));
#3821 = CIRCLE('',#3822,0.5);
#3822 = AXIS2_PLACEMENT_3D('',#3823,#3824,#3825);
#3823 = CARTESIAN_POINT('',(107.125,-116.825,1.51));
#3824 = DIRECTION('',(-0.,0.,-1.));
#3825 = DIRECTION('',(-0.,-1.,0.));
#3826 = FACE_BOUND('',#3827,.T.);
#3827 = EDGE_LOOP('',(#3828));
#3828 = ORIENTED_EDGE('',*,*,#3829,.T.);
#3829 = EDGE_CURVE('',#3830,#3830,#3832,.T.);
#3830 = VERTEX_POINT('',#3831);
#3831 = CARTESIAN_POINT('',(109.665,-117.325,1.51));
#3832 = CIRCLE('',#3833,0.5);
#3833 = AXIS2_PLACEMENT_3D('',#3834,#3835,#3836);
#3834 = CARTESIAN_POINT('',(109.665,-116.825,1.51));
#3835 = DIRECTION('',(-0.,0.,-1.));
#3836 = DIRECTION('',(-0.,-1.,0.));
#3837 = FACE_BOUND('',#3838,.T.);
#3838 = EDGE_LOOP('',(#3839));
#3839 = ORIENTED_EDGE('',*,*,#3840,.T.);
#3840 = EDGE_CURVE('',#3841,#3841,#3843,.T.);
#3841 = VERTEX_POINT('',#3842);
#3842 = CARTESIAN_POINT('',(102.7,-107.25,1.51));
#3843 = CIRCLE('',#3844,0.5);
#3844 = AXIS2_PLACEMENT_3D('',#3845,#3846,#3847);
#3845 = CARTESIAN_POINT('',(102.7,-106.75,1.51));
#3846 = DIRECTION('',(-0.,0.,-1.));
#3847 = DIRECTION('',(-0.,-1.,0.));
#3848 = FACE_BOUND('',#3849,.T.);
#3849 = EDGE_LOOP('',(#3850));
#3850 = ORIENTED_EDGE('',*,*,#3851,.T.);
#3851 = EDGE_CURVE('',#3852,#3852,#3854,.T.);
#3852 = VERTEX_POINT('',#3853);
#3853 = CARTESIAN_POINT('',(75.5,-96.5,1.51));
#3854 = CIRCLE('',#3855,0.6);
#3855 = AXIS2_PLACEMENT_3D('',#3856,#3857,#3858);
#3856 = CARTESIAN_POINT('',(75.5,-95.9,1.51));
#3857 = DIRECTION('',(-0.,0.,-1.));
#3858 = DIRECTION('',(-0.,-1.,0.));
#3859 = FACE_BOUND('',#3860,.T.);
#3860 = EDGE_LOOP('',(#3861));
#3861 = ORIENTED_EDGE('',*,*,#3862,.T.);
#3862 = EDGE_CURVE('',#3863,#3863,#3865,.T.);
#3863 = VERTEX_POINT('',#3864);
#3864 = CARTESIAN_POINT('',(112.205,-117.325,1.51));
#3865 = CIRCLE('',#3866,0.5);
#3866 = AXIS2_PLACEMENT_3D('',#3867,#3868,#3869);
#3867 = CARTESIAN_POINT('',(112.205,-116.825,1.51));
#3868 = DIRECTION('',(-0.,0.,-1.));
#3869 = DIRECTION('',(-0.,-1.,0.));
#3870 = FACE_BOUND('',#3871,.T.);
#3871 = EDGE_LOOP('',(#3872));
#3872 = ORIENTED_EDGE('',*,*,#3873,.T.);
#3873 = EDGE_CURVE('',#3874,#3874,#3876,.T.);
#3874 = VERTEX_POINT('',#3875);
#3875 = CARTESIAN_POINT('',(114.745,-117.325,1.51));
#3876 = CIRCLE('',#3877,0.5);
#3877 = AXIS2_PLACEMENT_3D('',#3878,#3879,#3880);
#3878 = CARTESIAN_POINT('',(114.745,-116.825,1.51));
#3879 = DIRECTION('',(-0.,0.,-1.));
#3880 = DIRECTION('',(-0.,-1.,0.));
#3881 = FACE_BOUND('',#3882,.T.);
#3882 = EDGE_LOOP('',(#3883));
#3883 = ORIENTED_EDGE('',*,*,#3884,.T.);
#3884 = EDGE_CURVE('',#3885,#3885,#3887,.T.);
#3885 = VERTEX_POINT('',#3886);
#3886 = CARTESIAN_POINT('',(117.285,-117.325,1.51));
#3887 = CIRCLE('',#3888,0.5);
#3888 = AXIS2_PLACEMENT_3D('',#3889,#3890,#3891);
#3889 = CARTESIAN_POINT('',(117.285,-116.825,1.51));
#3890 = DIRECTION('',(-0.,0.,-1.));
#3891 = DIRECTION('',(-0.,-1.,0.));
#3892 = FACE_BOUND('',#3893,.T.);
#3893 = EDGE_LOOP('',(#3894));
#3894 = ORIENTED_EDGE('',*,*,#3895,.T.);
#3895 = EDGE_CURVE('',#3896,#3896,#3898,.T.);
#3896 = VERTEX_POINT('',#3897);
#3897 = CARTESIAN_POINT('',(121.345,-117.325,1.51));
#3898 = CIRCLE('',#3899,0.5);
#3899 = AXIS2_PLACEMENT_3D('',#3900,#3901,#3902);
#3900 = CARTESIAN_POINT('',(121.345,-116.825,1.51));
#3901 = DIRECTION('',(-0.,0.,-1.));
#3902 = DIRECTION('',(-0.,-1.,0.));
#3903 = FACE_BOUND('',#3904,.T.);
#3904 = EDGE_LOOP('',(#3905));
#3905 = ORIENTED_EDGE('',*,*,#3906,.T.);
#3906 = EDGE_CURVE('',#3907,#3907,#3909,.T.);
#3907 = VERTEX_POINT('',#3908);
#3908 = CARTESIAN_POINT('',(123.885,-117.325,1.51));
#3909 = CIRCLE('',#3910,0.5);
#3910 = AXIS2_PLACEMENT_3D('',#3911,#3912,#3913);
#3911 = CARTESIAN_POINT('',(123.885,-116.825,1.51));
#3912 = DIRECTION('',(-0.,0.,-1.));
#3913 = DIRECTION('',(-0.,-1.,0.));
#3914 = FACE_BOUND('',#3915,.T.);
#3915 = EDGE_LOOP('',(#3916));
#3916 = ORIENTED_EDGE('',*,*,#3917,.T.);
#3917 = EDGE_CURVE('',#3918,#3918,#3920,.T.);
#3918 = VERTEX_POINT('',#3919);
#3919 = CARTESIAN_POINT('',(126.425,-117.325,1.51));
#3920 = CIRCLE('',#3921,0.5);
#3921 = AXIS2_PLACEMENT_3D('',#3922,#3923,#3924);
#3922 = CARTESIAN_POINT('',(126.425,-116.825,1.51));
#3923 = DIRECTION('',(-0.,0.,-1.));
#3924 = DIRECTION('',(-0.,-1.,0.));
#3925 = FACE_BOUND('',#3926,.T.);
#3926 = EDGE_LOOP('',(#3927));
#3927 = ORIENTED_EDGE('',*,*,#3928,.T.);
#3928 = EDGE_CURVE('',#3929,#3929,#3931,.T.);
#3929 = VERTEX_POINT('',#3930);
#3930 = CARTESIAN_POINT('',(110.3,-107.25,1.51));
#3931 = CIRCLE('',#3932,0.5);
#3932 = AXIS2_PLACEMENT_3D('',#3933,#3934,#3935);
#3933 = CARTESIAN_POINT('',(110.3,-106.75,1.51));
#3934 = DIRECTION('',(-0.,0.,-1.));
#3935 = DIRECTION('',(-0.,-1.,0.));
#3936 = FACE_BOUND('',#3937,.T.);
#3937 = EDGE_LOOP('',(#3938));
#3938 = ORIENTED_EDGE('',*,*,#3939,.T.);
#3939 = EDGE_CURVE('',#3940,#3940,#3942,.T.);
#3940 = VERTEX_POINT('',#3941);
#3941 = CARTESIAN_POINT('',(128.965,-117.325,1.51));
#3942 = CIRCLE('',#3943,0.5);
#3943 = AXIS2_PLACEMENT_3D('',#3944,#3945,#3946);
#3944 = CARTESIAN_POINT('',(128.965,-116.825,1.51));
#3945 = DIRECTION('',(-0.,0.,-1.));
#3946 = DIRECTION('',(-0.,-1.,0.));
#3947 = FACE_BOUND('',#3948,.T.);
#3948 = EDGE_LOOP('',(#3949));
#3949 = ORIENTED_EDGE('',*,*,#3950,.T.);
#3950 = EDGE_CURVE('',#3951,#3951,#3953,.T.);
#3951 = VERTEX_POINT('',#3952);
#3952 = CARTESIAN_POINT('',(131.505,-117.325,1.51));
#3953 = CIRCLE('',#3954,0.5);
#3954 = AXIS2_PLACEMENT_3D('',#3955,#3956,#3957);
#3955 = CARTESIAN_POINT('',(131.505,-116.825,1.51));
#3956 = DIRECTION('',(-0.,0.,-1.));
#3957 = DIRECTION('',(-0.,-1.,0.));
#3958 = FACE_BOUND('',#3959,.T.);
#3959 = EDGE_LOOP('',(#3960));
#3960 = ORIENTED_EDGE('',*,*,#3961,.T.);
#3961 = EDGE_CURVE('',#3962,#3962,#3964,.T.);
#3962 = VERTEX_POINT('',#3963);
#3963 = CARTESIAN_POINT('',(134.045,-117.325,1.51));
#3964 = CIRCLE('',#3965,0.5);
#3965 = AXIS2_PLACEMENT_3D('',#3966,#3967,#3968);
#3966 = CARTESIAN_POINT('',(134.045,-116.825,1.51));
#3967 = DIRECTION('',(-0.,0.,-1.));
#3968 = DIRECTION('',(-0.,-1.,0.));
#3969 = FACE_BOUND('',#3970,.T.);
#3970 = EDGE_LOOP('',(#3971));
#3971 = ORIENTED_EDGE('',*,*,#3972,.T.);
#3972 = EDGE_CURVE('',#3973,#3973,#3975,.T.);
#3973 = VERTEX_POINT('',#3974);
#3974 = CARTESIAN_POINT('',(136.585,-117.325,1.51));
#3975 = CIRCLE('',#3976,0.5);
#3976 = AXIS2_PLACEMENT_3D('',#3977,#3978,#3979);
#3977 = CARTESIAN_POINT('',(136.585,-116.825,1.51));
#3978 = DIRECTION('',(-0.,0.,-1.));
#3979 = DIRECTION('',(-0.,-1.,0.));
#3980 = FACE_BOUND('',#3981,.T.);
#3981 = EDGE_LOOP('',(#3982));
#3982 = ORIENTED_EDGE('',*,*,#3983,.T.);
#3983 = EDGE_CURVE('',#3984,#3984,#3986,.T.);
#3984 = VERTEX_POINT('',#3985);
#3985 = CARTESIAN_POINT('',(139.125,-117.325,1.51));
#3986 = CIRCLE('',#3987,0.5);
#3987 = AXIS2_PLACEMENT_3D('',#3988,#3989,#3990);
#3988 = CARTESIAN_POINT('',(139.125,-116.825,1.51));
#3989 = DIRECTION('',(-0.,0.,-1.));
#3990 = DIRECTION('',(-0.,-1.,0.));
#3991 = FACE_BOUND('',#3992,.T.);
#3992 = EDGE_LOOP('',(#3993));
#3993 = ORIENTED_EDGE('',*,*,#3994,.T.);
#3994 = EDGE_CURVE('',#3995,#3995,#3997,.T.);
#3995 = VERTEX_POINT('',#3996);
#3996 = CARTESIAN_POINT('',(141.665,-117.325,1.51));
#3997 = CIRCLE('',#3998,0.5);
#3998 = AXIS2_PLACEMENT_3D('',#3999,#4000,#4001);
#3999 = CARTESIAN_POINT('',(141.665,-116.825,1.51));
#4000 = DIRECTION('',(-0.,0.,-1.));
#4001 = DIRECTION('',(-0.,-1.,0.));
#4002 = FACE_BOUND('',#4003,.T.);
#4003 = EDGE_LOOP('',(#4004));
#4004 = ORIENTED_EDGE('',*,*,#4005,.T.);
#4005 = EDGE_CURVE('',#4006,#4006,#4008,.T.);
#4006 = VERTEX_POINT('',#4007);
#4007 = CARTESIAN_POINT('',(144.205,-117.325,1.51));
#4008 = CIRCLE('',#4009,0.5);
#4009 = AXIS2_PLACEMENT_3D('',#4010,#4011,#4012);
#4010 = CARTESIAN_POINT('',(144.205,-116.825,1.51));
#4011 = DIRECTION('',(-0.,0.,-1.));
#4012 = DIRECTION('',(-0.,-1.,0.));
#4013 = FACE_BOUND('',#4014,.T.);
#4014 = EDGE_LOOP('',(#4015));
#4015 = ORIENTED_EDGE('',*,*,#4016,.T.);
#4016 = EDGE_CURVE('',#4017,#4017,#4019,.T.);
#4017 = VERTEX_POINT('',#4018);
#4018 = CARTESIAN_POINT('',(140.,-112.65,1.51));
#4019 = CIRCLE('',#4020,0.4);
#4020 = AXIS2_PLACEMENT_3D('',#4021,#4022,#4023);
#4021 = CARTESIAN_POINT('',(140.,-112.25,1.51));
#4022 = DIRECTION('',(-0.,0.,-1.));
#4023 = DIRECTION('',(-0.,-1.,0.));
#4024 = FACE_BOUND('',#4025,.T.);
#4025 = EDGE_LOOP('',(#4026));
#4026 = ORIENTED_EDGE('',*,*,#4027,.T.);
#4027 = EDGE_CURVE('',#4028,#4028,#4030,.T.);
#4028 = VERTEX_POINT('',#4029);
#4029 = CARTESIAN_POINT('',(145.,-112.65,1.51));
#4030 = CIRCLE('',#4031,0.4);
#4031 = AXIS2_PLACEMENT_3D('',#4032,#4033,#4034);
#4032 = CARTESIAN_POINT('',(145.,-112.25,1.51));
#4033 = DIRECTION('',(-0.,0.,-1.));
#4034 = DIRECTION('',(-0.,-1.,0.));
#4035 = FACE_BOUND('',#4036,.T.);
#4036 = EDGE_LOOP('',(#4037));
#4037 = ORIENTED_EDGE('',*,*,#4038,.T.);
#4038 = EDGE_CURVE('',#4039,#4039,#4041,.T.);
#4039 = VERTEX_POINT('',#4040);
#4040 = CARTESIAN_POINT('',(75.5,-91.2,1.51));
#4041 = CIRCLE('',#4042,0.6);
#4042 = AXIS2_PLACEMENT_3D('',#4043,#4044,#4045);
#4043 = CARTESIAN_POINT('',(75.5,-90.6,1.51));
#4044 = DIRECTION('',(-0.,0.,-1.));
#4045 = DIRECTION('',(-0.,-1.,0.));
#4046 = FACE_BOUND('',#4047,.T.);
#4047 = EDGE_LOOP('',(#4048));
#4048 = ORIENTED_EDGE('',*,*,#4049,.T.);
#4049 = EDGE_CURVE('',#4050,#4050,#4052,.T.);
#4050 = VERTEX_POINT('',#4051);
#4051 = CARTESIAN_POINT('',(83.25,-77.58,1.51));
#4052 = CIRCLE('',#4053,0.5);
#4053 = AXIS2_PLACEMENT_3D('',#4054,#4055,#4056);
#4054 = CARTESIAN_POINT('',(83.25,-77.08,1.51));
#4055 = DIRECTION('',(-0.,0.,-1.));
#4056 = DIRECTION('',(-0.,-1.,0.));
#4057 = FACE_BOUND('',#4058,.T.);
#4058 = EDGE_LOOP('',(#4059));
#4059 = ORIENTED_EDGE('',*,*,#4060,.T.);
#4060 = EDGE_CURVE('',#4061,#4061,#4063,.T.);
#4061 = VERTEX_POINT('',#4062);
#4062 = CARTESIAN_POINT('',(83.25,-75.04,1.51));
#4063 = CIRCLE('',#4064,0.5);
#4064 = AXIS2_PLACEMENT_3D('',#4065,#4066,#4067);
#4065 = CARTESIAN_POINT('',(83.25,-74.54,1.51));
#4066 = DIRECTION('',(-0.,0.,-1.));
#4067 = DIRECTION('',(-0.,-1.,0.));
#4068 = FACE_BOUND('',#4069,.T.);
#4069 = EDGE_LOOP('',(#4070));
#4070 = ORIENTED_EDGE('',*,*,#4071,.T.);
#4071 = EDGE_CURVE('',#4072,#4072,#4074,.T.);
#4072 = VERTEX_POINT('',#4073);
#4073 = CARTESIAN_POINT('',(83.25,-72.5,1.51));
#4074 = CIRCLE('',#4075,0.5);
#4075 = AXIS2_PLACEMENT_3D('',#4076,#4077,#4078);
#4076 = CARTESIAN_POINT('',(83.25,-72.,1.51));
#4077 = DIRECTION('',(-0.,0.,-1.));
#4078 = DIRECTION('',(-0.,-1.,0.));
#4079 = FACE_BOUND('',#4080,.T.);
#4080 = EDGE_LOOP('',(#4081));
#4081 = ORIENTED_EDGE('',*,*,#4082,.T.);
#4082 = EDGE_CURVE('',#4083,#4083,#4085,.T.);
#4083 = VERTEX_POINT('',#4084);
#4084 = CARTESIAN_POINT('',(99.505,-69.065,1.51));
#4085 = CIRCLE('',#4086,0.5);
#4086 = AXIS2_PLACEMENT_3D('',#4087,#4088,#4089);
#4087 = CARTESIAN_POINT('',(99.505,-68.565,1.51));
#4088 = DIRECTION('',(-0.,0.,-1.));
#4089 = DIRECTION('',(-0.,-1.,0.));
#4090 = FACE_BOUND('',#4091,.T.);
#4091 = EDGE_LOOP('',(#4092));
#4092 = ORIENTED_EDGE('',*,*,#4093,.T.);
#4093 = EDGE_CURVE('',#4094,#4094,#4096,.T.);
#4094 = VERTEX_POINT('',#4095);
#4095 = CARTESIAN_POINT('',(102.045,-69.065,1.51));
#4096 = CIRCLE('',#4097,0.5);
#4097 = AXIS2_PLACEMENT_3D('',#4098,#4099,#4100);
#4098 = CARTESIAN_POINT('',(102.045,-68.565,1.51));
#4099 = DIRECTION('',(-0.,0.,-1.));
#4100 = DIRECTION('',(-0.,-1.,0.));
#4101 = FACE_BOUND('',#4102,.T.);
#4102 = EDGE_LOOP('',(#4103));
#4103 = ORIENTED_EDGE('',*,*,#4104,.T.);
#4104 = EDGE_CURVE('',#4105,#4105,#4107,.T.);
#4105 = VERTEX_POINT('',#4106);
#4106 = CARTESIAN_POINT('',(104.585,-69.065,1.51));
#4107 = CIRCLE('',#4108,0.5);
#4108 = AXIS2_PLACEMENT_3D('',#4109,#4110,#4111);
#4109 = CARTESIAN_POINT('',(104.585,-68.565,1.51));
#4110 = DIRECTION('',(-0.,0.,-1.));
#4111 = DIRECTION('',(-0.,-1.,0.));
#4112 = FACE_BOUND('',#4113,.T.);
#4113 = EDGE_LOOP('',(#4114));
#4114 = ORIENTED_EDGE('',*,*,#4115,.T.);
#4115 = EDGE_CURVE('',#4116,#4116,#4118,.T.);
#4116 = VERTEX_POINT('',#4117);
#4117 = CARTESIAN_POINT('',(107.125,-69.065,1.51));
#4118 = CIRCLE('',#4119,0.5);
#4119 = AXIS2_PLACEMENT_3D('',#4120,#4121,#4122);
#4120 = CARTESIAN_POINT('',(107.125,-68.565,1.51));
#4121 = DIRECTION('',(-0.,0.,-1.));
#4122 = DIRECTION('',(-0.,-1.,0.));
#4123 = FACE_BOUND('',#4124,.T.);
#4124 = EDGE_LOOP('',(#4125));
#4125 = ORIENTED_EDGE('',*,*,#4126,.T.);
#4126 = EDGE_CURVE('',#4127,#4127,#4129,.T.);
#4127 = VERTEX_POINT('',#4128);
#4128 = CARTESIAN_POINT('',(109.665,-69.065,1.51));
#4129 = CIRCLE('',#4130,0.5);
#4130 = AXIS2_PLACEMENT_3D('',#4131,#4132,#4133);
#4131 = CARTESIAN_POINT('',(109.665,-68.565,1.51));
#4132 = DIRECTION('',(-0.,0.,-1.));
#4133 = DIRECTION('',(-0.,-1.,0.));
#4134 = FACE_BOUND('',#4135,.T.);
#4135 = EDGE_LOOP('',(#4136));
#4136 = ORIENTED_EDGE('',*,*,#4137,.T.);
#4137 = EDGE_CURVE('',#4138,#4138,#4140,.T.);
#4138 = VERTEX_POINT('',#4139);
#4139 = CARTESIAN_POINT('',(112.205,-69.065,1.51));
#4140 = CIRCLE('',#4141,0.5);
#4141 = AXIS2_PLACEMENT_3D('',#4142,#4143,#4144);
#4142 = CARTESIAN_POINT('',(112.205,-68.565,1.51));
#4143 = DIRECTION('',(-0.,0.,-1.));
#4144 = DIRECTION('',(-0.,-1.,0.));
#4145 = FACE_BOUND('',#4146,.T.);
#4146 = EDGE_LOOP('',(#4147));
#4147 = ORIENTED_EDGE('',*,*,#4148,.T.);
#4148 = EDGE_CURVE('',#4149,#4149,#4151,.T.);
#4149 = VERTEX_POINT('',#4150);
#4150 = CARTESIAN_POINT('',(117.285,-69.065,1.51));
#4151 = CIRCLE('',#4152,0.5);
#4152 = AXIS2_PLACEMENT_3D('',#4153,#4154,#4155);
#4153 = CARTESIAN_POINT('',(117.285,-68.565,1.51));
#4154 = DIRECTION('',(-0.,0.,-1.));
#4155 = DIRECTION('',(-0.,-1.,0.));
#4156 = FACE_BOUND('',#4157,.T.);
#4157 = EDGE_LOOP('',(#4158));
#4158 = ORIENTED_EDGE('',*,*,#4159,.T.);
#4159 = EDGE_CURVE('',#4160,#4160,#4162,.T.);
#4160 = VERTEX_POINT('',#4161);
#4161 = CARTESIAN_POINT('',(119.825,-69.065,1.51));
#4162 = CIRCLE('',#4163,0.5);
#4163 = AXIS2_PLACEMENT_3D('',#4164,#4165,#4166);
#4164 = CARTESIAN_POINT('',(119.825,-68.565,1.51));
#4165 = DIRECTION('',(-0.,0.,-1.));
#4166 = DIRECTION('',(-0.,-1.,0.));
#4167 = FACE_BOUND('',#4168,.T.);
#4168 = EDGE_LOOP('',(#4169));
#4169 = ORIENTED_EDGE('',*,*,#4170,.T.);
#4170 = EDGE_CURVE('',#4171,#4171,#4173,.T.);
#4171 = VERTEX_POINT('',#4172);
#4172 = CARTESIAN_POINT('',(122.365,-69.065,1.51));
#4173 = CIRCLE('',#4174,0.5);
#4174 = AXIS2_PLACEMENT_3D('',#4175,#4176,#4177);
#4175 = CARTESIAN_POINT('',(122.365,-68.565,1.51));
#4176 = DIRECTION('',(-0.,0.,-1.));
#4177 = DIRECTION('',(-0.,-1.,0.));
#4178 = FACE_BOUND('',#4179,.T.);
#4179 = EDGE_LOOP('',(#4180));
#4180 = ORIENTED_EDGE('',*,*,#4181,.T.);
#4181 = EDGE_CURVE('',#4182,#4182,#4184,.T.);
#4182 = VERTEX_POINT('',#4183);
#4183 = CARTESIAN_POINT('',(124.905,-69.065,1.51));
#4184 = CIRCLE('',#4185,0.5);
#4185 = AXIS2_PLACEMENT_3D('',#4186,#4187,#4188);
#4186 = CARTESIAN_POINT('',(124.905,-68.565,1.51));
#4187 = DIRECTION('',(-0.,0.,-1.));
#4188 = DIRECTION('',(-0.,-1.,0.));
#4189 = FACE_BOUND('',#4190,.T.);
#4190 = EDGE_LOOP('',(#4191));
#4191 = ORIENTED_EDGE('',*,*,#4192,.T.);
#4192 = EDGE_CURVE('',#4193,#4193,#4195,.T.);
#4193 = VERTEX_POINT('',#4194);
#4194 = CARTESIAN_POINT('',(127.445,-69.065,1.51));
#4195 = CIRCLE('',#4196,0.5);
#4196 = AXIS2_PLACEMENT_3D('',#4197,#4198,#4199);
#4197 = CARTESIAN_POINT('',(127.445,-68.565,1.51));
#4198 = DIRECTION('',(-0.,0.,-1.));
#4199 = DIRECTION('',(-0.,-1.,0.));
#4200 = FACE_BOUND('',#4201,.T.);
#4201 = EDGE_LOOP('',(#4202));
#4202 = ORIENTED_EDGE('',*,*,#4203,.T.);
#4203 = EDGE_CURVE('',#4204,#4204,#4206,.T.);
#4204 = VERTEX_POINT('',#4205);
#4205 = CARTESIAN_POINT('',(129.985,-69.065,1.51));
#4206 = CIRCLE('',#4207,0.5);
#4207 = AXIS2_PLACEMENT_3D('',#4208,#4209,#4210);
#4208 = CARTESIAN_POINT('',(129.985,-68.565,1.51));
#4209 = DIRECTION('',(-0.,0.,-1.));
#4210 = DIRECTION('',(-0.,-1.,0.));
#4211 = FACE_BOUND('',#4212,.T.);
#4212 = EDGE_LOOP('',(#4213));
#4213 = ORIENTED_EDGE('',*,*,#4214,.T.);
#4214 = EDGE_CURVE('',#4215,#4215,#4217,.T.);
#4215 = VERTEX_POINT('',#4216);
#4216 = CARTESIAN_POINT('',(132.525,-69.065,1.51));
#4217 = CIRCLE('',#4218,0.5);
#4218 = AXIS2_PLACEMENT_3D('',#4219,#4220,#4221);
#4219 = CARTESIAN_POINT('',(132.525,-68.565,1.51));
#4220 = DIRECTION('',(-0.,0.,-1.));
#4221 = DIRECTION('',(-0.,-1.,0.));
#4222 = FACE_BOUND('',#4223,.T.);
#4223 = EDGE_LOOP('',(#4224));
#4224 = ORIENTED_EDGE('',*,*,#4225,.T.);
#4225 = EDGE_CURVE('',#4226,#4226,#4228,.T.);
#4226 = VERTEX_POINT('',#4227);
#4227 = CARTESIAN_POINT('',(135.065,-69.065,1.51));
#4228 = CIRCLE('',#4229,0.5);
#4229 = AXIS2_PLACEMENT_3D('',#4230,#4231,#4232);
#4230 = CARTESIAN_POINT('',(135.065,-68.565,1.51));
#4231 = DIRECTION('',(-0.,0.,-1.));
#4232 = DIRECTION('',(-0.,-1.,0.));
#4233 = PLANE('',#4234);
#4234 = AXIS2_PLACEMENT_3D('',#4235,#4236,#4237);
#4235 = CARTESIAN_POINT('',(0.,0.,1.51));
#4236 = DIRECTION('',(0.,0.,1.));
#4237 = DIRECTION('',(1.,0.,-0.));
#4238 = ADVANCED_FACE('',(#4239),#4250,.T.);
#4239 = FACE_BOUND('',#4240,.T.);
#4240 = EDGE_LOOP('',(#4241,#4247,#4248,#4249));
#4241 = ORIENTED_EDGE('',*,*,#4242,.T.);
#4242 = EDGE_CURVE('',#3173,#3709,#4243,.T.);
#4243 = LINE('',#4244,#4245);
#4244 = CARTESIAN_POINT('',(71.75,-68.,0.));
#4245 = VECTOR('',#4246,1.);
#4246 = DIRECTION('',(0.,0.,1.));
#4247 = ORIENTED_EDGE('',*,*,#3708,.T.);
#4248 = ORIENTED_EDGE('',*,*,#3108,.F.);
#4249 = ORIENTED_EDGE('',*,*,#3172,.F.);
#4250 = CYLINDRICAL_SURFACE('',#4251,4.999999678834);
#4251 = AXIS2_PLACEMENT_3D('',#4252,#4253,#4254);
#4252 = CARTESIAN_POINT('',(76.749999678834,-67.99999967883,0.));
#4253 = DIRECTION('',(0.,0.,-1.));
#4254 = DIRECTION('',(-1.,-6.423314133505E-08,-0.));
#4255 = ADVANCED_FACE('',(#4256),#4267,.T.);
#4256 = FACE_BOUND('',#4257,.T.);
#4257 = EDGE_LOOP('',(#4258,#4259,#4260,#4266));
#4258 = ORIENTED_EDGE('',*,*,#3148,.T.);
#4259 = ORIENTED_EDGE('',*,*,#3742,.T.);
#4260 = ORIENTED_EDGE('',*,*,#4261,.F.);
#4261 = EDGE_CURVE('',#3199,#3735,#4262,.T.);
#4262 = LINE('',#4263,#4264);
#4263 = CARTESIAN_POINT('',(158.25,-122.5,0.));
#4264 = VECTOR('',#4265,1.);
#4265 = DIRECTION('',(0.,0.,1.));
#4266 = ORIENTED_EDGE('',*,*,#3206,.F.);
#4267 = CYLINDRICAL_SURFACE('',#4268,4.999999678834);
#4268 = AXIS2_PLACEMENT_3D('',#4269,#4270,#4271);
#4269 = CARTESIAN_POINT('',(158.25000032116,-117.5000003211,0.));
#4270 = DIRECTION('',(0.,0.,-1.));
#4271 = DIRECTION('',(1.,6.42331470194E-08,0.));
#4272 = ADVANCED_FACE('',(#4273),#4284,.T.);
#4273 = FACE_BOUND('',#4274,.T.);
#4274 = EDGE_LOOP('',(#4275,#4281,#4282,#4283));
#4275 = ORIENTED_EDGE('',*,*,#4276,.T.);
#4276 = EDGE_CURVE('',#3182,#3718,#4277,.T.);
#4277 = LINE('',#4278,#4279);
#4278 = CARTESIAN_POINT('',(71.75,-117.5,0.));
#4279 = VECTOR('',#4280,1.);
#4280 = DIRECTION('',(0.,0.,1.));
#4281 = ORIENTED_EDGE('',*,*,#3717,.T.);
#4282 = ORIENTED_EDGE('',*,*,#4242,.F.);
#4283 = ORIENTED_EDGE('',*,*,#3181,.F.);
#4284 = PLANE('',#4285);
#4285 = AXIS2_PLACEMENT_3D('',#4286,#4287,#4288);
#4286 = CARTESIAN_POINT('',(71.75,-117.5,0.));
#4287 = DIRECTION('',(-1.,0.,0.));
#4288 = DIRECTION('',(0.,1.,0.));
#4289 = ADVANCED_FACE('',(#4290),#4301,.T.);
#4290 = FACE_BOUND('',#4291,.T.);
#4291 = EDGE_LOOP('',(#4292,#4293,#4294,#4300));
#4292 = ORIENTED_EDGE('',*,*,#4261,.T.);
#4293 = ORIENTED_EDGE('',*,*,#3734,.T.);
#4294 = ORIENTED_EDGE('',*,*,#4295,.F.);
#4295 = EDGE_CURVE('',#3190,#3726,#4296,.T.);
#4296 = LINE('',#4297,#4298);
#4297 = CARTESIAN_POINT('',(76.75,-122.5,0.));
#4298 = VECTOR('',#4299,1.);
#4299 = DIRECTION('',(0.,0.,1.));
#4300 = ORIENTED_EDGE('',*,*,#3198,.F.);
#4301 = PLANE('',#4302);
#4302 = AXIS2_PLACEMENT_3D('',#4303,#4304,#4305);
#4303 = CARTESIAN_POINT('',(158.25,-122.5,0.));
#4304 = DIRECTION('',(0.,-1.,0.));
#4305 = DIRECTION('',(-1.,0.,0.));
#4306 = ADVANCED_FACE('',(#4307),#4313,.T.);
#4307 = FACE_BOUND('',#4308,.T.);
#4308 = EDGE_LOOP('',(#4309,#4310,#4311,#4312));
#4309 = ORIENTED_EDGE('',*,*,#4295,.T.);
#4310 = ORIENTED_EDGE('',*,*,#3725,.T.);
#4311 = ORIENTED_EDGE('',*,*,#4276,.F.);
#4312 = ORIENTED_EDGE('',*,*,#3189,.F.);
#4313 = CYLINDRICAL_SURFACE('',#4314,4.999999678834);
#4314 = AXIS2_PLACEMENT_3D('',#4315,#4316,#4317);
#4315 = CARTESIAN_POINT('',(76.749999678834,-117.5000003211,0.));
#4316 = DIRECTION('',(0.,0.,-1.));
#4317 = DIRECTION('',(6.423314133505E-08,-1.,0.));
#4318 = ADVANCED_FACE('',(#4319),#4330,.F.);
#4319 = FACE_BOUND('',#4320,.T.);
#4320 = EDGE_LOOP('',(#4321,#4322,#4328,#4329));
#4321 = ORIENTED_EDGE('',*,*,#3216,.T.);
#4322 = ORIENTED_EDGE('',*,*,#4323,.T.);
#4323 = EDGE_CURVE('',#3217,#3753,#4324,.T.);
#4324 = LINE('',#4325,#4326);
#4325 = CARTESIAN_POINT('',(82.75,-114.33,-4.6E-02));
#4326 = VECTOR('',#4327,1.);
#4327 = DIRECTION('',(0.,0.,1.));
#4328 = ORIENTED_EDGE('',*,*,#3752,.F.);
#4329 = ORIENTED_EDGE('',*,*,#4323,.F.);
#4330 = CYLINDRICAL_SURFACE('',#4331,0.5);
#4331 = AXIS2_PLACEMENT_3D('',#4332,#4333,#4334);
#4332 = CARTESIAN_POINT('',(82.75,-113.83,-4.6E-02));
#4333 = DIRECTION('',(-0.,-0.,-1.));
#4334 = DIRECTION('',(-0.,-1.,0.));
#4335 = ADVANCED_FACE('',(#4336),#4347,.F.);
#4336 = FACE_BOUND('',#4337,.T.);
#4337 = EDGE_LOOP('',(#4338,#4339,#4345,#4346));
#4338 = ORIENTED_EDGE('',*,*,#3227,.T.);
#4339 = ORIENTED_EDGE('',*,*,#4340,.T.);
#4340 = EDGE_CURVE('',#3228,#3764,#4341,.T.);
#4341 = LINE('',#4342,#4343);
#4342 = CARTESIAN_POINT('',(82.75,-111.79,-4.6E-02));
#4343 = VECTOR('',#4344,1.);
#4344 = DIRECTION('',(0.,0.,1.));
#4345 = ORIENTED_EDGE('',*,*,#3763,.F.);
#4346 = ORIENTED_EDGE('',*,*,#4340,.F.);
#4347 = CYLINDRICAL_SURFACE('',#4348,0.5);
#4348 = AXIS2_PLACEMENT_3D('',#4349,#4350,#4351);
#4349 = CARTESIAN_POINT('',(82.75,-111.29,-4.6E-02));
#4350 = DIRECTION('',(-0.,-0.,-1.));
#4351 = DIRECTION('',(-0.,-1.,0.));
#4352 = ADVANCED_FACE('',(#4353),#4364,.F.);
#4353 = FACE_BOUND('',#4354,.T.);
#4354 = EDGE_LOOP('',(#4355,#4356,#4362,#4363));
#4355 = ORIENTED_EDGE('',*,*,#3238,.T.);
#4356 = ORIENTED_EDGE('',*,*,#4357,.T.);
#4357 = EDGE_CURVE('',#3239,#3775,#4358,.T.);
#4358 = LINE('',#4359,#4360);
#4359 = CARTESIAN_POINT('',(82.75,-109.25,-4.6E-02));
#4360 = VECTOR('',#4361,1.);
#4361 = DIRECTION('',(0.,0.,1.));
#4362 = ORIENTED_EDGE('',*,*,#3774,.F.);
#4363 = ORIENTED_EDGE('',*,*,#4357,.F.);
#4364 = CYLINDRICAL_SURFACE('',#4365,0.5);
#4365 = AXIS2_PLACEMENT_3D('',#4366,#4367,#4368);
#4366 = CARTESIAN_POINT('',(82.75,-108.75,-4.6E-02));
#4367 = DIRECTION('',(-0.,-0.,-1.));
#4368 = DIRECTION('',(-0.,-1.,0.));
#4369 = ADVANCED_FACE('',(#4370),#4381,.F.);
#4370 = FACE_BOUND('',#4371,.T.);
#4371 = EDGE_LOOP('',(#4372,#4373,#4379,#4380));
#4372 = ORIENTED_EDGE('',*,*,#3249,.T.);
#4373 = ORIENTED_EDGE('',*,*,#4374,.T.);
#4374 = EDGE_CURVE('',#3250,#3786,#4375,.T.);
#4375 = LINE('',#4376,#4377);
#4376 = CARTESIAN_POINT('',(99.505,-117.325,-4.6E-02));
#4377 = VECTOR('',#4378,1.);
#4378 = DIRECTION('',(0.,0.,1.));
#4379 = ORIENTED_EDGE('',*,*,#3785,.F.);
#4380 = ORIENTED_EDGE('',*,*,#4374,.F.);
#4381 = CYLINDRICAL_SURFACE('',#4382,0.5);
#4382 = AXIS2_PLACEMENT_3D('',#4383,#4384,#4385);
#4383 = CARTESIAN_POINT('',(99.505,-116.825,-4.6E-02));
#4384 = DIRECTION('',(-0.,-0.,-1.));
#4385 = DIRECTION('',(-0.,-1.,0.));
#4386 = ADVANCED_FACE('',(#4387),#4398,.F.);
#4387 = FACE_BOUND('',#4388,.T.);
#4388 = EDGE_LOOP('',(#4389,#4390,#4396,#4397));
#4389 = ORIENTED_EDGE('',*,*,#3260,.T.);
#4390 = ORIENTED_EDGE('',*,*,#4391,.T.);
#4391 = EDGE_CURVE('',#3261,#3797,#4392,.T.);
#4392 = LINE('',#4393,#4394);
#4393 = CARTESIAN_POINT('',(102.045,-117.325,-4.6E-02));
#4394 = VECTOR('',#4395,1.);
#4395 = DIRECTION('',(0.,0.,1.));
#4396 = ORIENTED_EDGE('',*,*,#3796,.F.);
#4397 = ORIENTED_EDGE('',*,*,#4391,.F.);
#4398 = CYLINDRICAL_SURFACE('',#4399,0.5);
#4399 = AXIS2_PLACEMENT_3D('',#4400,#4401,#4402);
#4400 = CARTESIAN_POINT('',(102.045,-116.825,-4.6E-02));
#4401 = DIRECTION('',(-0.,-0.,-1.));
#4402 = DIRECTION('',(-0.,-1.,0.));
#4403 = ADVANCED_FACE('',(#4404),#4415,.F.);
#4404 = FACE_BOUND('',#4405,.T.);
#4405 = EDGE_LOOP('',(#4406,#4407,#4413,#4414));
#4406 = ORIENTED_EDGE('',*,*,#3271,.T.);
#4407 = ORIENTED_EDGE('',*,*,#4408,.T.);
#4408 = EDGE_CURVE('',#3272,#3808,#4409,.T.);
#4409 = LINE('',#4410,#4411);
#4410 = CARTESIAN_POINT('',(104.585,-117.325,-4.6E-02));
#4411 = VECTOR('',#4412,1.);
#4412 = DIRECTION('',(0.,0.,1.));
#4413 = ORIENTED_EDGE('',*,*,#3807,.F.);
#4414 = ORIENTED_EDGE('',*,*,#4408,.F.);
#4415 = CYLINDRICAL_SURFACE('',#4416,0.5);
#4416 = AXIS2_PLACEMENT_3D('',#4417,#4418,#4419);
#4417 = CARTESIAN_POINT('',(104.585,-116.825,-4.6E-02));
#4418 = DIRECTION('',(-0.,-0.,-1.));
#4419 = DIRECTION('',(-0.,-1.,0.));
#4420 = ADVANCED_FACE('',(#4421),#4432,.F.);
#4421 = FACE_BOUND('',#4422,.T.);
#4422 = EDGE_LOOP('',(#4423,#4424,#4430,#4431));
#4423 = ORIENTED_EDGE('',*,*,#3282,.T.);
#4424 = ORIENTED_EDGE('',*,*,#4425,.T.);
#4425 = EDGE_CURVE('',#3283,#3819,#4426,.T.);
#4426 = LINE('',#4427,#4428);
#4427 = CARTESIAN_POINT('',(107.125,-117.325,-4.6E-02));
#4428 = VECTOR('',#4429,1.);
#4429 = DIRECTION('',(0.,0.,1.));
#4430 = ORIENTED_EDGE('',*,*,#3818,.F.);
#4431 = ORIENTED_EDGE('',*,*,#4425,.F.);
#4432 = CYLINDRICAL_SURFACE('',#4433,0.5);
#4433 = AXIS2_PLACEMENT_3D('',#4434,#4435,#4436);
#4434 = CARTESIAN_POINT('',(107.125,-116.825,-4.6E-02));
#4435 = DIRECTION('',(-0.,-0.,-1.));
#4436 = DIRECTION('',(-0.,-1.,0.));
#4437 = ADVANCED_FACE('',(#4438),#4449,.F.);
#4438 = FACE_BOUND('',#4439,.T.);
#4439 = EDGE_LOOP('',(#4440,#4441,#4447,#4448));
#4440 = ORIENTED_EDGE('',*,*,#3293,.T.);
#4441 = ORIENTED_EDGE('',*,*,#4442,.T.);
#4442 = EDGE_CURVE('',#3294,#3830,#4443,.T.);
#4443 = LINE('',#4444,#4445);
#4444 = CARTESIAN_POINT('',(109.665,-117.325,-4.6E-02));
#4445 = VECTOR('',#4446,1.);
#4446 = DIRECTION('',(0.,0.,1.));
#4447 = ORIENTED_EDGE('',*,*,#3829,.F.);
#4448 = ORIENTED_EDGE('',*,*,#4442,.F.);
#4449 = CYLINDRICAL_SURFACE('',#4450,0.5);
#4450 = AXIS2_PLACEMENT_3D('',#4451,#4452,#4453);
#4451 = CARTESIAN_POINT('',(109.665,-116.825,-4.6E-02));
#4452 = DIRECTION('',(-0.,-0.,-1.));
#4453 = DIRECTION('',(-0.,-1.,0.));
#4454 = ADVANCED_FACE('',(#4455),#4466,.F.);
#4455 = FACE_BOUND('',#4456,.T.);
#4456 = EDGE_LOOP('',(#4457,#4458,#4464,#4465));
#4457 = ORIENTED_EDGE('',*,*,#3304,.T.);
#4458 = ORIENTED_EDGE('',*,*,#4459,.T.);
#4459 = EDGE_CURVE('',#3305,#3841,#4460,.T.);
#4460 = LINE('',#4461,#4462);
#4461 = CARTESIAN_POINT('',(102.7,-107.25,-4.6E-02));
#4462 = VECTOR('',#4463,1.);
#4463 = DIRECTION('',(0.,0.,1.));
#4464 = ORIENTED_EDGE('',*,*,#3840,.F.);
#4465 = ORIENTED_EDGE('',*,*,#4459,.F.);
#4466 = CYLINDRICAL_SURFACE('',#4467,0.5);
#4467 = AXIS2_PLACEMENT_3D('',#4468,#4469,#4470);
#4468 = CARTESIAN_POINT('',(102.7,-106.75,-4.6E-02));
#4469 = DIRECTION('',(-0.,-0.,-1.));
#4470 = DIRECTION('',(-0.,-1.,0.));
#4471 = ADVANCED_FACE('',(#4472),#4483,.F.);
#4472 = FACE_BOUND('',#4473,.T.);
#4473 = EDGE_LOOP('',(#4474,#4475,#4481,#4482));
#4474 = ORIENTED_EDGE('',*,*,#3315,.T.);
#4475 = ORIENTED_EDGE('',*,*,#4476,.T.);
#4476 = EDGE_CURVE('',#3316,#3852,#4477,.T.);
#4477 = LINE('',#4478,#4479);
#4478 = CARTESIAN_POINT('',(75.5,-96.5,-4.6E-02));
#4479 = VECTOR('',#4480,1.);
#4480 = DIRECTION('',(0.,0.,1.));
#4481 = ORIENTED_EDGE('',*,*,#3851,.F.);
#4482 = ORIENTED_EDGE('',*,*,#4476,.F.);
#4483 = CYLINDRICAL_SURFACE('',#4484,0.6);
#4484 = AXIS2_PLACEMENT_3D('',#4485,#4486,#4487);
#4485 = CARTESIAN_POINT('',(75.5,-95.9,-4.6E-02));
#4486 = DIRECTION('',(-0.,-0.,-1.));
#4487 = DIRECTION('',(-0.,-1.,0.));
#4488 = ADVANCED_FACE('',(#4489),#4500,.F.);
#4489 = FACE_BOUND('',#4490,.T.);
#4490 = EDGE_LOOP('',(#4491,#4492,#4498,#4499));
#4491 = ORIENTED_EDGE('',*,*,#3326,.T.);
#4492 = ORIENTED_EDGE('',*,*,#4493,.T.);
#4493 = EDGE_CURVE('',#3327,#3863,#4494,.T.);
#4494 = LINE('',#4495,#4496);
#4495 = CARTESIAN_POINT('',(112.205,-117.325,-4.6E-02));
#4496 = VECTOR('',#4497,1.);
#4497 = DIRECTION('',(0.,0.,1.));
#4498 = ORIENTED_EDGE('',*,*,#3862,.F.);
#4499 = ORIENTED_EDGE('',*,*,#4493,.F.);
#4500 = CYLINDRICAL_SURFACE('',#4501,0.5);
#4501 = AXIS2_PLACEMENT_3D('',#4502,#4503,#4504);
#4502 = CARTESIAN_POINT('',(112.205,-116.825,-4.6E-02));
#4503 = DIRECTION('',(-0.,-0.,-1.));
#4504 = DIRECTION('',(-0.,-1.,0.));
#4505 = ADVANCED_FACE('',(#4506),#4517,.F.);
#4506 = FACE_BOUND('',#4507,.T.);
#4507 = EDGE_LOOP('',(#4508,#4509,#4515,#4516));
#4508 = ORIENTED_EDGE('',*,*,#3337,.T.);
#4509 = ORIENTED_EDGE('',*,*,#4510,.T.);
#4510 = EDGE_CURVE('',#3338,#3874,#4511,.T.);
#4511 = LINE('',#4512,#4513);
#4512 = CARTESIAN_POINT('',(114.745,-117.325,-4.6E-02));
#4513 = VECTOR('',#4514,1.);
#4514 = DIRECTION('',(0.,0.,1.));
#4515 = ORIENTED_EDGE('',*,*,#3873,.F.);
#4516 = ORIENTED_EDGE('',*,*,#4510,.F.);
#4517 = CYLINDRICAL_SURFACE('',#4518,0.5);
#4518 = AXIS2_PLACEMENT_3D('',#4519,#4520,#4521);
#4519 = CARTESIAN_POINT('',(114.745,-116.825,-4.6E-02));
#4520 = DIRECTION('',(-0.,-0.,-1.));
#4521 = DIRECTION('',(-0.,-1.,0.));
#4522 = ADVANCED_FACE('',(#4523),#4534,.F.);
#4523 = FACE_BOUND('',#4524,.T.);
#4524 = EDGE_LOOP('',(#4525,#4526,#4532,#4533));
#4525 = ORIENTED_EDGE('',*,*,#3348,.T.);
#4526 = ORIENTED_EDGE('',*,*,#4527,.T.);
#4527 = EDGE_CURVE('',#3349,#3885,#4528,.T.);
#4528 = LINE('',#4529,#4530);
#4529 = CARTESIAN_POINT('',(117.285,-117.325,-4.6E-02));
#4530 = VECTOR('',#4531,1.);
#4531 = DIRECTION('',(0.,0.,1.));
#4532 = ORIENTED_EDGE('',*,*,#3884,.F.);
#4533 = ORIENTED_EDGE('',*,*,#4527,.F.);
#4534 = CYLINDRICAL_SURFACE('',#4535,0.5);
#4535 = AXIS2_PLACEMENT_3D('',#4536,#4537,#4538);
#4536 = CARTESIAN_POINT('',(117.285,-116.825,-4.6E-02));
#4537 = DIRECTION('',(-0.,-0.,-1.));
#4538 = DIRECTION('',(-0.,-1.,0.));
#4539 = ADVANCED_FACE('',(#4540),#4551,.F.);
#4540 = FACE_BOUND('',#4541,.T.);
#4541 = EDGE_LOOP('',(#4542,#4543,#4549,#4550));
#4542 = ORIENTED_EDGE('',*,*,#3359,.T.);
#4543 = ORIENTED_EDGE('',*,*,#4544,.T.);
#4544 = EDGE_CURVE('',#3360,#3896,#4545,.T.);
#4545 = LINE('',#4546,#4547);
#4546 = CARTESIAN_POINT('',(121.345,-117.325,-4.6E-02));
#4547 = VECTOR('',#4548,1.);
#4548 = DIRECTION('',(0.,0.,1.));
#4549 = ORIENTED_EDGE('',*,*,#3895,.F.);
#4550 = ORIENTED_EDGE('',*,*,#4544,.F.);
#4551 = CYLINDRICAL_SURFACE('',#4552,0.5);
#4552 = AXIS2_PLACEMENT_3D('',#4553,#4554,#4555);
#4553 = CARTESIAN_POINT('',(121.345,-116.825,-4.6E-02));
#4554 = DIRECTION('',(-0.,-0.,-1.));
#4555 = DIRECTION('',(-0.,-1.,0.));
#4556 = ADVANCED_FACE('',(#4557),#4568,.F.);
#4557 = FACE_BOUND('',#4558,.T.);
#4558 = EDGE_LOOP('',(#4559,#4560,#4566,#4567));
#4559 = ORIENTED_EDGE('',*,*,#3370,.T.);
#4560 = ORIENTED_EDGE('',*,*,#4561,.T.);
#4561 = EDGE_CURVE('',#3371,#3907,#4562,.T.);
#4562 = LINE('',#4563,#4564);
#4563 = CARTESIAN_POINT('',(123.885,-117.325,-4.6E-02));
#4564 = VECTOR('',#4565,1.);
#4565 = DIRECTION('',(0.,0.,1.));
#4566 = ORIENTED_EDGE('',*,*,#3906,.F.);
#4567 = ORIENTED_EDGE('',*,*,#4561,.F.);
#4568 = CYLINDRICAL_SURFACE('',#4569,0.5);
#4569 = AXIS2_PLACEMENT_3D('',#4570,#4571,#4572);
#4570 = CARTESIAN_POINT('',(123.885,-116.825,-4.6E-02));
#4571 = DIRECTION('',(-0.,-0.,-1.));
#4572 = DIRECTION('',(-0.,-1.,0.));
#4573 = ADVANCED_FACE('',(#4574),#4585,.F.);
#4574 = FACE_BOUND('',#4575,.T.);
#4575 = EDGE_LOOP('',(#4576,#4577,#4583,#4584));
#4576 = ORIENTED_EDGE('',*,*,#3381,.T.);
#4577 = ORIENTED_EDGE('',*,*,#4578,.T.);
#4578 = EDGE_CURVE('',#3382,#3918,#4579,.T.);
#4579 = LINE('',#4580,#4581);
#4580 = CARTESIAN_POINT('',(126.425,-117.325,-4.6E-02));
#4581 = VECTOR('',#4582,1.);
#4582 = DIRECTION('',(0.,0.,1.));
#4583 = ORIENTED_EDGE('',*,*,#3917,.F.);
#4584 = ORIENTED_EDGE('',*,*,#4578,.F.);
#4585 = CYLINDRICAL_SURFACE('',#4586,0.5);
#4586 = AXIS2_PLACEMENT_3D('',#4587,#4588,#4589);
#4587 = CARTESIAN_POINT('',(126.425,-116.825,-4.6E-02));
#4588 = DIRECTION('',(-0.,-0.,-1.));
#4589 = DIRECTION('',(-0.,-1.,0.));
#4590 = ADVANCED_FACE('',(#4591),#4602,.F.);
#4591 = FACE_BOUND('',#4592,.T.);
#4592 = EDGE_LOOP('',(#4593,#4594,#4600,#4601));
#4593 = ORIENTED_EDGE('',*,*,#3392,.T.);
#4594 = ORIENTED_EDGE('',*,*,#4595,.T.);
#4595 = EDGE_CURVE('',#3393,#3929,#4596,.T.);
#4596 = LINE('',#4597,#4598);
#4597 = CARTESIAN_POINT('',(110.3,-107.25,-4.6E-02));
#4598 = VECTOR('',#4599,1.);
#4599 = DIRECTION('',(0.,0.,1.));
#4600 = ORIENTED_EDGE('',*,*,#3928,.F.);
#4601 = ORIENTED_EDGE('',*,*,#4595,.F.);
#4602 = CYLINDRICAL_SURFACE('',#4603,0.5);
#4603 = AXIS2_PLACEMENT_3D('',#4604,#4605,#4606);
#4604 = CARTESIAN_POINT('',(110.3,-106.75,-4.6E-02));
#4605 = DIRECTION('',(-0.,-0.,-1.));
#4606 = DIRECTION('',(-0.,-1.,0.));
#4607 = ADVANCED_FACE('',(#4608),#4619,.F.);
#4608 = FACE_BOUND('',#4609,.T.);
#4609 = EDGE_LOOP('',(#4610,#4611,#4617,#4618));
#4610 = ORIENTED_EDGE('',*,*,#3403,.T.);
#4611 = ORIENTED_EDGE('',*,*,#4612,.T.);
#4612 = EDGE_CURVE('',#3404,#3940,#4613,.T.);
#4613 = LINE('',#4614,#4615);
#4614 = CARTESIAN_POINT('',(128.965,-117.325,-4.6E-02));
#4615 = VECTOR('',#4616,1.);
#4616 = DIRECTION('',(0.,0.,1.));
#4617 = ORIENTED_EDGE('',*,*,#3939,.F.);
#4618 = ORIENTED_EDGE('',*,*,#4612,.F.);
#4619 = CYLINDRICAL_SURFACE('',#4620,0.5);
#4620 = AXIS2_PLACEMENT_3D('',#4621,#4622,#4623);
#4621 = CARTESIAN_POINT('',(128.965,-116.825,-4.6E-02));
#4622 = DIRECTION('',(-0.,-0.,-1.));
#4623 = DIRECTION('',(-0.,-1.,0.));
#4624 = ADVANCED_FACE('',(#4625),#4636,.F.);
#4625 = FACE_BOUND('',#4626,.T.);
#4626 = EDGE_LOOP('',(#4627,#4628,#4634,#4635));
#4627 = ORIENTED_EDGE('',*,*,#3414,.T.);
#4628 = ORIENTED_EDGE('',*,*,#4629,.T.);
#4629 = EDGE_CURVE('',#3415,#3951,#4630,.T.);
#4630 = LINE('',#4631,#4632);
#4631 = CARTESIAN_POINT('',(131.505,-117.325,-4.6E-02));
#4632 = VECTOR('',#4633,1.);
#4633 = DIRECTION('',(0.,0.,1.));
#4634 = ORIENTED_EDGE('',*,*,#3950,.F.);
#4635 = ORIENTED_EDGE('',*,*,#4629,.F.);
#4636 = CYLINDRICAL_SURFACE('',#4637,0.5);
#4637 = AXIS2_PLACEMENT_3D('',#4638,#4639,#4640);
#4638 = CARTESIAN_POINT('',(131.505,-116.825,-4.6E-02));
#4639 = DIRECTION('',(-0.,-0.,-1.));
#4640 = DIRECTION('',(-0.,-1.,0.));
#4641 = ADVANCED_FACE('',(#4642),#4653,.F.);
#4642 = FACE_BOUND('',#4643,.T.);
#4643 = EDGE_LOOP('',(#4644,#4645,#4651,#4652));
#4644 = ORIENTED_EDGE('',*,*,#3425,.T.);
#4645 = ORIENTED_EDGE('',*,*,#4646,.T.);
#4646 = EDGE_CURVE('',#3426,#3962,#4647,.T.);
#4647 = LINE('',#4648,#4649);
#4648 = CARTESIAN_POINT('',(134.045,-117.325,-4.6E-02));
#4649 = VECTOR('',#4650,1.);
#4650 = DIRECTION('',(0.,0.,1.));
#4651 = ORIENTED_EDGE('',*,*,#3961,.F.);
#4652 = ORIENTED_EDGE('',*,*,#4646,.F.);
#4653 = CYLINDRICAL_SURFACE('',#4654,0.5);
#4654 = AXIS2_PLACEMENT_3D('',#4655,#4656,#4657);
#4655 = CARTESIAN_POINT('',(134.045,-116.825,-4.6E-02));
#4656 = DIRECTION('',(-0.,-0.,-1.));
#4657 = DIRECTION('',(-0.,-1.,0.));
#4658 = ADVANCED_FACE('',(#4659),#4670,.F.);
#4659 = FACE_BOUND('',#4660,.T.);
#4660 = EDGE_LOOP('',(#4661,#4662,#4668,#4669));
#4661 = ORIENTED_EDGE('',*,*,#3436,.T.);
#4662 = ORIENTED_EDGE('',*,*,#4663,.T.);
#4663 = EDGE_CURVE('',#3437,#3973,#4664,.T.);
#4664 = LINE('',#4665,#4666);
#4665 = CARTESIAN_POINT('',(136.585,-117.325,-4.6E-02));
#4666 = VECTOR('',#4667,1.);
#4667 = DIRECTION('',(0.,0.,1.));
#4668 = ORIENTED_EDGE('',*,*,#3972,.F.);
#4669 = ORIENTED_EDGE('',*,*,#4663,.F.);
#4670 = CYLINDRICAL_SURFACE('',#4671,0.5);
#4671 = AXIS2_PLACEMENT_3D('',#4672,#4673,#4674);
#4672 = CARTESIAN_POINT('',(136.585,-116.825,-4.6E-02));
#4673 = DIRECTION('',(-0.,-0.,-1.));
#4674 = DIRECTION('',(-0.,-1.,0.));
#4675 = ADVANCED_FACE('',(#4676),#4687,.F.);
#4676 = FACE_BOUND('',#4677,.T.);
#4677 = EDGE_LOOP('',(#4678,#4679,#4685,#4686));
#4678 = ORIENTED_EDGE('',*,*,#3447,.T.);
#4679 = ORIENTED_EDGE('',*,*,#4680,.T.);
#4680 = EDGE_CURVE('',#3448,#3984,#4681,.T.);
#4681 = LINE('',#4682,#4683);
#4682 = CARTESIAN_POINT('',(139.125,-117.325,-4.6E-02));
#4683 = VECTOR('',#4684,1.);
#4684 = DIRECTION('',(0.,0.,1.));
#4685 = ORIENTED_EDGE('',*,*,#3983,.F.);
#4686 = ORIENTED_EDGE('',*,*,#4680,.F.);
#4687 = CYLINDRICAL_SURFACE('',#4688,0.5);
#4688 = AXIS2_PLACEMENT_3D('',#4689,#4690,#4691);
#4689 = CARTESIAN_POINT('',(139.125,-116.825,-4.6E-02));
#4690 = DIRECTION('',(-0.,-0.,-1.));
#4691 = DIRECTION('',(-0.,-1.,0.));
#4692 = ADVANCED_FACE('',(#4693),#4704,.F.);
#4693 = FACE_BOUND('',#4694,.T.);
#4694 = EDGE_LOOP('',(#4695,#4696,#4702,#4703));
#4695 = ORIENTED_EDGE('',*,*,#3458,.T.);
#4696 = ORIENTED_EDGE('',*,*,#4697,.T.);
#4697 = EDGE_CURVE('',#3459,#3995,#4698,.T.);
#4698 = LINE('',#4699,#4700);
#4699 = CARTESIAN_POINT('',(141.665,-117.325,-4.6E-02));
#4700 = VECTOR('',#4701,1.);
#4701 = DIRECTION('',(0.,0.,1.));
#4702 = ORIENTED_EDGE('',*,*,#3994,.F.);
#4703 = ORIENTED_EDGE('',*,*,#4697,.F.);
#4704 = CYLINDRICAL_SURFACE('',#4705,0.5);
#4705 = AXIS2_PLACEMENT_3D('',#4706,#4707,#4708);
#4706 = CARTESIAN_POINT('',(141.665,-116.825,-4.6E-02));
#4707 = DIRECTION('',(-0.,-0.,-1.));
#4708 = DIRECTION('',(-0.,-1.,0.));
#4709 = ADVANCED_FACE('',(#4710),#4721,.F.);
#4710 = FACE_BOUND('',#4711,.T.);
#4711 = EDGE_LOOP('',(#4712,#4713,#4719,#4720));
#4712 = ORIENTED_EDGE('',*,*,#3469,.T.);
#4713 = ORIENTED_EDGE('',*,*,#4714,.T.);
#4714 = EDGE_CURVE('',#3470,#4006,#4715,.T.);
#4715 = LINE('',#4716,#4717);
#4716 = CARTESIAN_POINT('',(144.205,-117.325,-4.6E-02));
#4717 = VECTOR('',#4718,1.);
#4718 = DIRECTION('',(0.,0.,1.));
#4719 = ORIENTED_EDGE('',*,*,#4005,.F.);
#4720 = ORIENTED_EDGE('',*,*,#4714,.F.);
#4721 = CYLINDRICAL_SURFACE('',#4722,0.5);
#4722 = AXIS2_PLACEMENT_3D('',#4723,#4724,#4725);
#4723 = CARTESIAN_POINT('',(144.205,-116.825,-4.6E-02));
#4724 = DIRECTION('',(-0.,-0.,-1.));
#4725 = DIRECTION('',(-0.,-1.,0.));
#4726 = ADVANCED_FACE('',(#4727),#4738,.F.);
#4727 = FACE_BOUND('',#4728,.T.);
#4728 = EDGE_LOOP('',(#4729,#4730,#4736,#4737));
#4729 = ORIENTED_EDGE('',*,*,#3480,.T.);
#4730 = ORIENTED_EDGE('',*,*,#4731,.T.);
#4731 = EDGE_CURVE('',#3481,#4017,#4732,.T.);
#4732 = LINE('',#4733,#4734);
#4733 = CARTESIAN_POINT('',(140.,-112.65,-4.6E-02));
#4734 = VECTOR('',#4735,1.);
#4735 = DIRECTION('',(0.,0.,1.));
#4736 = ORIENTED_EDGE('',*,*,#4016,.F.);
#4737 = ORIENTED_EDGE('',*,*,#4731,.F.);
#4738 = CYLINDRICAL_SURFACE('',#4739,0.4);
#4739 = AXIS2_PLACEMENT_3D('',#4740,#4741,#4742);
#4740 = CARTESIAN_POINT('',(140.,-112.25,-4.6E-02));
#4741 = DIRECTION('',(-0.,-0.,-1.));
#4742 = DIRECTION('',(-0.,-1.,0.));
#4743 = ADVANCED_FACE('',(#4744),#4755,.F.);
#4744 = FACE_BOUND('',#4745,.T.);
#4745 = EDGE_LOOP('',(#4746,#4747,#4753,#4754));
#4746 = ORIENTED_EDGE('',*,*,#3491,.T.);
#4747 = ORIENTED_EDGE('',*,*,#4748,.T.);
#4748 = EDGE_CURVE('',#3492,#4028,#4749,.T.);
#4749 = LINE('',#4750,#4751);
#4750 = CARTESIAN_POINT('',(145.,-112.65,-4.6E-02));
#4751 = VECTOR('',#4752,1.);
#4752 = DIRECTION('',(0.,0.,1.));
#4753 = ORIENTED_EDGE('',*,*,#4027,.F.);
#4754 = ORIENTED_EDGE('',*,*,#4748,.F.);
#4755 = CYLINDRICAL_SURFACE('',#4756,0.4);
#4756 = AXIS2_PLACEMENT_3D('',#4757,#4758,#4759);
#4757 = CARTESIAN_POINT('',(145.,-112.25,-4.6E-02));
#4758 = DIRECTION('',(-0.,-0.,-1.));
#4759 = DIRECTION('',(-0.,-1.,0.));
#4760 = ADVANCED_FACE('',(#4761),#4772,.F.);
#4761 = FACE_BOUND('',#4762,.T.);
#4762 = EDGE_LOOP('',(#4763,#4764,#4770,#4771));
#4763 = ORIENTED_EDGE('',*,*,#3502,.T.);
#4764 = ORIENTED_EDGE('',*,*,#4765,.T.);
#4765 = EDGE_CURVE('',#3503,#4039,#4766,.T.);
#4766 = LINE('',#4767,#4768);
#4767 = CARTESIAN_POINT('',(75.5,-91.2,-4.6E-02));
#4768 = VECTOR('',#4769,1.);
#4769 = DIRECTION('',(0.,0.,1.));
#4770 = ORIENTED_EDGE('',*,*,#4038,.F.);
#4771 = ORIENTED_EDGE('',*,*,#4765,.F.);
#4772 = CYLINDRICAL_SURFACE('',#4773,0.6);
#4773 = AXIS2_PLACEMENT_3D('',#4774,#4775,#4776);
#4774 = CARTESIAN_POINT('',(75.5,-90.6,-4.6E-02));
#4775 = DIRECTION('',(-0.,-0.,-1.));
#4776 = DIRECTION('',(-0.,-1.,0.));
#4777 = ADVANCED_FACE('',(#4778),#4789,.F.);
#4778 = FACE_BOUND('',#4779,.T.);
#4779 = EDGE_LOOP('',(#4780,#4781,#4787,#4788));
#4780 = ORIENTED_EDGE('',*,*,#3513,.T.);
#4781 = ORIENTED_EDGE('',*,*,#4782,.T.);
#4782 = EDGE_CURVE('',#3514,#4050,#4783,.T.);
#4783 = LINE('',#4784,#4785);
#4784 = CARTESIAN_POINT('',(83.25,-77.58,-4.6E-02));
#4785 = VECTOR('',#4786,1.);
#4786 = DIRECTION('',(0.,0.,1.));
#4787 = ORIENTED_EDGE('',*,*,#4049,.F.);
#4788 = ORIENTED_EDGE('',*,*,#4782,.F.);
#4789 = CYLINDRICAL_SURFACE('',#4790,0.5);
#4790 = AXIS2_PLACEMENT_3D('',#4791,#4792,#4793);
#4791 = CARTESIAN_POINT('',(83.25,-77.08,-4.6E-02));
#4792 = DIRECTION('',(-0.,-0.,-1.));
#4793 = DIRECTION('',(-0.,-1.,0.));
#4794 = ADVANCED_FACE('',(#4795),#4806,.F.);
#4795 = FACE_BOUND('',#4796,.T.);
#4796 = EDGE_LOOP('',(#4797,#4798,#4804,#4805));
#4797 = ORIENTED_EDGE('',*,*,#3524,.T.);
#4798 = ORIENTED_EDGE('',*,*,#4799,.T.);
#4799 = EDGE_CURVE('',#3525,#4061,#4800,.T.);
#4800 = LINE('',#4801,#4802);
#4801 = CARTESIAN_POINT('',(83.25,-75.04,-4.6E-02));
#4802 = VECTOR('',#4803,1.);
#4803 = DIRECTION('',(0.,0.,1.));
#4804 = ORIENTED_EDGE('',*,*,#4060,.F.);
#4805 = ORIENTED_EDGE('',*,*,#4799,.F.);
#4806 = CYLINDRICAL_SURFACE('',#4807,0.5);
#4807 = AXIS2_PLACEMENT_3D('',#4808,#4809,#4810);
#4808 = CARTESIAN_POINT('',(83.25,-74.54,-4.6E-02));
#4809 = DIRECTION('',(-0.,-0.,-1.));
#4810 = DIRECTION('',(-0.,-1.,0.));
#4811 = ADVANCED_FACE('',(#4812),#4823,.F.);
#4812 = FACE_BOUND('',#4813,.T.);
#4813 = EDGE_LOOP('',(#4814,#4815,#4821,#4822));
#4814 = ORIENTED_EDGE('',*,*,#3535,.T.);
#4815 = ORIENTED_EDGE('',*,*,#4816,.T.);
#4816 = EDGE_CURVE('',#3536,#4072,#4817,.T.);
#4817 = LINE('',#4818,#4819);
#4818 = CARTESIAN_POINT('',(83.25,-72.5,-4.6E-02));
#4819 = VECTOR('',#4820,1.);
#4820 = DIRECTION('',(0.,0.,1.));
#4821 = ORIENTED_EDGE('',*,*,#4071,.F.);
#4822 = ORIENTED_EDGE('',*,*,#4816,.F.);
#4823 = CYLINDRICAL_SURFACE('',#4824,0.5);
#4824 = AXIS2_PLACEMENT_3D('',#4825,#4826,#4827);
#4825 = CARTESIAN_POINT('',(83.25,-72.,-4.6E-02));
#4826 = DIRECTION('',(-0.,-0.,-1.));
#4827 = DIRECTION('',(-0.,-1.,0.));
#4828 = ADVANCED_FACE('',(#4829),#4840,.F.);
#4829 = FACE_BOUND('',#4830,.T.);
#4830 = EDGE_LOOP('',(#4831,#4832,#4838,#4839));
#4831 = ORIENTED_EDGE('',*,*,#3546,.T.);
#4832 = ORIENTED_EDGE('',*,*,#4833,.T.);
#4833 = EDGE_CURVE('',#3547,#4083,#4834,.T.);
#4834 = LINE('',#4835,#4836);
#4835 = CARTESIAN_POINT('',(99.505,-69.065,-4.6E-02));
#4836 = VECTOR('',#4837,1.);
#4837 = DIRECTION('',(0.,0.,1.));
#4838 = ORIENTED_EDGE('',*,*,#4082,.F.);
#4839 = ORIENTED_EDGE('',*,*,#4833,.F.);
#4840 = CYLINDRICAL_SURFACE('',#4841,0.5);
#4841 = AXIS2_PLACEMENT_3D('',#4842,#4843,#4844);
#4842 = CARTESIAN_POINT('',(99.505,-68.565,-4.6E-02));
#4843 = DIRECTION('',(-0.,-0.,-1.));
#4844 = DIRECTION('',(-0.,-1.,0.));
#4845 = ADVANCED_FACE('',(#4846),#4857,.F.);
#4846 = FACE_BOUND('',#4847,.T.);
#4847 = EDGE_LOOP('',(#4848,#4849,#4855,#4856));
#4848 = ORIENTED_EDGE('',*,*,#3557,.T.);
#4849 = ORIENTED_EDGE('',*,*,#4850,.T.);
#4850 = EDGE_CURVE('',#3558,#4094,#4851,.T.);
#4851 = LINE('',#4852,#4853);
#4852 = CARTESIAN_POINT('',(102.045,-69.065,-4.6E-02));
#4853 = VECTOR('',#4854,1.);
#4854 = DIRECTION('',(0.,0.,1.));
#4855 = ORIENTED_EDGE('',*,*,#4093,.F.);
#4856 = ORIENTED_EDGE('',*,*,#4850,.F.);
#4857 = CYLINDRICAL_SURFACE('',#4858,0.5);
#4858 = AXIS2_PLACEMENT_3D('',#4859,#4860,#4861);
#4859 = CARTESIAN_POINT('',(102.045,-68.565,-4.6E-02));
#4860 = DIRECTION('',(-0.,-0.,-1.));
#4861 = DIRECTION('',(-0.,-1.,0.));
#4862 = ADVANCED_FACE('',(#4863),#4874,.F.);
#4863 = FACE_BOUND('',#4864,.T.);
#4864 = EDGE_LOOP('',(#4865,#4866,#4872,#4873));
#4865 = ORIENTED_EDGE('',*,*,#3568,.T.);
#4866 = ORIENTED_EDGE('',*,*,#4867,.T.);
#4867 = EDGE_CURVE('',#3569,#4105,#4868,.T.);
#4868 = LINE('',#4869,#4870);
#4869 = CARTESIAN_POINT('',(104.585,-69.065,-4.6E-02));
#4870 = VECTOR('',#4871,1.);
#4871 = DIRECTION('',(0.,0.,1.));
#4872 = ORIENTED_EDGE('',*,*,#4104,.F.);
#4873 = ORIENTED_EDGE('',*,*,#4867,.F.);
#4874 = CYLINDRICAL_SURFACE('',#4875,0.5);
#4875 = AXIS2_PLACEMENT_3D('',#4876,#4877,#4878);
#4876 = CARTESIAN_POINT('',(104.585,-68.565,-4.6E-02));
#4877 = DIRECTION('',(-0.,-0.,-1.));
#4878 = DIRECTION('',(-0.,-1.,0.));
#4879 = ADVANCED_FACE('',(#4880),#4891,.F.);
#4880 = FACE_BOUND('',#4881,.T.);
#4881 = EDGE_LOOP('',(#4882,#4883,#4889,#4890));
#4882 = ORIENTED_EDGE('',*,*,#3579,.T.);
#4883 = ORIENTED_EDGE('',*,*,#4884,.T.);
#4884 = EDGE_CURVE('',#3580,#4116,#4885,.T.);
#4885 = LINE('',#4886,#4887);
#4886 = CARTESIAN_POINT('',(107.125,-69.065,-4.6E-02));
#4887 = VECTOR('',#4888,1.);
#4888 = DIRECTION('',(0.,0.,1.));
#4889 = ORIENTED_EDGE('',*,*,#4115,.F.);
#4890 = ORIENTED_EDGE('',*,*,#4884,.F.);
#4891 = CYLINDRICAL_SURFACE('',#4892,0.5);
#4892 = AXIS2_PLACEMENT_3D('',#4893,#4894,#4895);
#4893 = CARTESIAN_POINT('',(107.125,-68.565,-4.6E-02));
#4894 = DIRECTION('',(-0.,-0.,-1.));
#4895 = DIRECTION('',(-0.,-1.,0.));
#4896 = ADVANCED_FACE('',(#4897),#4908,.F.);
#4897 = FACE_BOUND('',#4898,.T.);
#4898 = EDGE_LOOP('',(#4899,#4900,#4906,#4907));
#4899 = ORIENTED_EDGE('',*,*,#3590,.T.);
#4900 = ORIENTED_EDGE('',*,*,#4901,.T.);
#4901 = EDGE_CURVE('',#3591,#4127,#4902,.T.);
#4902 = LINE('',#4903,#4904);
#4903 = CARTESIAN_POINT('',(109.665,-69.065,-4.6E-02));
#4904 = VECTOR('',#4905,1.);
#4905 = DIRECTION('',(0.,0.,1.));
#4906 = ORIENTED_EDGE('',*,*,#4126,.F.);
#4907 = ORIENTED_EDGE('',*,*,#4901,.F.);
#4908 = CYLINDRICAL_SURFACE('',#4909,0.5);
#4909 = AXIS2_PLACEMENT_3D('',#4910,#4911,#4912);
#4910 = CARTESIAN_POINT('',(109.665,-68.565,-4.6E-02));
#4911 = DIRECTION('',(-0.,-0.,-1.));
#4912 = DIRECTION('',(-0.,-1.,0.));
#4913 = ADVANCED_FACE('',(#4914),#4925,.F.);
#4914 = FACE_BOUND('',#4915,.T.);
#4915 = EDGE_LOOP('',(#4916,#4917,#4923,#4924));
#4916 = ORIENTED_EDGE('',*,*,#3601,.T.);
#4917 = ORIENTED_EDGE('',*,*,#4918,.T.);
#4918 = EDGE_CURVE('',#3602,#4138,#4919,.T.);
#4919 = LINE('',#4920,#4921);
#4920 = CARTESIAN_POINT('',(112.205,-69.065,-4.6E-02));
#4921 = VECTOR('',#4922,1.);
#4922 = DIRECTION('',(0.,0.,1.));
#4923 = ORIENTED_EDGE('',*,*,#4137,.F.);
#4924 = ORIENTED_EDGE('',*,*,#4918,.F.);
#4925 = CYLINDRICAL_SURFACE('',#4926,0.5);
#4926 = AXIS2_PLACEMENT_3D('',#4927,#4928,#4929);
#4927 = CARTESIAN_POINT('',(112.205,-68.565,-4.6E-02));
#4928 = DIRECTION('',(-0.,-0.,-1.));
#4929 = DIRECTION('',(-0.,-1.,0.));
#4930 = ADVANCED_FACE('',(#4931),#4942,.F.);
#4931 = FACE_BOUND('',#4932,.T.);
#4932 = EDGE_LOOP('',(#4933,#4934,#4940,#4941));
#4933 = ORIENTED_EDGE('',*,*,#3612,.T.);
#4934 = ORIENTED_EDGE('',*,*,#4935,.T.);
#4935 = EDGE_CURVE('',#3613,#4149,#4936,.T.);
#4936 = LINE('',#4937,#4938);
#4937 = CARTESIAN_POINT('',(117.285,-69.065,-4.6E-02));
#4938 = VECTOR('',#4939,1.);
#4939 = DIRECTION('',(0.,0.,1.));
#4940 = ORIENTED_EDGE('',*,*,#4148,.F.);
#4941 = ORIENTED_EDGE('',*,*,#4935,.F.);
#4942 = CYLINDRICAL_SURFACE('',#4943,0.5);
#4943 = AXIS2_PLACEMENT_3D('',#4944,#4945,#4946);
#4944 = CARTESIAN_POINT('',(117.285,-68.565,-4.6E-02));
#4945 = DIRECTION('',(-0.,-0.,-1.));
#4946 = DIRECTION('',(-0.,-1.,0.));
#4947 = ADVANCED_FACE('',(#4948),#4959,.F.);
#4948 = FACE_BOUND('',#4949,.T.);
#4949 = EDGE_LOOP('',(#4950,#4951,#4957,#4958));
#4950 = ORIENTED_EDGE('',*,*,#3623,.T.);
#4951 = ORIENTED_EDGE('',*,*,#4952,.T.);
#4952 = EDGE_CURVE('',#3624,#4160,#4953,.T.);
#4953 = LINE('',#4954,#4955);
#4954 = CARTESIAN_POINT('',(119.825,-69.065,-4.6E-02));
#4955 = VECTOR('',#4956,1.);
#4956 = DIRECTION('',(0.,0.,1.));
#4957 = ORIENTED_EDGE('',*,*,#4159,.F.);
#4958 = ORIENTED_EDGE('',*,*,#4952,.F.);
#4959 = CYLINDRICAL_SURFACE('',#4960,0.5);
#4960 = AXIS2_PLACEMENT_3D('',#4961,#4962,#4963);
#4961 = CARTESIAN_POINT('',(119.825,-68.565,-4.6E-02));
#4962 = DIRECTION('',(-0.,-0.,-1.));
#4963 = DIRECTION('',(-0.,-1.,0.));
#4964 = ADVANCED_FACE('',(#4965),#4976,.F.);
#4965 = FACE_BOUND('',#4966,.T.);
#4966 = EDGE_LOOP('',(#4967,#4968,#4974,#4975));
#4967 = ORIENTED_EDGE('',*,*,#3634,.T.);
#4968 = ORIENTED_EDGE('',*,*,#4969,.T.);
#4969 = EDGE_CURVE('',#3635,#4171,#4970,.T.);
#4970 = LINE('',#4971,#4972);
#4971 = CARTESIAN_POINT('',(122.365,-69.065,-4.6E-02));
#4972 = VECTOR('',#4973,1.);
#4973 = DIRECTION('',(0.,0.,1.));
#4974 = ORIENTED_EDGE('',*,*,#4170,.F.);
#4975 = ORIENTED_EDGE('',*,*,#4969,.F.);
#4976 = CYLINDRICAL_SURFACE('',#4977,0.5);
#4977 = AXIS2_PLACEMENT_3D('',#4978,#4979,#4980);
#4978 = CARTESIAN_POINT('',(122.365,-68.565,-4.6E-02));
#4979 = DIRECTION('',(-0.,-0.,-1.));
#4980 = DIRECTION('',(-0.,-1.,0.));
#4981 = ADVANCED_FACE('',(#4982),#4993,.F.);
#4982 = FACE_BOUND('',#4983,.T.);
#4983 = EDGE_LOOP('',(#4984,#4985,#4991,#4992));
#4984 = ORIENTED_EDGE('',*,*,#3645,.T.);
#4985 = ORIENTED_EDGE('',*,*,#4986,.T.);
#4986 = EDGE_CURVE('',#3646,#4182,#4987,.T.);
#4987 = LINE('',#4988,#4989);
#4988 = CARTESIAN_POINT('',(124.905,-69.065,-4.6E-02));
#4989 = VECTOR('',#4990,1.);
#4990 = DIRECTION('',(0.,0.,1.));
#4991 = ORIENTED_EDGE('',*,*,#4181,.F.);
#4992 = ORIENTED_EDGE('',*,*,#4986,.F.);
#4993 = CYLINDRICAL_SURFACE('',#4994,0.5);
#4994 = AXIS2_PLACEMENT_3D('',#4995,#4996,#4997);
#4995 = CARTESIAN_POINT('',(124.905,-68.565,-4.6E-02));
#4996 = DIRECTION('',(-0.,-0.,-1.));
#4997 = DIRECTION('',(-0.,-1.,0.));
#4998 = ADVANCED_FACE('',(#4999),#5010,.F.);
#4999 = FACE_BOUND('',#5000,.T.);
#5000 = EDGE_LOOP('',(#5001,#5002,#5008,#5009));
#5001 = ORIENTED_EDGE('',*,*,#3656,.T.);
#5002 = ORIENTED_EDGE('',*,*,#5003,.T.);
#5003 = EDGE_CURVE('',#3657,#4193,#5004,.T.);
#5004 = LINE('',#5005,#5006);
#5005 = CARTESIAN_POINT('',(127.445,-69.065,-4.6E-02));
#5006 = VECTOR('',#5007,1.);
#5007 = DIRECTION('',(0.,0.,1.));
#5008 = ORIENTED_EDGE('',*,*,#4192,.F.);
#5009 = ORIENTED_EDGE('',*,*,#5003,.F.);
#5010 = CYLINDRICAL_SURFACE('',#5011,0.5);
#5011 = AXIS2_PLACEMENT_3D('',#5012,#5013,#5014);
#5012 = CARTESIAN_POINT('',(127.445,-68.565,-4.6E-02));
#5013 = DIRECTION('',(-0.,-0.,-1.));
#5014 = DIRECTION('',(-0.,-1.,0.));
#5015 = ADVANCED_FACE('',(#5016),#5027,.F.);
#5016 = FACE_BOUND('',#5017,.T.);
#5017 = EDGE_LOOP('',(#5018,#5019,#5025,#5026));
#5018 = ORIENTED_EDGE('',*,*,#3667,.T.);
#5019 = ORIENTED_EDGE('',*,*,#5020,.T.);
#5020 = EDGE_CURVE('',#3668,#4204,#5021,.T.);
#5021 = LINE('',#5022,#5023);
#5022 = CARTESIAN_POINT('',(129.985,-69.065,-4.6E-02));
#5023 = VECTOR('',#5024,1.);
#5024 = DIRECTION('',(0.,0.,1.));
#5025 = ORIENTED_EDGE('',*,*,#4203,.F.);
#5026 = ORIENTED_EDGE('',*,*,#5020,.F.);
#5027 = CYLINDRICAL_SURFACE('',#5028,0.5);
#5028 = AXIS2_PLACEMENT_3D('',#5029,#5030,#5031);
#5029 = CARTESIAN_POINT('',(129.985,-68.565,-4.6E-02));
#5030 = DIRECTION('',(-0.,-0.,-1.));
#5031 = DIRECTION('',(-0.,-1.,0.));
#5032 = ADVANCED_FACE('',(#5033),#5044,.F.);
#5033 = FACE_BOUND('',#5034,.T.);
#5034 = EDGE_LOOP('',(#5035,#5036,#5042,#5043));
#5035 = ORIENTED_EDGE('',*,*,#3678,.T.);
#5036 = ORIENTED_EDGE('',*,*,#5037,.T.);
#5037 = EDGE_CURVE('',#3679,#4215,#5038,.T.);
#5038 = LINE('',#5039,#5040);
#5039 = CARTESIAN_POINT('',(132.525,-69.065,-4.6E-02));
#5040 = VECTOR('',#5041,1.);
#5041 = DIRECTION('',(0.,0.,1.));
#5042 = ORIENTED_EDGE('',*,*,#4214,.F.);
#5043 = ORIENTED_EDGE('',*,*,#5037,.F.);
#5044 = CYLINDRICAL_SURFACE('',#5045,0.5);
#5045 = AXIS2_PLACEMENT_3D('',#5046,#5047,#5048);
#5046 = CARTESIAN_POINT('',(132.525,-68.565,-4.6E-02));
#5047 = DIRECTION('',(-0.,-0.,-1.));
#5048 = DIRECTION('',(-0.,-1.,0.));
#5049 = ADVANCED_FACE('',(#5050),#5061,.F.);
#5050 = FACE_BOUND('',#5051,.T.);
#5051 = EDGE_LOOP('',(#5052,#5053,#5059,#5060));
#5052 = ORIENTED_EDGE('',*,*,#3689,.T.);
#5053 = ORIENTED_EDGE('',*,*,#5054,.T.);
#5054 = EDGE_CURVE('',#3690,#4226,#5055,.T.);
#5055 = LINE('',#5056,#5057);
#5056 = CARTESIAN_POINT('',(135.065,-69.065,-4.6E-02));
#5057 = VECTOR('',#5058,1.);
#5058 = DIRECTION('',(0.,0.,1.));
#5059 = ORIENTED_EDGE('',*,*,#4225,.F.);
#5060 = ORIENTED_EDGE('',*,*,#5054,.F.);
#5061 = CYLINDRICAL_SURFACE('',#5062,0.5);
#5062 = AXIS2_PLACEMENT_3D('',#5063,#5064,#5065);
#5063 = CARTESIAN_POINT('',(135.065,-68.565,-4.6E-02));
#5064 = DIRECTION('',(-0.,-0.,-1.));
#5065 = DIRECTION('',(-0.,-1.,0.));
#5066 = ( GEOMETRIC_REPRESENTATION_CONTEXT(3) 
GLOBAL_UNCERTAINTY_ASSIGNED_CONTEXT((#5070)) 
GLOBAL_UNIT_ASSIGNED_CONTEXT((#5067,#5068,#5069)) REPRESENTATION_CONTEXT
('Context #1','3D Context with UNIT and UNCERTAINTY') );
#5067 = ( LENGTH_UNIT() NAMED_UNIT(*) SI_UNIT(.MILLI.,.METRE.) );
#5068 = ( NAMED_UNIT(*) PLANE_ANGLE_UNIT() SI_UNIT($,.RADIAN.) );
#5069 = ( NAMED_UNIT(*) SI_UNIT($,.STERADIAN.) SOLID_ANGLE_UNIT() );
#5070 = UNCERTAINTY_MEASURE_WITH_UNIT(LENGTH_MEASURE(1.E-07),#5067,
  'distance_accuracy_value','confusion accuracy');
#5071 = CONTEXT_DEPENDENT_SHAPE_REPRESENTATION(#5072,#5074);
#5072 = ( REPRESENTATION_RELATIONSHIP('','',#3059,#10) 
REPRESENTATION_RELATIONSHIP_WITH_TRANSFORMATION(#5073) 
SHAPE_REPRESENTATION_RELATIONSHIP() );
#5073 = ITEM_DEFINED_TRANSFORMATION('','',#11,#31);
#5074 = PRODUCT_DEFINITION_SHAPE('Placement','Placement of an item',
  #5075);
#5075 = NEXT_ASSEMBLY_USAGE_OCCURRENCE('8','=>[0:1:1:8]','',#5,#3054,$);
#5076 = PRODUCT_RELATED_PRODUCT_CATEGORY('part',$,(#3056));
#5077 = MECHANICAL_DESIGN_GEOMETRIC_PRESENTATION_REPRESENTATION('',(
    #5078,#5086,#5093,#5100,#5107,#5114,#5121,#5128,#5135,#5142,#5149,
    #5156,#5163,#5170,#5177,#5184,#5191,#5198,#5205,#5212,#5219,#5226,
    #5233,#5241,#5248,#5255,#5262,#5269,#5276,#5283,#5290,#5297,#5304,
    #5311,#5318,#5325,#5332,#5339,#5346,#5353,#5360,#5367,#5374,#5381,
    #5388,#5395,#5402,#5409,#5416,#5423,#5430,#5437,#5444,#5451,#5458,
    #5465,#5472,#5479,#5486,#5493,#5500,#5507,#5514,#5521,#5528,#5535,
    #5542,#5549,#5556,#5563,#5570,#5577,#5584,#5591,#5598,#5605),#2178);
#5078 = STYLED_ITEM('color',(#5079),#74);
#5079 = PRESENTATION_STYLE_ASSIGNMENT((#5080));
#5080 = SURFACE_STYLE_USAGE(.BOTH.,#5081);
#5081 = SURFACE_SIDE_STYLE('',(#5082));
#5082 = SURFACE_STYLE_FILL_AREA(#5083);
#5083 = FILL_AREA_STYLE('',(#5084));
#5084 = FILL_AREA_STYLE_COLOUR('',#5085);
#5085 = COLOUR_RGB('',0.147999998088,0.144999993226,0.144999993226);
#5086 = STYLED_ITEM('color',(#5087),#114);
#5087 = PRESENTATION_STYLE_ASSIGNMENT((#5088));
#5088 = SURFACE_STYLE_USAGE(.BOTH.,#5089);
#5089 = SURFACE_SIDE_STYLE('',(#5090));
#5090 = SURFACE_STYLE_FILL_AREA(#5091);
#5091 = FILL_AREA_STYLE('',(#5092));
#5092 = FILL_AREA_STYLE_COLOUR('',#5085);
#5093 = STYLED_ITEM('color',(#5094),#145);
#5094 = PRESENTATION_STYLE_ASSIGNMENT((#5095));
#5095 = SURFACE_STYLE_USAGE(.BOTH.,#5096);
#5096 = SURFACE_SIDE_STYLE('',(#5097));
#5097 = SURFACE_STYLE_FILL_AREA(#5098);
#5098 = FILL_AREA_STYLE('',(#5099));
#5099 = FILL_AREA_STYLE_COLOUR('',#5085);
#5100 = STYLED_ITEM('color',(#5101),#176);
#5101 = PRESENTATION_STYLE_ASSIGNMENT((#5102));
#5102 = SURFACE_STYLE_USAGE(.BOTH.,#5103);
#5103 = SURFACE_SIDE_STYLE('',(#5104));
#5104 = SURFACE_STYLE_FILL_AREA(#5105);
#5105 = FILL_AREA_STYLE('',(#5106));
#5106 = FILL_AREA_STYLE_COLOUR('',#5085);
#5107 = STYLED_ITEM('color',(#5108),#423);
#5108 = PRESENTATION_STYLE_ASSIGNMENT((#5109));
#5109 = SURFACE_STYLE_USAGE(.BOTH.,#5110);
#5110 = SURFACE_SIDE_STYLE('',(#5111));
#5111 = SURFACE_STYLE_FILL_AREA(#5112);
#5112 = FILL_AREA_STYLE('',(#5113));
#5113 = FILL_AREA_STYLE_COLOUR('',#5085);
#5114 = STYLED_ITEM('color',(#5115),#670);
#5115 = PRESENTATION_STYLE_ASSIGNMENT((#5116));
#5116 = SURFACE_STYLE_USAGE(.BOTH.,#5117);
#5117 = SURFACE_SIDE_STYLE('',(#5118));
#5118 = SURFACE_STYLE_FILL_AREA(#5119);
#5119 = FILL_AREA_STYLE('',(#5120));
#5120 = FILL_AREA_STYLE_COLOUR('',#5085);
#5121 = STYLED_ITEM('color',(#5122),#687);
#5122 = PRESENTATION_STYLE_ASSIGNMENT((#5123));
#5123 = SURFACE_STYLE_USAGE(.BOTH.,#5124);
#5124 = SURFACE_SIDE_STYLE('',(#5125));
#5125 = SURFACE_STYLE_FILL_AREA(#5126);
#5126 = FILL_AREA_STYLE('',(#5127));
#5127 = FILL_AREA_STYLE_COLOUR('',#5085);
#5128 = STYLED_ITEM('color',(#5129),#704);
#5129 = PRESENTATION_STYLE_ASSIGNMENT((#5130));
#5130 = SURFACE_STYLE_USAGE(.BOTH.,#5131);
#5131 = SURFACE_SIDE_STYLE('',(#5132));
#5132 = SURFACE_STYLE_FILL_AREA(#5133);
#5133 = FILL_AREA_STYLE('',(#5134));
#5134 = FILL_AREA_STYLE_COLOUR('',#5085);
#5135 = STYLED_ITEM('color',(#5136),#721);
#5136 = PRESENTATION_STYLE_ASSIGNMENT((#5137));
#5137 = SURFACE_STYLE_USAGE(.BOTH.,#5138);
#5138 = SURFACE_SIDE_STYLE('',(#5139));
#5139 = SURFACE_STYLE_FILL_AREA(#5140);
#5140 = FILL_AREA_STYLE('',(#5141));
#5141 = FILL_AREA_STYLE_COLOUR('',#5085);
#5142 = STYLED_ITEM('color',(#5143),#738);
#5143 = PRESENTATION_STYLE_ASSIGNMENT((#5144));
#5144 = SURFACE_STYLE_USAGE(.BOTH.,#5145);
#5145 = SURFACE_SIDE_STYLE('',(#5146));
#5146 = SURFACE_STYLE_FILL_AREA(#5147);
#5147 = FILL_AREA_STYLE('',(#5148));
#5148 = FILL_AREA_STYLE_COLOUR('',#5085);
#5149 = STYLED_ITEM('color',(#5150),#755);
#5150 = PRESENTATION_STYLE_ASSIGNMENT((#5151));
#5151 = SURFACE_STYLE_USAGE(.BOTH.,#5152);
#5152 = SURFACE_SIDE_STYLE('',(#5153));
#5153 = SURFACE_STYLE_FILL_AREA(#5154);
#5154 = FILL_AREA_STYLE('',(#5155));
#5155 = FILL_AREA_STYLE_COLOUR('',#5085);
#5156 = STYLED_ITEM('color',(#5157),#772);
#5157 = PRESENTATION_STYLE_ASSIGNMENT((#5158));
#5158 = SURFACE_STYLE_USAGE(.BOTH.,#5159);
#5159 = SURFACE_SIDE_STYLE('',(#5160));
#5160 = SURFACE_STYLE_FILL_AREA(#5161);
#5161 = FILL_AREA_STYLE('',(#5162));
#5162 = FILL_AREA_STYLE_COLOUR('',#5085);
#5163 = STYLED_ITEM('color',(#5164),#789);
#5164 = PRESENTATION_STYLE_ASSIGNMENT((#5165));
#5165 = SURFACE_STYLE_USAGE(.BOTH.,#5166);
#5166 = SURFACE_SIDE_STYLE('',(#5167));
#5167 = SURFACE_STYLE_FILL_AREA(#5168);
#5168 = FILL_AREA_STYLE('',(#5169));
#5169 = FILL_AREA_STYLE_COLOUR('',#5085);
#5170 = STYLED_ITEM('color',(#5171),#806);
#5171 = PRESENTATION_STYLE_ASSIGNMENT((#5172));
#5172 = SURFACE_STYLE_USAGE(.BOTH.,#5173);
#5173 = SURFACE_SIDE_STYLE('',(#5174));
#5174 = SURFACE_STYLE_FILL_AREA(#5175);
#5175 = FILL_AREA_STYLE('',(#5176));
#5176 = FILL_AREA_STYLE_COLOUR('',#5085);
#5177 = STYLED_ITEM('color',(#5178),#823);
#5178 = PRESENTATION_STYLE_ASSIGNMENT((#5179));
#5179 = SURFACE_STYLE_USAGE(.BOTH.,#5180);
#5180 = SURFACE_SIDE_STYLE('',(#5181));
#5181 = SURFACE_STYLE_FILL_AREA(#5182);
#5182 = FILL_AREA_STYLE('',(#5183));
#5183 = FILL_AREA_STYLE_COLOUR('',#5085);
#5184 = STYLED_ITEM('color',(#5185),#840);
#5185 = PRESENTATION_STYLE_ASSIGNMENT((#5186));
#5186 = SURFACE_STYLE_USAGE(.BOTH.,#5187);
#5187 = SURFACE_SIDE_STYLE('',(#5188));
#5188 = SURFACE_STYLE_FILL_AREA(#5189);
#5189 = FILL_AREA_STYLE('',(#5190));
#5190 = FILL_AREA_STYLE_COLOUR('',#5085);
#5191 = STYLED_ITEM('color',(#5192),#857);
#5192 = PRESENTATION_STYLE_ASSIGNMENT((#5193));
#5193 = SURFACE_STYLE_USAGE(.BOTH.,#5194);
#5194 = SURFACE_SIDE_STYLE('',(#5195));
#5195 = SURFACE_STYLE_FILL_AREA(#5196);
#5196 = FILL_AREA_STYLE('',(#5197));
#5197 = FILL_AREA_STYLE_COLOUR('',#5085);
#5198 = STYLED_ITEM('color',(#5199),#874);
#5199 = PRESENTATION_STYLE_ASSIGNMENT((#5200));
#5200 = SURFACE_STYLE_USAGE(.BOTH.,#5201);
#5201 = SURFACE_SIDE_STYLE('',(#5202));
#5202 = SURFACE_STYLE_FILL_AREA(#5203);
#5203 = FILL_AREA_STYLE('',(#5204));
#5204 = FILL_AREA_STYLE_COLOUR('',#5085);
#5205 = STYLED_ITEM('color',(#5206),#891);
#5206 = PRESENTATION_STYLE_ASSIGNMENT((#5207));
#5207 = SURFACE_STYLE_USAGE(.BOTH.,#5208);
#5208 = SURFACE_SIDE_STYLE('',(#5209));
#5209 = SURFACE_STYLE_FILL_AREA(#5210);
#5210 = FILL_AREA_STYLE('',(#5211));
#5211 = FILL_AREA_STYLE_COLOUR('',#5085);
#5212 = STYLED_ITEM('color',(#5213),#908);
#5213 = PRESENTATION_STYLE_ASSIGNMENT((#5214));
#5214 = SURFACE_STYLE_USAGE(.BOTH.,#5215);
#5215 = SURFACE_SIDE_STYLE('',(#5216));
#5216 = SURFACE_STYLE_FILL_AREA(#5217);
#5217 = FILL_AREA_STYLE('',(#5218));
#5218 = FILL_AREA_STYLE_COLOUR('',#5085);
#5219 = STYLED_ITEM('color',(#5220),#925);
#5220 = PRESENTATION_STYLE_ASSIGNMENT((#5221));
#5221 = SURFACE_STYLE_USAGE(.BOTH.,#5222);
#5222 = SURFACE_SIDE_STYLE('',(#5223));
#5223 = SURFACE_STYLE_FILL_AREA(#5224);
#5224 = FILL_AREA_STYLE('',(#5225));
#5225 = FILL_AREA_STYLE_COLOUR('',#5085);
#5226 = STYLED_ITEM('color',(#5227),#942);
#5227 = PRESENTATION_STYLE_ASSIGNMENT((#5228));
#5228 = SURFACE_STYLE_USAGE(.BOTH.,#5229);
#5229 = SURFACE_SIDE_STYLE('',(#5230));
#5230 = SURFACE_STYLE_FILL_AREA(#5231);
#5231 = FILL_AREA_STYLE('',(#5232));
#5232 = FILL_AREA_STYLE_COLOUR('',#5085);
#5233 = STYLED_ITEM('color',(#5234),#954);
#5234 = PRESENTATION_STYLE_ASSIGNMENT((#5235));
#5235 = SURFACE_STYLE_USAGE(.BOTH.,#5236);
#5236 = SURFACE_SIDE_STYLE('',(#5237));
#5237 = SURFACE_STYLE_FILL_AREA(#5238);
#5238 = FILL_AREA_STYLE('',(#5239));
#5239 = FILL_AREA_STYLE_COLOUR('',#5240);
#5240 = COLOUR_RGB('',0.859000020776,0.737999965183,0.495999988746);
#5241 = STYLED_ITEM('color',(#5242),#985);
#5242 = PRESENTATION_STYLE_ASSIGNMENT((#5243));
#5243 = SURFACE_STYLE_USAGE(.BOTH.,#5244);
#5244 = SURFACE_SIDE_STYLE('',(#5245));
#5245 = SURFACE_STYLE_FILL_AREA(#5246);
#5246 = FILL_AREA_STYLE('',(#5247));
#5247 = FILL_AREA_STYLE_COLOUR('',#5240);
#5248 = STYLED_ITEM('color',(#5249),#1009);
#5249 = PRESENTATION_STYLE_ASSIGNMENT((#5250));
#5250 = SURFACE_STYLE_USAGE(.BOTH.,#5251);
#5251 = SURFACE_SIDE_STYLE('',(#5252));
#5252 = SURFACE_STYLE_FILL_AREA(#5253);
#5253 = FILL_AREA_STYLE('',(#5254));
#5254 = FILL_AREA_STYLE_COLOUR('',#5240);
#5255 = STYLED_ITEM('color',(#5256),#1033);
#5256 = PRESENTATION_STYLE_ASSIGNMENT((#5257));
#5257 = SURFACE_STYLE_USAGE(.BOTH.,#5258);
#5258 = SURFACE_SIDE_STYLE('',(#5259));
#5259 = SURFACE_STYLE_FILL_AREA(#5260);
#5260 = FILL_AREA_STYLE('',(#5261));
#5261 = FILL_AREA_STYLE_COLOUR('',#5240);
#5262 = STYLED_ITEM('color',(#5263),#1050);
#5263 = PRESENTATION_STYLE_ASSIGNMENT((#5264));
#5264 = SURFACE_STYLE_USAGE(.BOTH.,#5265);
#5265 = SURFACE_SIDE_STYLE('',(#5266));
#5266 = SURFACE_STYLE_FILL_AREA(#5267);
#5267 = FILL_AREA_STYLE('',(#5268));
#5268 = FILL_AREA_STYLE_COLOUR('',#5240);
#5269 = STYLED_ITEM('color',(#5270),#1081);
#5270 = PRESENTATION_STYLE_ASSIGNMENT((#5271));
#5271 = SURFACE_STYLE_USAGE(.BOTH.,#5272);
#5272 = SURFACE_SIDE_STYLE('',(#5273));
#5273 = SURFACE_STYLE_FILL_AREA(#5274);
#5274 = FILL_AREA_STYLE('',(#5275));
#5275 = FILL_AREA_STYLE_COLOUR('',#5240);
#5276 = STYLED_ITEM('color',(#5277),#1105);
#5277 = PRESENTATION_STYLE_ASSIGNMENT((#5278));
#5278 = SURFACE_STYLE_USAGE(.BOTH.,#5279);
#5279 = SURFACE_SIDE_STYLE('',(#5280));
#5280 = SURFACE_STYLE_FILL_AREA(#5281);
#5281 = FILL_AREA_STYLE('',(#5282));
#5282 = FILL_AREA_STYLE_COLOUR('',#5240);
#5283 = STYLED_ITEM('color',(#5284),#1129);
#5284 = PRESENTATION_STYLE_ASSIGNMENT((#5285));
#5285 = SURFACE_STYLE_USAGE(.BOTH.,#5286);
#5286 = SURFACE_SIDE_STYLE('',(#5287));
#5287 = SURFACE_STYLE_FILL_AREA(#5288);
#5288 = FILL_AREA_STYLE('',(#5289));
#5289 = FILL_AREA_STYLE_COLOUR('',#5240);
#5290 = STYLED_ITEM('color',(#5291),#1146);
#5291 = PRESENTATION_STYLE_ASSIGNMENT((#5292));
#5292 = SURFACE_STYLE_USAGE(.BOTH.,#5293);
#5293 = SURFACE_SIDE_STYLE('',(#5294));
#5294 = SURFACE_STYLE_FILL_AREA(#5295);
#5295 = FILL_AREA_STYLE('',(#5296));
#5296 = FILL_AREA_STYLE_COLOUR('',#5240);
#5297 = STYLED_ITEM('color',(#5298),#1177);
#5298 = PRESENTATION_STYLE_ASSIGNMENT((#5299));
#5299 = SURFACE_STYLE_USAGE(.BOTH.,#5300);
#5300 = SURFACE_SIDE_STYLE('',(#5301));
#5301 = SURFACE_STYLE_FILL_AREA(#5302);
#5302 = FILL_AREA_STYLE('',(#5303));
#5303 = FILL_AREA_STYLE_COLOUR('',#5240);
#5304 = STYLED_ITEM('color',(#5305),#1201);
#5305 = PRESENTATION_STYLE_ASSIGNMENT((#5306));
#5306 = SURFACE_STYLE_USAGE(.BOTH.,#5307);
#5307 = SURFACE_SIDE_STYLE('',(#5308));
#5308 = SURFACE_STYLE_FILL_AREA(#5309);
#5309 = FILL_AREA_STYLE('',(#5310));
#5310 = FILL_AREA_STYLE_COLOUR('',#5240);
#5311 = STYLED_ITEM('color',(#5312),#1225);
#5312 = PRESENTATION_STYLE_ASSIGNMENT((#5313));
#5313 = SURFACE_STYLE_USAGE(.BOTH.,#5314);
#5314 = SURFACE_SIDE_STYLE('',(#5315));
#5315 = SURFACE_STYLE_FILL_AREA(#5316);
#5316 = FILL_AREA_STYLE('',(#5317));
#5317 = FILL_AREA_STYLE_COLOUR('',#5240);
#5318 = STYLED_ITEM('color',(#5319),#1242);
#5319 = PRESENTATION_STYLE_ASSIGNMENT((#5320));
#5320 = SURFACE_STYLE_USAGE(.BOTH.,#5321);
#5321 = SURFACE_SIDE_STYLE('',(#5322));
#5322 = SURFACE_STYLE_FILL_AREA(#5323);
#5323 = FILL_AREA_STYLE('',(#5324));
#5324 = FILL_AREA_STYLE_COLOUR('',#5240);
#5325 = STYLED_ITEM('color',(#5326),#1273);
#5326 = PRESENTATION_STYLE_ASSIGNMENT((#5327));
#5327 = SURFACE_STYLE_USAGE(.BOTH.,#5328);
#5328 = SURFACE_SIDE_STYLE('',(#5329));
#5329 = SURFACE_STYLE_FILL_AREA(#5330);
#5330 = FILL_AREA_STYLE('',(#5331));
#5331 = FILL_AREA_STYLE_COLOUR('',#5240);
#5332 = STYLED_ITEM('color',(#5333),#1297);
#5333 = PRESENTATION_STYLE_ASSIGNMENT((#5334));
#5334 = SURFACE_STYLE_USAGE(.BOTH.,#5335);
#5335 = SURFACE_SIDE_STYLE('',(#5336));
#5336 = SURFACE_STYLE_FILL_AREA(#5337);
#5337 = FILL_AREA_STYLE('',(#5338));
#5338 = FILL_AREA_STYLE_COLOUR('',#5240);
#5339 = STYLED_ITEM('color',(#5340),#1321);
#5340 = PRESENTATION_STYLE_ASSIGNMENT((#5341));
#5341 = SURFACE_STYLE_USAGE(.BOTH.,#5342);
#5342 = SURFACE_SIDE_STYLE('',(#5343));
#5343 = SURFACE_STYLE_FILL_AREA(#5344);
#5344 = FILL_AREA_STYLE('',(#5345));
#5345 = FILL_AREA_STYLE_COLOUR('',#5240);
#5346 = STYLED_ITEM('color',(#5347),#1338);
#5347 = PRESENTATION_STYLE_ASSIGNMENT((#5348));
#5348 = SURFACE_STYLE_USAGE(.BOTH.,#5349);
#5349 = SURFACE_SIDE_STYLE('',(#5350));
#5350 = SURFACE_STYLE_FILL_AREA(#5351);
#5351 = FILL_AREA_STYLE('',(#5352));
#5352 = FILL_AREA_STYLE_COLOUR('',#5240);
#5353 = STYLED_ITEM('color',(#5354),#1369);
#5354 = PRESENTATION_STYLE_ASSIGNMENT((#5355));
#5355 = SURFACE_STYLE_USAGE(.BOTH.,#5356);
#5356 = SURFACE_SIDE_STYLE('',(#5357));
#5357 = SURFACE_STYLE_FILL_AREA(#5358);
#5358 = FILL_AREA_STYLE('',(#5359));
#5359 = FILL_AREA_STYLE_COLOUR('',#5240);
#5360 = STYLED_ITEM('color',(#5361),#1393);
#5361 = PRESENTATION_STYLE_ASSIGNMENT((#5362));
#5362 = SURFACE_STYLE_USAGE(.BOTH.,#5363);
#5363 = SURFACE_SIDE_STYLE('',(#5364));
#5364 = SURFACE_STYLE_FILL_AREA(#5365);
#5365 = FILL_AREA_STYLE('',(#5366));
#5366 = FILL_AREA_STYLE_COLOUR('',#5240);
#5367 = STYLED_ITEM('color',(#5368),#1417);
#5368 = PRESENTATION_STYLE_ASSIGNMENT((#5369));
#5369 = SURFACE_STYLE_USAGE(.BOTH.,#5370);
#5370 = SURFACE_SIDE_STYLE('',(#5371));
#5371 = SURFACE_STYLE_FILL_AREA(#5372);
#5372 = FILL_AREA_STYLE('',(#5373));
#5373 = FILL_AREA_STYLE_COLOUR('',#5240);
#5374 = STYLED_ITEM('color',(#5375),#1434);
#5375 = PRESENTATION_STYLE_ASSIGNMENT((#5376));
#5376 = SURFACE_STYLE_USAGE(.BOTH.,#5377);
#5377 = SURFACE_SIDE_STYLE('',(#5378));
#5378 = SURFACE_STYLE_FILL_AREA(#5379);
#5379 = FILL_AREA_STYLE('',(#5380));
#5380 = FILL_AREA_STYLE_COLOUR('',#5240);
#5381 = STYLED_ITEM('color',(#5382),#1465);
#5382 = PRESENTATION_STYLE_ASSIGNMENT((#5383));
#5383 = SURFACE_STYLE_USAGE(.BOTH.,#5384);
#5384 = SURFACE_SIDE_STYLE('',(#5385));
#5385 = SURFACE_STYLE_FILL_AREA(#5386);
#5386 = FILL_AREA_STYLE('',(#5387));
#5387 = FILL_AREA_STYLE_COLOUR('',#5240);
#5388 = STYLED_ITEM('color',(#5389),#1489);
#5389 = PRESENTATION_STYLE_ASSIGNMENT((#5390));
#5390 = SURFACE_STYLE_USAGE(.BOTH.,#5391);
#5391 = SURFACE_SIDE_STYLE('',(#5392));
#5392 = SURFACE_STYLE_FILL_AREA(#5393);
#5393 = FILL_AREA_STYLE('',(#5394));
#5394 = FILL_AREA_STYLE_COLOUR('',#5240);
#5395 = STYLED_ITEM('color',(#5396),#1513);
#5396 = PRESENTATION_STYLE_ASSIGNMENT((#5397));
#5397 = SURFACE_STYLE_USAGE(.BOTH.,#5398);
#5398 = SURFACE_SIDE_STYLE('',(#5399));
#5399 = SURFACE_STYLE_FILL_AREA(#5400);
#5400 = FILL_AREA_STYLE('',(#5401));
#5401 = FILL_AREA_STYLE_COLOUR('',#5240);
#5402 = STYLED_ITEM('color',(#5403),#1530);
#5403 = PRESENTATION_STYLE_ASSIGNMENT((#5404));
#5404 = SURFACE_STYLE_USAGE(.BOTH.,#5405);
#5405 = SURFACE_SIDE_STYLE('',(#5406));
#5406 = SURFACE_STYLE_FILL_AREA(#5407);
#5407 = FILL_AREA_STYLE('',(#5408));
#5408 = FILL_AREA_STYLE_COLOUR('',#5240);
#5409 = STYLED_ITEM('color',(#5410),#1561);
#5410 = PRESENTATION_STYLE_ASSIGNMENT((#5411));
#5411 = SURFACE_STYLE_USAGE(.BOTH.,#5412);
#5412 = SURFACE_SIDE_STYLE('',(#5413));
#5413 = SURFACE_STYLE_FILL_AREA(#5414);
#5414 = FILL_AREA_STYLE('',(#5415));
#5415 = FILL_AREA_STYLE_COLOUR('',#5240);
#5416 = STYLED_ITEM('color',(#5417),#1585);
#5417 = PRESENTATION_STYLE_ASSIGNMENT((#5418));
#5418 = SURFACE_STYLE_USAGE(.BOTH.,#5419);
#5419 = SURFACE_SIDE_STYLE('',(#5420));
#5420 = SURFACE_STYLE_FILL_AREA(#5421);
#5421 = FILL_AREA_STYLE('',(#5422));
#5422 = FILL_AREA_STYLE_COLOUR('',#5240);
#5423 = STYLED_ITEM('color',(#5424),#1609);
#5424 = PRESENTATION_STYLE_ASSIGNMENT((#5425));
#5425 = SURFACE_STYLE_USAGE(.BOTH.,#5426);
#5426 = SURFACE_SIDE_STYLE('',(#5427));
#5427 = SURFACE_STYLE_FILL_AREA(#5428);
#5428 = FILL_AREA_STYLE('',(#5429));
#5429 = FILL_AREA_STYLE_COLOUR('',#5240);
#5430 = STYLED_ITEM('color',(#5431),#1626);
#5431 = PRESENTATION_STYLE_ASSIGNMENT((#5432));
#5432 = SURFACE_STYLE_USAGE(.BOTH.,#5433);
#5433 = SURFACE_SIDE_STYLE('',(#5434));
#5434 = SURFACE_STYLE_FILL_AREA(#5435);
#5435 = FILL_AREA_STYLE('',(#5436));
#5436 = FILL_AREA_STYLE_COLOUR('',#5240);
#5437 = STYLED_ITEM('color',(#5438),#1657);
#5438 = PRESENTATION_STYLE_ASSIGNMENT((#5439));
#5439 = SURFACE_STYLE_USAGE(.BOTH.,#5440);
#5440 = SURFACE_SIDE_STYLE('',(#5441));
#5441 = SURFACE_STYLE_FILL_AREA(#5442);
#5442 = FILL_AREA_STYLE('',(#5443));
#5443 = FILL_AREA_STYLE_COLOUR('',#5240);
#5444 = STYLED_ITEM('color',(#5445),#1681);
#5445 = PRESENTATION_STYLE_ASSIGNMENT((#5446));
#5446 = SURFACE_STYLE_USAGE(.BOTH.,#5447);
#5447 = SURFACE_SIDE_STYLE('',(#5448));
#5448 = SURFACE_STYLE_FILL_AREA(#5449);
#5449 = FILL_AREA_STYLE('',(#5450));
#5450 = FILL_AREA_STYLE_COLOUR('',#5240);
#5451 = STYLED_ITEM('color',(#5452),#1705);
#5452 = PRESENTATION_STYLE_ASSIGNMENT((#5453));
#5453 = SURFACE_STYLE_USAGE(.BOTH.,#5454);
#5454 = SURFACE_SIDE_STYLE('',(#5455));
#5455 = SURFACE_STYLE_FILL_AREA(#5456);
#5456 = FILL_AREA_STYLE('',(#5457));
#5457 = FILL_AREA_STYLE_COLOUR('',#5240);
#5458 = STYLED_ITEM('color',(#5459),#1722);
#5459 = PRESENTATION_STYLE_ASSIGNMENT((#5460));
#5460 = SURFACE_STYLE_USAGE(.BOTH.,#5461);
#5461 = SURFACE_SIDE_STYLE('',(#5462));
#5462 = SURFACE_STYLE_FILL_AREA(#5463);
#5463 = FILL_AREA_STYLE('',(#5464));
#5464 = FILL_AREA_STYLE_COLOUR('',#5240);
#5465 = STYLED_ITEM('color',(#5466),#1753);
#5466 = PRESENTATION_STYLE_ASSIGNMENT((#5467));
#5467 = SURFACE_STYLE_USAGE(.BOTH.,#5468);
#5468 = SURFACE_SIDE_STYLE('',(#5469));
#5469 = SURFACE_STYLE_FILL_AREA(#5470);
#5470 = FILL_AREA_STYLE('',(#5471));
#5471 = FILL_AREA_STYLE_COLOUR('',#5240);
#5472 = STYLED_ITEM('color',(#5473),#1777);
#5473 = PRESENTATION_STYLE_ASSIGNMENT((#5474));
#5474 = SURFACE_STYLE_USAGE(.BOTH.,#5475);
#5475 = SURFACE_SIDE_STYLE('',(#5476));
#5476 = SURFACE_STYLE_FILL_AREA(#5477);
#5477 = FILL_AREA_STYLE('',(#5478));
#5478 = FILL_AREA_STYLE_COLOUR('',#5240);
#5479 = STYLED_ITEM('color',(#5480),#1801);
#5480 = PRESENTATION_STYLE_ASSIGNMENT((#5481));
#5481 = SURFACE_STYLE_USAGE(.BOTH.,#5482);
#5482 = SURFACE_SIDE_STYLE('',(#5483));
#5483 = SURFACE_STYLE_FILL_AREA(#5484);
#5484 = FILL_AREA_STYLE('',(#5485));
#5485 = FILL_AREA_STYLE_COLOUR('',#5240);
#5486 = STYLED_ITEM('color',(#5487),#1818);
#5487 = PRESENTATION_STYLE_ASSIGNMENT((#5488));
#5488 = SURFACE_STYLE_USAGE(.BOTH.,#5489);
#5489 = SURFACE_SIDE_STYLE('',(#5490));
#5490 = SURFACE_STYLE_FILL_AREA(#5491);
#5491 = FILL_AREA_STYLE('',(#5492));
#5492 = FILL_AREA_STYLE_COLOUR('',#5240);
#5493 = STYLED_ITEM('color',(#5494),#1849);
#5494 = PRESENTATION_STYLE_ASSIGNMENT((#5495));
#5495 = SURFACE_STYLE_USAGE(.BOTH.,#5496);
#5496 = SURFACE_SIDE_STYLE('',(#5497));
#5497 = SURFACE_STYLE_FILL_AREA(#5498);
#5498 = FILL_AREA_STYLE('',(#5499));
#5499 = FILL_AREA_STYLE_COLOUR('',#5240);
#5500 = STYLED_ITEM('color',(#5501),#1873);
#5501 = PRESENTATION_STYLE_ASSIGNMENT((#5502));
#5502 = SURFACE_STYLE_USAGE(.BOTH.,#5503);
#5503 = SURFACE_SIDE_STYLE('',(#5504));
#5504 = SURFACE_STYLE_FILL_AREA(#5505);
#5505 = FILL_AREA_STYLE('',(#5506));
#5506 = FILL_AREA_STYLE_COLOUR('',#5240);
#5507 = STYLED_ITEM('color',(#5508),#1897);
#5508 = PRESENTATION_STYLE_ASSIGNMENT((#5509));
#5509 = SURFACE_STYLE_USAGE(.BOTH.,#5510);
#5510 = SURFACE_SIDE_STYLE('',(#5511));
#5511 = SURFACE_STYLE_FILL_AREA(#5512);
#5512 = FILL_AREA_STYLE('',(#5513));
#5513 = FILL_AREA_STYLE_COLOUR('',#5240);
#5514 = STYLED_ITEM('color',(#5515),#1914);
#5515 = PRESENTATION_STYLE_ASSIGNMENT((#5516));
#5516 = SURFACE_STYLE_USAGE(.BOTH.,#5517);
#5517 = SURFACE_SIDE_STYLE('',(#5518));
#5518 = SURFACE_STYLE_FILL_AREA(#5519);
#5519 = FILL_AREA_STYLE('',(#5520));
#5520 = FILL_AREA_STYLE_COLOUR('',#5240);
#5521 = STYLED_ITEM('color',(#5522),#1945);
#5522 = PRESENTATION_STYLE_ASSIGNMENT((#5523));
#5523 = SURFACE_STYLE_USAGE(.BOTH.,#5524);
#5524 = SURFACE_SIDE_STYLE('',(#5525));
#5525 = SURFACE_STYLE_FILL_AREA(#5526);
#5526 = FILL_AREA_STYLE('',(#5527));
#5527 = FILL_AREA_STYLE_COLOUR('',#5240);
#5528 = STYLED_ITEM('color',(#5529),#1969);
#5529 = PRESENTATION_STYLE_ASSIGNMENT((#5530));
#5530 = SURFACE_STYLE_USAGE(.BOTH.,#5531);
#5531 = SURFACE_SIDE_STYLE('',(#5532));
#5532 = SURFACE_STYLE_FILL_AREA(#5533);
#5533 = FILL_AREA_STYLE('',(#5534));
#5534 = FILL_AREA_STYLE_COLOUR('',#5240);
#5535 = STYLED_ITEM('color',(#5536),#1993);
#5536 = PRESENTATION_STYLE_ASSIGNMENT((#5537));
#5537 = SURFACE_STYLE_USAGE(.BOTH.,#5538);
#5538 = SURFACE_SIDE_STYLE('',(#5539));
#5539 = SURFACE_STYLE_FILL_AREA(#5540);
#5540 = FILL_AREA_STYLE('',(#5541));
#5541 = FILL_AREA_STYLE_COLOUR('',#5240);
#5542 = STYLED_ITEM('color',(#5543),#2010);
#5543 = PRESENTATION_STYLE_ASSIGNMENT((#5544));
#5544 = SURFACE_STYLE_USAGE(.BOTH.,#5545);
#5545 = SURFACE_SIDE_STYLE('',(#5546));
#5546 = SURFACE_STYLE_FILL_AREA(#5547);
#5547 = FILL_AREA_STYLE('',(#5548));
#5548 = FILL_AREA_STYLE_COLOUR('',#5240);
#5549 = STYLED_ITEM('color',(#5550),#2041);
#5550 = PRESENTATION_STYLE_ASSIGNMENT((#5551));
#5551 = SURFACE_STYLE_USAGE(.BOTH.,#5552);
#5552 = SURFACE_SIDE_STYLE('',(#5553));
#5553 = SURFACE_STYLE_FILL_AREA(#5554);
#5554 = FILL_AREA_STYLE('',(#5555));
#5555 = FILL_AREA_STYLE_COLOUR('',#5240);
#5556 = STYLED_ITEM('color',(#5557),#2065);
#5557 = PRESENTATION_STYLE_ASSIGNMENT((#5558));
#5558 = SURFACE_STYLE_USAGE(.BOTH.,#5559);
#5559 = SURFACE_SIDE_STYLE('',(#5560));
#5560 = SURFACE_STYLE_FILL_AREA(#5561);
#5561 = FILL_AREA_STYLE('',(#5562));
#5562 = FILL_AREA_STYLE_COLOUR('',#5240);
#5563 = STYLED_ITEM('color',(#5564),#2089);
#5564 = PRESENTATION_STYLE_ASSIGNMENT((#5565));
#5565 = SURFACE_STYLE_USAGE(.BOTH.,#5566);
#5566 = SURFACE_SIDE_STYLE('',(#5567));
#5567 = SURFACE_STYLE_FILL_AREA(#5568);
#5568 = FILL_AREA_STYLE('',(#5569));
#5569 = FILL_AREA_STYLE_COLOUR('',#5240);
#5570 = STYLED_ITEM('color',(#5571),#2106);
#5571 = PRESENTATION_STYLE_ASSIGNMENT((#5572));
#5572 = SURFACE_STYLE_USAGE(.BOTH.,#5573);
#5573 = SURFACE_SIDE_STYLE('',(#5574));
#5574 = SURFACE_STYLE_FILL_AREA(#5575);
#5575 = FILL_AREA_STYLE('',(#5576));
#5576 = FILL_AREA_STYLE_COLOUR('',#5240);
#5577 = STYLED_ITEM('color',(#5578),#2118);
#5578 = PRESENTATION_STYLE_ASSIGNMENT((#5579));
#5579 = SURFACE_STYLE_USAGE(.BOTH.,#5580);
#5580 = SURFACE_SIDE_STYLE('',(#5581));
#5581 = SURFACE_STYLE_FILL_AREA(#5582);
#5582 = FILL_AREA_STYLE('',(#5583));
#5583 = FILL_AREA_STYLE_COLOUR('',#5240);
#5584 = STYLED_ITEM('color',(#5585),#2130);
#5585 = PRESENTATION_STYLE_ASSIGNMENT((#5586));
#5586 = SURFACE_STYLE_USAGE(.BOTH.,#5587);
#5587 = SURFACE_SIDE_STYLE('',(#5588));
#5588 = SURFACE_STYLE_FILL_AREA(#5589);
#5589 = FILL_AREA_STYLE('',(#5590));
#5590 = FILL_AREA_STYLE_COLOUR('',#5240);
#5591 = STYLED_ITEM('color',(#5592),#2142);
#5592 = PRESENTATION_STYLE_ASSIGNMENT((#5593));
#5593 = SURFACE_STYLE_USAGE(.BOTH.,#5594);
#5594 = SURFACE_SIDE_STYLE('',(#5595));
#5595 = SURFACE_STYLE_FILL_AREA(#5596);
#5596 = FILL_AREA_STYLE('',(#5597));
#5597 = FILL_AREA_STYLE_COLOUR('',#5240);
#5598 = STYLED_ITEM('color',(#5599),#2154);
#5599 = PRESENTATION_STYLE_ASSIGNMENT((#5600));
#5600 = SURFACE_STYLE_USAGE(.BOTH.,#5601);
#5601 = SURFACE_SIDE_STYLE('',(#5602));
#5602 = SURFACE_STYLE_FILL_AREA(#5603);
#5603 = FILL_AREA_STYLE('',(#5604));
#5604 = FILL_AREA_STYLE_COLOUR('',#5240);
#5605 = STYLED_ITEM('color',(#5606),#2166);
#5606 = PRESENTATION_STYLE_ASSIGNMENT((#5607));
#5607 = SURFACE_STYLE_USAGE(.BOTH.,#5608);
#5608 = SURFACE_SIDE_STYLE('',(#5609));
#5609 = SURFACE_STYLE_FILL_AREA(#5610);
#5610 = FILL_AREA_STYLE('',(#5611));
#5611 = FILL_AREA_STYLE_COLOUR('',#5240);
#5612 = MECHANICAL_DESIGN_GEOMETRIC_PRESENTATION_REPRESENTATION('',(
    #5613,#5620,#5627,#5634,#5641,#5648,#5656,#5663,#5670,#5677,#5684,
    #5692,#5699),#2512);
#5613 = STYLED_ITEM('color',(#5614),#2222);
#5614 = PRESENTATION_STYLE_ASSIGNMENT((#5615));
#5615 = SURFACE_STYLE_USAGE(.BOTH.,#5616);
#5616 = SURFACE_SIDE_STYLE('',(#5617));
#5617 = SURFACE_STYLE_FILL_AREA(#5618);
#5618 = FILL_AREA_STYLE('',(#5619));
#5619 = FILL_AREA_STYLE_COLOUR('',#5085);
#5620 = STYLED_ITEM('color',(#5621),#2255);
#5621 = PRESENTATION_STYLE_ASSIGNMENT((#5622));
#5622 = SURFACE_STYLE_USAGE(.BOTH.,#5623);
#5623 = SURFACE_SIDE_STYLE('',(#5624));
#5624 = SURFACE_STYLE_FILL_AREA(#5625);
#5625 = FILL_AREA_STYLE('',(#5626));
#5626 = FILL_AREA_STYLE_COLOUR('',#5085);
#5627 = STYLED_ITEM('color',(#5628),#2281);
#5628 = PRESENTATION_STYLE_ASSIGNMENT((#5629));
#5629 = SURFACE_STYLE_USAGE(.BOTH.,#5630);
#5630 = SURFACE_SIDE_STYLE('',(#5631));
#5631 = SURFACE_STYLE_FILL_AREA(#5632);
#5632 = FILL_AREA_STYLE('',(#5633));
#5633 = FILL_AREA_STYLE_COLOUR('',#5085);
#5634 = STYLED_ITEM('color',(#5635),#2307);
#5635 = PRESENTATION_STYLE_ASSIGNMENT((#5636));
#5636 = SURFACE_STYLE_USAGE(.BOTH.,#5637);
#5637 = SURFACE_SIDE_STYLE('',(#5638));
#5638 = SURFACE_STYLE_FILL_AREA(#5639);
#5639 = FILL_AREA_STYLE('',(#5640));
#5640 = FILL_AREA_STYLE_COLOUR('',#5085);
#5641 = STYLED_ITEM('color',(#5642),#2338);
#5642 = PRESENTATION_STYLE_ASSIGNMENT((#5643));
#5643 = SURFACE_STYLE_USAGE(.BOTH.,#5644);
#5644 = SURFACE_SIDE_STYLE('',(#5645));
#5645 = SURFACE_STYLE_FILL_AREA(#5646);
#5646 = FILL_AREA_STYLE('',(#5647));
#5647 = FILL_AREA_STYLE_COLOUR('',#5085);
#5648 = STYLED_ITEM('color',(#5649),#2358);
#5649 = PRESENTATION_STYLE_ASSIGNMENT((#5650));
#5650 = SURFACE_STYLE_USAGE(.BOTH.,#5651);
#5651 = SURFACE_SIDE_STYLE('',(#5652));
#5652 = SURFACE_STYLE_FILL_AREA(#5653);
#5653 = FILL_AREA_STYLE('',(#5654));
#5654 = FILL_AREA_STYLE_COLOUR('',#5655);
#5655 = COLOUR_RGB('',0.823999987314,0.819999987296,0.781000009244);
#5656 = STYLED_ITEM('color',(#5657),#2383);
#5657 = PRESENTATION_STYLE_ASSIGNMENT((#5658));
#5658 = SURFACE_STYLE_USAGE(.BOTH.,#5659);
#5659 = SURFACE_SIDE_STYLE('',(#5660));
#5660 = SURFACE_STYLE_FILL_AREA(#5661);
#5661 = FILL_AREA_STYLE('',(#5662));
#5662 = FILL_AREA_STYLE_COLOUR('',#5655);
#5663 = STYLED_ITEM('color',(#5664),#2408);
#5664 = PRESENTATION_STYLE_ASSIGNMENT((#5665));
#5665 = SURFACE_STYLE_USAGE(.BOTH.,#5666);
#5666 = SURFACE_SIDE_STYLE('',(#5667));
#5667 = SURFACE_STYLE_FILL_AREA(#5668);
#5668 = FILL_AREA_STYLE('',(#5669));
#5669 = FILL_AREA_STYLE_COLOUR('',#5085);
#5670 = STYLED_ITEM('color',(#5671),#2433);
#5671 = PRESENTATION_STYLE_ASSIGNMENT((#5672));
#5672 = SURFACE_STYLE_USAGE(.BOTH.,#5673);
#5673 = SURFACE_SIDE_STYLE('',(#5674));
#5674 = SURFACE_STYLE_FILL_AREA(#5675);
#5675 = FILL_AREA_STYLE('',(#5676));
#5676 = FILL_AREA_STYLE_COLOUR('',#5655);
#5677 = STYLED_ITEM('color',(#5678),#2459);
#5678 = PRESENTATION_STYLE_ASSIGNMENT((#5679));
#5679 = SURFACE_STYLE_USAGE(.BOTH.,#5680);
#5680 = SURFACE_SIDE_STYLE('',(#5681));
#5681 = SURFACE_STYLE_FILL_AREA(#5682);
#5682 = FILL_AREA_STYLE('',(#5683));
#5683 = FILL_AREA_STYLE_COLOUR('',#5655);
#5684 = STYLED_ITEM('color',(#5685),#2485);
#5685 = PRESENTATION_STYLE_ASSIGNMENT((#5686));
#5686 = SURFACE_STYLE_USAGE(.BOTH.,#5687);
#5687 = SURFACE_SIDE_STYLE('',(#5688));
#5688 = SURFACE_STYLE_FILL_AREA(#5689);
#5689 = FILL_AREA_STYLE('',(#5690));
#5690 = FILL_AREA_STYLE_COLOUR('',#5691);
#5691 = COLOUR_RGB('',0.809000013735,0.426000008053,0.147999998088);
#5692 = STYLED_ITEM('color',(#5693),#2494);
#5693 = PRESENTATION_STYLE_ASSIGNMENT((#5694));
#5694 = SURFACE_STYLE_USAGE(.BOTH.,#5695);
#5695 = SURFACE_SIDE_STYLE('',(#5696));
#5696 = SURFACE_STYLE_FILL_AREA(#5697);
#5697 = FILL_AREA_STYLE('',(#5698));
#5698 = FILL_AREA_STYLE_COLOUR('',#5655);
#5699 = STYLED_ITEM('color',(#5700),#2503);
#5700 = PRESENTATION_STYLE_ASSIGNMENT((#5701));
#5701 = SURFACE_STYLE_USAGE(.BOTH.,#5702);
#5702 = SURFACE_SIDE_STYLE('',(#5703));
#5703 = SURFACE_STYLE_FILL_AREA(#5704);
#5704 = FILL_AREA_STYLE('',(#5705));
#5705 = FILL_AREA_STYLE_COLOUR('',#5655);
#5706 = MECHANICAL_DESIGN_GEOMETRIC_PRESENTATION_REPRESENTATION('',(
    #5707),#5066);
#5707 = STYLED_ITEM('color',(#5708),#3060);
#5708 = PRESENTATION_STYLE_ASSIGNMENT((#5709));
#5709 = SURFACE_STYLE_USAGE(.BOTH.,#5710);
#5710 = SURFACE_SIDE_STYLE('',(#5711));
#5711 = SURFACE_STYLE_FILL_AREA(#5712);
#5712 = FILL_AREA_STYLE('',(#5713));
#5713 = FILL_AREA_STYLE_COLOUR('',#5714);
#5714 = COLOUR_RGB('',0.313304153717,0.484529207832,0.410020903123);
#5715 = MECHANICAL_DESIGN_GEOMETRIC_PRESENTATION_REPRESENTATION('',(
    #5716,#5723,#5730,#5737,#5744,#5751,#5758,#5765,#5772,#5779),#3036);
#5716 = STYLED_ITEM('color',(#5717),#2556);
#5717 = PRESENTATION_STYLE_ASSIGNMENT((#5718));
#5718 = SURFACE_STYLE_USAGE(.BOTH.,#5719);
#5719 = SURFACE_SIDE_STYLE('',(#5720));
#5720 = SURFACE_STYLE_FILL_AREA(#5721);
#5721 = FILL_AREA_STYLE('',(#5722));
#5722 = FILL_AREA_STYLE_COLOUR('',#5655);
#5723 = STYLED_ITEM('color',(#5724),#2573);
#5724 = PRESENTATION_STYLE_ASSIGNMENT((#5725));
#5725 = SURFACE_STYLE_USAGE(.BOTH.,#5726);
#5726 = SURFACE_SIDE_STYLE('',(#5727));
#5727 = SURFACE_STYLE_FILL_AREA(#5728);
#5728 = FILL_AREA_STYLE('',(#5729));
#5729 = FILL_AREA_STYLE_COLOUR('',#5655);
#5730 = STYLED_ITEM('color',(#5731),#2598);
#5731 = PRESENTATION_STYLE_ASSIGNMENT((#5732));
#5732 = SURFACE_STYLE_USAGE(.BOTH.,#5733);
#5733 = SURFACE_SIDE_STYLE('',(#5734));
#5734 = SURFACE_STYLE_FILL_AREA(#5735);
#5735 = FILL_AREA_STYLE('',(#5736));
#5736 = FILL_AREA_STYLE_COLOUR('',#5655);
#5737 = STYLED_ITEM('color',(#5738),#2628);
#5738 = PRESENTATION_STYLE_ASSIGNMENT((#5739));
#5739 = SURFACE_STYLE_USAGE(.BOTH.,#5740);
#5740 = SURFACE_SIDE_STYLE('',(#5741));
#5741 = SURFACE_STYLE_FILL_AREA(#5742);
#5742 = FILL_AREA_STYLE('',(#5743));
#5743 = FILL_AREA_STYLE_COLOUR('',#5655);
#5744 = STYLED_ITEM('color',(#5745),#2762);
#5745 = PRESENTATION_STYLE_ASSIGNMENT((#5746));
#5746 = SURFACE_STYLE_USAGE(.BOTH.,#5747);
#5747 = SURFACE_SIDE_STYLE('',(#5748));
#5748 = SURFACE_STYLE_FILL_AREA(#5749);
#5749 = FILL_AREA_STYLE('',(#5750));
#5750 = FILL_AREA_STYLE_COLOUR('',#5691);
#5751 = STYLED_ITEM('color',(#5752),#2863);
#5752 = PRESENTATION_STYLE_ASSIGNMENT((#5753));
#5753 = SURFACE_STYLE_USAGE(.BOTH.,#5754);
#5754 = SURFACE_SIDE_STYLE('',(#5755));
#5755 = SURFACE_STYLE_FILL_AREA(#5756);
#5756 = FILL_AREA_STYLE('',(#5757));
#5757 = FILL_AREA_STYLE_COLOUR('',#5691);
#5758 = STYLED_ITEM('color',(#5759),#2945);
#5759 = PRESENTATION_STYLE_ASSIGNMENT((#5760));
#5760 = SURFACE_STYLE_USAGE(.BOTH.,#5761);
#5761 = SURFACE_SIDE_STYLE('',(#5762));
#5762 = SURFACE_STYLE_FILL_AREA(#5763);
#5763 = FILL_AREA_STYLE('',(#5764));
#5764 = FILL_AREA_STYLE_COLOUR('',#5655);
#5765 = STYLED_ITEM('color',(#5766),#2972);
#5766 = PRESENTATION_STYLE_ASSIGNMENT((#5767));
#5767 = SURFACE_STYLE_USAGE(.BOTH.,#5768);
#5768 = SURFACE_SIDE_STYLE('',(#5769));
#5769 = SURFACE_STYLE_FILL_AREA(#5770);
#5770 = FILL_AREA_STYLE('',(#5771));
#5771 = FILL_AREA_STYLE_COLOUR('',#5655);
#5772 = STYLED_ITEM('color',(#5773),#3002);
#5773 = PRESENTATION_STYLE_ASSIGNMENT((#5774));
#5774 = SURFACE_STYLE_USAGE(.BOTH.,#5775);
#5775 = SURFACE_SIDE_STYLE('',(#5776));
#5776 = SURFACE_STYLE_FILL_AREA(#5777);
#5777 = FILL_AREA_STYLE('',(#5778));
#5778 = FILL_AREA_STYLE_COLOUR('',#5655);
#5779 = STYLED_ITEM('color',(#5780),#3027);
#5780 = PRESENTATION_STYLE_ASSIGNMENT((#5781));
#5781 = SURFACE_STYLE_USAGE(.BOTH.,#5782);
#5782 = SURFACE_SIDE_STYLE('',(#5783));
#5783 = SURFACE_STYLE_FILL_AREA(#5784);
#5784 = FILL_AREA_STYLE('',(#5785));
#5785 = FILL_AREA_STYLE_COLOUR('',#5655);
ENDSEC;
END-ISO-10303-21;
