ISO-10303-21;
HEADER;
FILE_DESCRIPTION(('FreeCAD Model'),'2;1');
FILE_NAME('Open CASCADE Shape Model','2026-10-02T20:30:25',(''),(''),
  'Open CASCADE STEP processor 7.8','FreeCAD','Unknown');
FILE_SCHEMA(('AUTOMOTIVE_DESIGN { 1 0 10303 214 1 1 1 1 }'));
ENDSEC;
DATA;
#1 = APPLICATION_PROTOCOL_DEFINITION('international standard',
  'automotive_design',2000,#2);
#2 = APPLICATION_CONTEXT(
  'core data for automotive mechanical design processes');
#3 = SHAPE_DEFINITION_REPRESENTATION(#4,#10);
#4 = PRODUCT_DEFINITION_SHAPE('','',#5);
#5 = PRODUCT_DEFINITION('design','',#6,#9);
#6 = PRODUCT_DEFINITION_FORMATION('','',#7);
#7 = PRODUCT('Deskpet 1','Deskpet 1','',(#8));
#8 = PRODUCT_CONTEXT('',#2,'mechanical');
#9 = PRODUCT_DEFINITION_CONTEXT('part definition',#2,'design');
#10 = SHAPE_REPRESENTATION('',(#11,#15,#19,#23,#27,#31),#35);
#11 = AXIS2_PLACEMENT_3D('',#12,#13,#14);
#12 = CARTESIAN_POINT('',(0.,0.,0.));
#13 = DIRECTION('',(0.,0.,1.));
#14 = DIRECTION('',(1.,0.,-0.));
#15 = AXIS2_PLACEMENT_3D('',#16,#17,#18);
#16 = CARTESIAN_POINT('',(83.25,-72.,1.595));
#17 = DIRECTION('',(0.,0.,1.));
#18 = DIRECTION('',(1.,0.,0.));
#19 = AXIS2_PLACEMENT_3D('',#20,#21,#22);
#20 = CARTESIAN_POINT('',(102.7,-106.75,1.595));
#21 = DIRECTION('',(0.,0.,1.));
#22 = DIRECTION('',(1.,0.,0.));
#23 = AXIS2_PLACEMENT_3D('',#24,#25,#26);
#24 = CARTESIAN_POINT('',(140.,-112.25,1.595));
#25 = DIRECTION('',(0.,0.,1.));
#26 = DIRECTION('',(1.,0.,0.));
#27 = AXIS2_PLACEMENT_3D('',#28,#29,#30);
#28 = CARTESIAN_POINT('',(82.75,-108.75,1.595));
#29 = DIRECTION('',(0.,0.,1.));
#30 = DIRECTION('',(1.,0.,0.));
#31 = AXIS2_PLACEMENT_3D('',#32,#33,#34);
#32 = CARTESIAN_POINT('',(0.,0.,0.));
#33 = DIRECTION('',(0.,0.,1.));
#34 = DIRECTION('',(1.,0.,0.));
#35 = ( GEOMETRIC_REPRESENTATION_CONTEXT(3) 
GLOBAL_UNCERTAINTY_ASSIGNED_CONTEXT((#39)) GLOBAL_UNIT_ASSIGNED_CONTEXT(
(#36,#37,#38)) REPRESENTATION_CONTEXT('Context #1',
  '3D Context with UNIT and UNCERTAINTY') );
#36 = ( LENGTH_UNIT() NAMED_UNIT(*) SI_UNIT(.MILLI.,.METRE.) );
#37 = ( NAMED_UNIT(*) PLANE_ANGLE_UNIT() SI_UNIT($,.RADIAN.) );
#38 = ( NAMED_UNIT(*) SI_UNIT($,.STERADIAN.) SOLID_ANGLE_UNIT() );
#39 = UNCERTAINTY_MEASURE_WITH_UNIT(LENGTH_MEASURE(1.E-07),#36,
  'distance_accuracy_value','confusion accuracy');
#40 = PRODUCT_RELATED_PRODUCT_CATEGORY('part',$,(#7));
#41 = SHAPE_DEFINITION_REPRESENTATION(#42,#48);
#42 = PRODUCT_DEFINITION_SHAPE('','',#43);
#43 = PRODUCT_DEFINITION('design','',#44,#47);
#44 = PRODUCT_DEFINITION_FORMATION('','',#45);
#45 = PRODUCT('PinHeader_1x03_P2.54mm_Vertical',
  'PinHeader_1x03_P2.54mm_Vertical','',(#46));
#46 = PRODUCT_CONTEXT('',#2,'mechanical');
#47 = PRODUCT_DEFINITION_CONTEXT('part definition',#2,'design');
#48 = SHAPE_REPRESENTATION('',(#11,#49),#53);
#49 = AXIS2_PLACEMENT_3D('',#50,#51,#52);
#50 = CARTESIAN_POINT('',(0.,0.,0.));
#51 = DIRECTION('',(0.,0.,1.));
#52 = DIRECTION('',(1.,0.,0.));
#53 = ( GEOMETRIC_REPRESENTATION_CONTEXT(3) 
GLOBAL_UNCERTAINTY_ASSIGNED_CONTEXT((#57)) GLOBAL_UNIT_ASSIGNED_CONTEXT(
(#54,#55,#56)) REPRESENTATION_CONTEXT('Context #1',
  '3D Context with UNIT and UNCERTAINTY') );
#54 = ( LENGTH_UNIT() NAMED_UNIT(*) SI_UNIT(.MILLI.,.METRE.) );
#55 = ( NAMED_UNIT(*) PLANE_ANGLE_UNIT() SI_UNIT($,.RADIAN.) );
#56 = ( NAMED_UNIT(*) SI_UNIT($,.STERADIAN.) SOLID_ANGLE_UNIT() );
#57 = UNCERTAINTY_MEASURE_WITH_UNIT(LENGTH_MEASURE(1.E-07),#54,
  'distance_accuracy_value','confusion accuracy');
#58 = CONTEXT_DEPENDENT_SHAPE_REPRESENTATION(#59,#61);
#59 = ( REPRESENTATION_RELATIONSHIP('','',#48,#10) 
REPRESENTATION_RELATIONSHIP_WITH_TRANSFORMATION(#60) 
SHAPE_REPRESENTATION_RELATIONSHIP() );
#60 = ITEM_DEFINED_TRANSFORMATION('','',#11,#15);
#61 = PRODUCT_DEFINITION_SHAPE('Placement','Placement of an item',#62);
#62 = NEXT_ASSEMBLY_USAGE_OCCURRENCE('2',
  'PinHeader_1x03_P2.54mm_Vertical','',#5,#43,$);
#63 = PRODUCT_RELATED_PRODUCT_CATEGORY('part',$,(#45));
#64 = SHAPE_DEFINITION_REPRESENTATION(#65,#71);
#65 = PRODUCT_DEFINITION_SHAPE('','',#66);
#66 = PRODUCT_DEFINITION('design','',#67,#70);
#67 = PRODUCT_DEFINITION_FORMATION('','',#68);
#68 = PRODUCT('PinHeader_1x03_P254mm_Vertical',
  'PinHeader_1x03_P254mm_Vertical','',(#69));
#69 = PRODUCT_CONTEXT('',#2,'mechanical');
#70 = PRODUCT_DEFINITION_CONTEXT('part definition',#2,'design');
#71 = ADVANCED_BREP_SHAPE_REPRESENTATION('',(#11,#72),#2178);
#72 = MANIFOLD_SOLID_BREP('',#73);
#73 = CLOSED_SHELL('',(#74,#114,#145,#176,#423,#670,#687,#704,#721,#738,
    #755,#772,#789,#806,#823,#840,#857,#874,#891,#908,#925,#942,#954,
    #985,#1009,#1033,#1050,#1081,#1105,#1129,#1146,#1177,#1201,#1225,
    #1242,#1273,#1297,#1321,#1338,#1369,#1393,#1417,#1434,#1465,#1489,
    #1513,#1530,#1561,#1585,#1609,#1626,#1657,#1681,#1705,#1722,#1753,
    #1777,#1801,#1818,#1849,#1873,#1897,#1914,#1945,#1969,#1993,#2010,
    #2041,#2065,#2089,#2106,#2118,#2130,#2142,#2154,#2166));
#74 = ADVANCED_FACE('',(#75),#109,.F.);
#75 = FACE_BOUND('',#76,.F.);
#76 = EDGE_LOOP('',(#77,#87,#95,#103));
#77 = ORIENTED_EDGE('',*,*,#78,.T.);
#78 = EDGE_CURVE('',#79,#81,#83,.T.);
#79 = VERTEX_POINT('',#80);
#80 = CARTESIAN_POINT('',(-1.016,1.27,0.));
#81 = VERTEX_POINT('',#82);
#82 = CARTESIAN_POINT('',(-1.016,1.27,2.54));
#83 = LINE('',#84,#85);
#84 = CARTESIAN_POINT('',(-1.016,1.27,0.));
#85 = VECTOR('',#86,1.);
#86 = DIRECTION('',(0.,0.,1.));
#87 = ORIENTED_EDGE('',*,*,#88,.T.);
#88 = EDGE_CURVE('',#81,#89,#91,.T.);
#89 = VERTEX_POINT('',#90);
#90 = CARTESIAN_POINT('',(-1.27,1.016,2.54));
#91 = LINE('',#92,#93);
#92 = CARTESIAN_POINT('',(-1.016,1.27,2.54));
#93 = VECTOR('',#94,1.);
#94 = DIRECTION('',(-0.707106781187,-0.707106781187,0.));
#95 = ORIENTED_EDGE('',*,*,#96,.F.);
#96 = EDGE_CURVE('',#97,#89,#99,.T.);
#97 = VERTEX_POINT('',#98);
#98 = CARTESIAN_POINT('',(-1.27,1.016,0.));
#99 = LINE('',#100,#101);
#100 = CARTESIAN_POINT('',(-1.27,1.016,0.));
#101 = VECTOR('',#102,1.);
#102 = DIRECTION('',(0.,0.,1.));
#103 = ORIENTED_EDGE('',*,*,#104,.F.);
#104 = EDGE_CURVE('',#79,#97,#105,.T.);
#105 = LINE('',#106,#107);
#106 = CARTESIAN_POINT('',(-1.016,1.27,0.));
#107 = VECTOR('',#108,1.);
#108 = DIRECTION('',(-0.707106781187,-0.707106781187,0.));
#109 = PLANE('',#110);
#110 = AXIS2_PLACEMENT_3D('',#111,#112,#113);
#111 = CARTESIAN_POINT('',(-1.016,1.27,0.));
#112 = DIRECTION('',(0.707106781187,-0.707106781187,0.));
#113 = DIRECTION('',(-0.707106781187,-0.707106781187,0.));
#114 = ADVANCED_FACE('',(#115),#140,.F.);
#115 = FACE_BOUND('',#116,.F.);
#116 = EDGE_LOOP('',(#117,#127,#133,#134));
#117 = ORIENTED_EDGE('',*,*,#118,.T.);
#118 = EDGE_CURVE('',#119,#121,#123,.T.);
#119 = VERTEX_POINT('',#120);
#120 = CARTESIAN_POINT('',(1.016,1.27,0.));
#121 = VERTEX_POINT('',#122);
#122 = CARTESIAN_POINT('',(1.016,1.27,2.54));
#123 = LINE('',#124,#125);
#124 = CARTESIAN_POINT('',(1.016,1.27,0.));
#125 = VECTOR('',#126,1.);
#126 = DIRECTION('',(0.,0.,1.));
#127 = ORIENTED_EDGE('',*,*,#128,.T.);
#128 = EDGE_CURVE('',#121,#81,#129,.T.);
#129 = LINE('',#130,#131);
#130 = CARTESIAN_POINT('',(1.016,1.27,2.54));
#131 = VECTOR('',#132,1.);
#132 = DIRECTION('',(-1.,0.,0.));
#133 = ORIENTED_EDGE('',*,*,#78,.F.);
#134 = ORIENTED_EDGE('',*,*,#135,.F.);
#135 = EDGE_CURVE('',#119,#79,#136,.T.);
#136 = LINE('',#137,#138);
#137 = CARTESIAN_POINT('',(1.016,1.27,0.));
#138 = VECTOR('',#139,1.);
#139 = DIRECTION('',(-1.,0.,0.));
#140 = PLANE('',#141);
#141 = AXIS2_PLACEMENT_3D('',#142,#143,#144);
#142 = CARTESIAN_POINT('',(1.016,1.27,0.));
#143 = DIRECTION('',(0.,-1.,0.));
#144 = DIRECTION('',(-1.,0.,0.));
#145 = ADVANCED_FACE('',(#146),#171,.F.);
#146 = FACE_BOUND('',#147,.F.);
#147 = EDGE_LOOP('',(#148,#149,#157,#165));
#148 = ORIENTED_EDGE('',*,*,#96,.T.);
#149 = ORIENTED_EDGE('',*,*,#150,.T.);
#150 = EDGE_CURVE('',#89,#151,#153,.T.);
#151 = VERTEX_POINT('',#152);
#152 = CARTESIAN_POINT('',(-1.27,-1.016,2.54));
#153 = LINE('',#154,#155);
#154 = CARTESIAN_POINT('',(-1.27,1.016,2.54));
#155 = VECTOR('',#156,1.);
#156 = DIRECTION('',(0.,-1.,0.));
#157 = ORIENTED_EDGE('',*,*,#158,.F.);
#158 = EDGE_CURVE('',#159,#151,#161,.T.);
#159 = VERTEX_POINT('',#160);
#160 = CARTESIAN_POINT('',(-1.27,-1.016,0.));
#161 = LINE('',#162,#163);
#162 = CARTESIAN_POINT('',(-1.27,-1.016,0.));
#163 = VECTOR('',#164,1.);
#164 = DIRECTION('',(0.,0.,1.));
#165 = ORIENTED_EDGE('',*,*,#166,.F.);
#166 = EDGE_CURVE('',#97,#159,#167,.T.);
#167 = LINE('',#168,#169);
#168 = CARTESIAN_POINT('',(-1.27,1.016,0.));
#169 = VECTOR('',#170,1.);
#170 = DIRECTION('',(0.,-1.,0.));
#171 = PLANE('',#172);
#172 = AXIS2_PLACEMENT_3D('',#173,#174,#175);
#173 = CARTESIAN_POINT('',(-1.27,1.016,0.));
#174 = DIRECTION('',(1.,0.,0.));
#175 = DIRECTION('',(0.,-1.,0.));
#176 = ADVANCED_FACE('',(#177,#316,#350,#384),#418,.F.);
#177 = FACE_BOUND('',#178,.F.);
#178 = EDGE_LOOP('',(#179,#180,#181,#189,#197,#205,#213,#221,#229,#237,
    #245,#253,#261,#269,#277,#285,#293,#301,#309,#315));
#179 = ORIENTED_EDGE('',*,*,#104,.T.);
#180 = ORIENTED_EDGE('',*,*,#166,.T.);
#181 = ORIENTED_EDGE('',*,*,#182,.T.);
#182 = EDGE_CURVE('',#159,#183,#185,.T.);
#183 = VERTEX_POINT('',#184);
#184 = CARTESIAN_POINT('',(-1.016,-1.27,0.));
#185 = LINE('',#186,#187);
#186 = CARTESIAN_POINT('',(-1.27,-1.016,0.));
#187 = VECTOR('',#188,1.);
#188 = DIRECTION('',(0.707106781187,-0.707106781187,0.));
#189 = ORIENTED_EDGE('',*,*,#190,.T.);
#190 = EDGE_CURVE('',#183,#191,#193,.T.);
#191 = VERTEX_POINT('',#192);
#192 = CARTESIAN_POINT('',(-1.27,-1.524,0.));
#193 = LINE('',#194,#195);
#194 = CARTESIAN_POINT('',(-1.016,-1.27,0.));
#195 = VECTOR('',#196,1.);
#196 = DIRECTION('',(-0.707106781187,-0.707106781187,0.));
#197 = ORIENTED_EDGE('',*,*,#198,.T.);
#198 = EDGE_CURVE('',#191,#199,#201,.T.);
#199 = VERTEX_POINT('',#200);
#200 = CARTESIAN_POINT('',(-1.27,-3.556,0.));
#201 = LINE('',#202,#203);
#202 = CARTESIAN_POINT('',(-1.27,-1.524,0.));
#203 = VECTOR('',#204,1.);
#204 = DIRECTION('',(0.,-1.,0.));
#205 = ORIENTED_EDGE('',*,*,#206,.T.);
#206 = EDGE_CURVE('',#199,#207,#209,.T.);
#207 = VERTEX_POINT('',#208);
#208 = CARTESIAN_POINT('',(-1.016,-3.81,0.));
#209 = LINE('',#210,#211);
#210 = CARTESIAN_POINT('',(-1.27,-3.556,0.));
#211 = VECTOR('',#212,1.);
#212 = DIRECTION('',(0.707106781187,-0.707106781187,0.));
#213 = ORIENTED_EDGE('',*,*,#214,.T.);
#214 = EDGE_CURVE('',#207,#215,#217,.T.);
#215 = VERTEX_POINT('',#216);
#216 = CARTESIAN_POINT('',(-1.27,-4.064,0.));
#217 = LINE('',#218,#219);
#218 = CARTESIAN_POINT('',(-1.016,-3.81,0.));
#219 = VECTOR('',#220,1.);
#220 = DIRECTION('',(-0.707106781187,-0.707106781187,0.));
#221 = ORIENTED_EDGE('',*,*,#222,.T.);
#222 = EDGE_CURVE('',#215,#223,#225,.T.);
#223 = VERTEX_POINT('',#224);
#224 = CARTESIAN_POINT('',(-1.27,-6.096,0.));
#225 = LINE('',#226,#227);
#226 = CARTESIAN_POINT('',(-1.27,-4.064,0.));
#227 = VECTOR('',#228,1.);
#228 = DIRECTION('',(0.,-1.,0.));
#229 = ORIENTED_EDGE('',*,*,#230,.T.);
#230 = EDGE_CURVE('',#223,#231,#233,.T.);
#231 = VERTEX_POINT('',#232);
#232 = CARTESIAN_POINT('',(-1.016,-6.35,0.));
#233 = LINE('',#234,#235);
#234 = CARTESIAN_POINT('',(-1.27,-6.096,0.));
#235 = VECTOR('',#236,1.);
#236 = DIRECTION('',(0.707106781187,-0.707106781187,0.));
#237 = ORIENTED_EDGE('',*,*,#238,.T.);
#238 = EDGE_CURVE('',#231,#239,#241,.T.);
#239 = VERTEX_POINT('',#240);
#240 = CARTESIAN_POINT('',(1.016,-6.35,0.));
#241 = LINE('',#242,#243);
#242 = CARTESIAN_POINT('',(-1.016,-6.35,0.));
#243 = VECTOR('',#244,1.);
#244 = DIRECTION('',(1.,0.,0.));
#245 = ORIENTED_EDGE('',*,*,#246,.T.);
#246 = EDGE_CURVE('',#239,#247,#249,.T.);
#247 = VERTEX_POINT('',#248);
#248 = CARTESIAN_POINT('',(1.27,-6.096,0.));
#249 = LINE('',#250,#251);
#250 = CARTESIAN_POINT('',(1.016,-6.35,0.));
#251 = VECTOR('',#252,1.);
#252 = DIRECTION('',(0.707106781187,0.707106781187,0.));
#253 = ORIENTED_EDGE('',*,*,#254,.T.);
#254 = EDGE_CURVE('',#247,#255,#257,.T.);
#255 = VERTEX_POINT('',#256);
#256 = CARTESIAN_POINT('',(1.27,-4.064,0.));
#257 = LINE('',#258,#259);
#258 = CARTESIAN_POINT('',(1.27,-6.096,0.));
#259 = VECTOR('',#260,1.);
#260 = DIRECTION('',(0.,1.,0.));
#261 = ORIENTED_EDGE('',*,*,#262,.T.);
#262 = EDGE_CURVE('',#255,#263,#265,.T.);
#263 = VERTEX_POINT('',#264);
#264 = CARTESIAN_POINT('',(1.016,-3.81,0.));
#265 = LINE('',#266,#267);
#266 = CARTESIAN_POINT('',(1.27,-4.064,0.));
#267 = VECTOR('',#268,1.);
#268 = DIRECTION('',(-0.707106781187,0.707106781187,0.));
#269 = ORIENTED_EDGE('',*,*,#270,.T.);
#270 = EDGE_CURVE('',#263,#271,#273,.T.);
#271 = VERTEX_POINT('',#272);
#272 = CARTESIAN_POINT('',(1.27,-3.556,0.));
#273 = LINE('',#274,#275);
#274 = CARTESIAN_POINT('',(1.016,-3.81,0.));
#275 = VECTOR('',#276,1.);
#276 = DIRECTION('',(0.707106781187,0.707106781187,0.));
#277 = ORIENTED_EDGE('',*,*,#278,.T.);
#278 = EDGE_CURVE('',#271,#279,#281,.T.);
#279 = VERTEX_POINT('',#280);
#280 = CARTESIAN_POINT('',(1.27,-1.524,0.));
#281 = LINE('',#282,#283);
#282 = CARTESIAN_POINT('',(1.27,-3.556,0.));
#283 = VECTOR('',#284,1.);
#284 = DIRECTION('',(0.,1.,0.));
#285 = ORIENTED_EDGE('',*,*,#286,.T.);
#286 = EDGE_CURVE('',#279,#287,#289,.T.);
#287 = VERTEX_POINT('',#288);
#288 = CARTESIAN_POINT('',(1.016,-1.27,0.));
#289 = LINE('',#290,#291);
#290 = CARTESIAN_POINT('',(1.27,-1.524,0.));
#291 = VECTOR('',#292,1.);
#292 = DIRECTION('',(-0.707106781187,0.707106781187,0.));
#293 = ORIENTED_EDGE('',*,*,#294,.T.);
#294 = EDGE_CURVE('',#287,#295,#297,.T.);
#295 = VERTEX_POINT('',#296);
#296 = CARTESIAN_POINT('',(1.27,-1.016,0.));
#297 = LINE('',#298,#299);
#298 = CARTESIAN_POINT('',(1.016,-1.27,0.));
#299 = VECTOR('',#300,1.);
#300 = DIRECTION('',(0.707106781187,0.707106781187,0.));
#301 = ORIENTED_EDGE('',*,*,#302,.T.);
#302 = EDGE_CURVE('',#295,#303,#305,.T.);
#303 = VERTEX_POINT('',#304);
#304 = CARTESIAN_POINT('',(1.27,1.016,0.));
#305 = LINE('',#306,#307);
#306 = CARTESIAN_POINT('',(1.27,-1.016,0.));
#307 = VECTOR('',#308,1.);
#308 = DIRECTION('',(0.,1.,0.));
#309 = ORIENTED_EDGE('',*,*,#310,.T.);
#310 = EDGE_CURVE('',#303,#119,#311,.T.);
#311 = LINE('',#312,#313);
#312 = CARTESIAN_POINT('',(1.27,1.016,0.));
#313 = VECTOR('',#314,1.);
#314 = DIRECTION('',(-0.707106781187,0.707106781187,0.));
#315 = ORIENTED_EDGE('',*,*,#135,.T.);
#316 = FACE_BOUND('',#317,.F.);
#317 = EDGE_LOOP('',(#318,#328,#336,#344));
#318 = ORIENTED_EDGE('',*,*,#319,.F.);
#319 = EDGE_CURVE('',#320,#322,#324,.T.);
#320 = VERTEX_POINT('',#321);
#321 = CARTESIAN_POINT('',(0.32,-0.32,0.));
#322 = VERTEX_POINT('',#323);
#323 = CARTESIAN_POINT('',(0.32,0.32,0.));
#324 = LINE('',#325,#326);
#325 = CARTESIAN_POINT('',(0.32,-1.43,0.));
#326 = VECTOR('',#327,1.);
#327 = DIRECTION('',(0.,1.,0.));
#328 = ORIENTED_EDGE('',*,*,#329,.T.);
#329 = EDGE_CURVE('',#320,#330,#332,.T.);
#330 = VERTEX_POINT('',#331);
#331 = CARTESIAN_POINT('',(-0.32,-0.32,0.));
#332 = LINE('',#333,#334);
#333 = CARTESIAN_POINT('',(-0.16,-0.32,0.));
#334 = VECTOR('',#335,1.);
#335 = DIRECTION('',(-1.,0.,0.));
#336 = ORIENTED_EDGE('',*,*,#337,.T.);
#337 = EDGE_CURVE('',#330,#338,#340,.T.);
#338 = VERTEX_POINT('',#339);
#339 = CARTESIAN_POINT('',(-0.32,0.32,0.));
#340 = LINE('',#341,#342);
#341 = CARTESIAN_POINT('',(-0.32,-1.43,0.));
#342 = VECTOR('',#343,1.);
#343 = DIRECTION('',(0.,1.,0.));
#344 = ORIENTED_EDGE('',*,*,#345,.F.);
#345 = EDGE_CURVE('',#322,#338,#346,.T.);
#346 = LINE('',#347,#348);
#347 = CARTESIAN_POINT('',(-0.16,0.32,0.));
#348 = VECTOR('',#349,1.);
#349 = DIRECTION('',(-1.,0.,0.));
#350 = FACE_BOUND('',#351,.F.);
#351 = EDGE_LOOP('',(#352,#362,#370,#378));
#352 = ORIENTED_EDGE('',*,*,#353,.T.);
#353 = EDGE_CURVE('',#354,#356,#358,.T.);
#354 = VERTEX_POINT('',#355);
#355 = CARTESIAN_POINT('',(0.32,-2.86,0.));
#356 = VERTEX_POINT('',#357);
#357 = CARTESIAN_POINT('',(-0.32,-2.86,0.));
#358 = LINE('',#359,#360);
#359 = CARTESIAN_POINT('',(-0.16,-2.86,0.));
#360 = VECTOR('',#361,1.);
#361 = DIRECTION('',(-1.,0.,0.));
#362 = ORIENTED_EDGE('',*,*,#363,.T.);
#363 = EDGE_CURVE('',#356,#364,#366,.T.);
#364 = VERTEX_POINT('',#365);
#365 = CARTESIAN_POINT('',(-0.32,-2.22,0.));
#366 = LINE('',#367,#368);
#367 = CARTESIAN_POINT('',(-0.32,-2.7,0.));
#368 = VECTOR('',#369,1.);
#369 = DIRECTION('',(0.,1.,0.));
#370 = ORIENTED_EDGE('',*,*,#371,.F.);
#371 = EDGE_CURVE('',#372,#364,#374,.T.);
#372 = VERTEX_POINT('',#373);
#373 = CARTESIAN_POINT('',(0.32,-2.22,0.));
#374 = LINE('',#375,#376);
#375 = CARTESIAN_POINT('',(-0.16,-2.22,0.));
#376 = VECTOR('',#377,1.);
#377 = DIRECTION('',(-1.,0.,0.));
#378 = ORIENTED_EDGE('',*,*,#379,.F.);
#379 = EDGE_CURVE('',#354,#372,#380,.T.);
#380 = LINE('',#381,#382);
#381 = CARTESIAN_POINT('',(0.32,-2.7,0.));
#382 = VECTOR('',#383,1.);
#383 = DIRECTION('',(0.,1.,0.));
#384 = FACE_BOUND('',#385,.F.);
#385 = EDGE_LOOP('',(#386,#396,#404,#412));
#386 = ORIENTED_EDGE('',*,*,#387,.F.);
#387 = EDGE_CURVE('',#388,#390,#392,.T.);
#388 = VERTEX_POINT('',#389);
#389 = CARTESIAN_POINT('',(0.32,-4.76,0.));
#390 = VERTEX_POINT('',#391);
#391 = CARTESIAN_POINT('',(-0.32,-4.76,0.));
#392 = LINE('',#393,#394);
#393 = CARTESIAN_POINT('',(-0.16,-4.76,0.));
#394 = VECTOR('',#395,1.);
#395 = DIRECTION('',(-1.,0.,0.));
#396 = ORIENTED_EDGE('',*,*,#397,.F.);
#397 = EDGE_CURVE('',#398,#388,#400,.T.);
#398 = VERTEX_POINT('',#399);
#399 = CARTESIAN_POINT('',(0.32,-5.4,0.));
#400 = LINE('',#401,#402);
#401 = CARTESIAN_POINT('',(0.32,-3.97,0.));
#402 = VECTOR('',#403,1.);
#403 = DIRECTION('',(0.,1.,0.));
#404 = ORIENTED_EDGE('',*,*,#405,.T.);
#405 = EDGE_CURVE('',#398,#406,#408,.T.);
#406 = VERTEX_POINT('',#407);
#407 = CARTESIAN_POINT('',(-0.32,-5.4,0.));
#408 = LINE('',#409,#410);
#409 = CARTESIAN_POINT('',(-0.16,-5.4,0.));
#410 = VECTOR('',#411,1.);
#411 = DIRECTION('',(-1.,0.,0.));
#412 = ORIENTED_EDGE('',*,*,#413,.T.);
#413 = EDGE_CURVE('',#406,#390,#414,.T.);
#414 = LINE('',#415,#416);
#415 = CARTESIAN_POINT('',(-0.32,-3.97,0.));
#416 = VECTOR('',#417,1.);
#417 = DIRECTION('',(0.,1.,0.));
#418 = PLANE('',#419);
#419 = AXIS2_PLACEMENT_3D('',#420,#421,#422);
#420 = CARTESIAN_POINT('',(5.E-17,-2.54,0.));
#421 = DIRECTION('',(0.,0.,1.));
#422 = DIRECTION('',(1.,0.,-0.));
#423 = ADVANCED_FACE('',(#424,#563,#597,#631),#665,.T.);
#424 = FACE_BOUND('',#425,.T.);
#425 = EDGE_LOOP('',(#426,#427,#428,#436,#444,#452,#460,#468,#476,#484,
    #492,#500,#508,#516,#524,#532,#540,#548,#556,#562));
#426 = ORIENTED_EDGE('',*,*,#88,.T.);
#427 = ORIENTED_EDGE('',*,*,#150,.T.);
#428 = ORIENTED_EDGE('',*,*,#429,.T.);
#429 = EDGE_CURVE('',#151,#430,#432,.T.);
#430 = VERTEX_POINT('',#431);
#431 = CARTESIAN_POINT('',(-1.016,-1.27,2.54));
#432 = LINE('',#433,#434);
#433 = CARTESIAN_POINT('',(-1.27,-1.016,2.54));
#434 = VECTOR('',#435,1.);
#435 = DIRECTION('',(0.707106781187,-0.707106781187,0.));
#436 = ORIENTED_EDGE('',*,*,#437,.T.);
#437 = EDGE_CURVE('',#430,#438,#440,.T.);
#438 = VERTEX_POINT('',#439);
#439 = CARTESIAN_POINT('',(-1.27,-1.524,2.54));
#440 = LINE('',#441,#442);
#441 = CARTESIAN_POINT('',(-1.016,-1.27,2.54));
#442 = VECTOR('',#443,1.);
#443 = DIRECTION('',(-0.707106781187,-0.707106781187,0.));
#444 = ORIENTED_EDGE('',*,*,#445,.T.);
#445 = EDGE_CURVE('',#438,#446,#448,.T.);
#446 = VERTEX_POINT('',#447);
#447 = CARTESIAN_POINT('',(-1.27,-3.556,2.54));
#448 = LINE('',#449,#450);
#449 = CARTESIAN_POINT('',(-1.27,-1.524,2.54));
#450 = VECTOR('',#451,1.);
#451 = DIRECTION('',(0.,-1.,0.));
#452 = ORIENTED_EDGE('',*,*,#453,.T.);
#453 = EDGE_CURVE('',#446,#454,#456,.T.);
#454 = VERTEX_POINT('',#455);
#455 = CARTESIAN_POINT('',(-1.016,-3.81,2.54));
#456 = LINE('',#457,#458);
#457 = CARTESIAN_POINT('',(-1.27,-3.556,2.54));
#458 = VECTOR('',#459,1.);
#459 = DIRECTION('',(0.707106781187,-0.707106781187,0.));
#460 = ORIENTED_EDGE('',*,*,#461,.T.);
#461 = EDGE_CURVE('',#454,#462,#464,.T.);
#462 = VERTEX_POINT('',#463);
#463 = CARTESIAN_POINT('',(-1.27,-4.064,2.54));
#464 = LINE('',#465,#466);
#465 = CARTESIAN_POINT('',(-1.016,-3.81,2.54));
#466 = VECTOR('',#467,1.);
#467 = DIRECTION('',(-0.707106781187,-0.707106781187,0.));
#468 = ORIENTED_EDGE('',*,*,#469,.T.);
#469 = EDGE_CURVE('',#462,#470,#472,.T.);
#470 = VERTEX_POINT('',#471);
#471 = CARTESIAN_POINT('',(-1.27,-6.096,2.54));
#472 = LINE('',#473,#474);
#473 = CARTESIAN_POINT('',(-1.27,-4.064,2.54));
#474 = VECTOR('',#475,1.);
#475 = DIRECTION('',(0.,-1.,0.));
#476 = ORIENTED_EDGE('',*,*,#477,.T.);
#477 = EDGE_CURVE('',#470,#478,#480,.T.);
#478 = VERTEX_POINT('',#479);
#479 = CARTESIAN_POINT('',(-1.016,-6.35,2.54));
#480 = LINE('',#481,#482);
#481 = CARTESIAN_POINT('',(-1.27,-6.096,2.54));
#482 = VECTOR('',#483,1.);
#483 = DIRECTION('',(0.707106781187,-0.707106781187,0.));
#484 = ORIENTED_EDGE('',*,*,#485,.T.);
#485 = EDGE_CURVE('',#478,#486,#488,.T.);
#486 = VERTEX_POINT('',#487);
#487 = CARTESIAN_POINT('',(1.016,-6.35,2.54));
#488 = LINE('',#489,#490);
#489 = CARTESIAN_POINT('',(-1.016,-6.35,2.54));
#490 = VECTOR('',#491,1.);
#491 = DIRECTION('',(1.,0.,0.));
#492 = ORIENTED_EDGE('',*,*,#493,.T.);
#493 = EDGE_CURVE('',#486,#494,#496,.T.);
#494 = VERTEX_POINT('',#495);
#495 = CARTESIAN_POINT('',(1.27,-6.096,2.54));
#496 = LINE('',#497,#498);
#497 = CARTESIAN_POINT('',(1.016,-6.35,2.54));
#498 = VECTOR('',#499,1.);
#499 = DIRECTION('',(0.707106781187,0.707106781187,0.));
#500 = ORIENTED_EDGE('',*,*,#501,.T.);
#501 = EDGE_CURVE('',#494,#502,#504,.T.);
#502 = VERTEX_POINT('',#503);
#503 = CARTESIAN_POINT('',(1.27,-4.064,2.54));
#504 = LINE('',#505,#506);
#505 = CARTESIAN_POINT('',(1.27,-6.096,2.54));
#506 = VECTOR('',#507,1.);
#507 = DIRECTION('',(0.,1.,0.));
#508 = ORIENTED_EDGE('',*,*,#509,.T.);
#509 = EDGE_CURVE('',#502,#510,#512,.T.);
#510 = VERTEX_POINT('',#511);
#511 = CARTESIAN_POINT('',(1.016,-3.81,2.54));
#512 = LINE('',#513,#514);
#513 = CARTESIAN_POINT('',(1.27,-4.064,2.54));
#514 = VECTOR('',#515,1.);
#515 = DIRECTION('',(-0.707106781187,0.707106781187,0.));
#516 = ORIENTED_EDGE('',*,*,#517,.T.);
#517 = EDGE_CURVE('',#510,#518,#520,.T.);
#518 = VERTEX_POINT('',#519);
#519 = CARTESIAN_POINT('',(1.27,-3.556,2.54));
#520 = LINE('',#521,#522);
#521 = CARTESIAN_POINT('',(1.016,-3.81,2.54));
#522 = VECTOR('',#523,1.);
#523 = DIRECTION('',(0.707106781187,0.707106781187,0.));
#524 = ORIENTED_EDGE('',*,*,#525,.T.);
#525 = EDGE_CURVE('',#518,#526,#528,.T.);
#526 = VERTEX_POINT('',#527);
#527 = CARTESIAN_POINT('',(1.27,-1.524,2.54));
#528 = LINE('',#529,#530);
#529 = CARTESIAN_POINT('',(1.27,-3.556,2.54));
#530 = VECTOR('',#531,1.);
#531 = DIRECTION('',(0.,1.,0.));
#532 = ORIENTED_EDGE('',*,*,#533,.T.);
#533 = EDGE_CURVE('',#526,#534,#536,.T.);
#534 = VERTEX_POINT('',#535);
#535 = CARTESIAN_POINT('',(1.016,-1.27,2.54));
#536 = LINE('',#537,#538);
#537 = CARTESIAN_POINT('',(1.27,-1.524,2.54));
#538 = VECTOR('',#539,1.);
#539 = DIRECTION('',(-0.707106781187,0.707106781187,0.));
#540 = ORIENTED_EDGE('',*,*,#541,.T.);
#541 = EDGE_CURVE('',#534,#542,#544,.T.);
#542 = VERTEX_POINT('',#543);
#543 = CARTESIAN_POINT('',(1.27,-1.016,2.54));
#544 = LINE('',#545,#546);
#545 = CARTESIAN_POINT('',(1.016,-1.27,2.54));
#546 = VECTOR('',#547,1.);
#547 = DIRECTION('',(0.707106781187,0.707106781187,0.));
#548 = ORIENTED_EDGE('',*,*,#549,.T.);
#549 = EDGE_CURVE('',#542,#550,#552,.T.);
#550 = VERTEX_POINT('',#551);
#551 = CARTESIAN_POINT('',(1.27,1.016,2.54));
#552 = LINE('',#553,#554);
#553 = CARTESIAN_POINT('',(1.27,-1.016,2.54));
#554 = VECTOR('',#555,1.);
#555 = DIRECTION('',(0.,1.,0.));
#556 = ORIENTED_EDGE('',*,*,#557,.T.);
#557 = EDGE_CURVE('',#550,#121,#558,.T.);
#558 = LINE('',#559,#560);
#559 = CARTESIAN_POINT('',(1.27,1.016,2.54));
#560 = VECTOR('',#561,1.);
#561 = DIRECTION('',(-0.707106781187,0.707106781187,0.));
#562 = ORIENTED_EDGE('',*,*,#128,.T.);
#563 = FACE_BOUND('',#564,.T.);
#564 = EDGE_LOOP('',(#565,#575,#583,#591));
#565 = ORIENTED_EDGE('',*,*,#566,.F.);
#566 = EDGE_CURVE('',#567,#569,#571,.T.);
#567 = VERTEX_POINT('',#568);
#568 = CARTESIAN_POINT('',(0.32,-0.32,2.54));
#569 = VERTEX_POINT('',#570);
#570 = CARTESIAN_POINT('',(0.32,0.32,2.54));
#571 = LINE('',#572,#573);
#572 = CARTESIAN_POINT('',(0.32,-1.43,2.54));
#573 = VECTOR('',#574,1.);
#574 = DIRECTION('',(0.,1.,0.));
#575 = ORIENTED_EDGE('',*,*,#576,.T.);
#576 = EDGE_CURVE('',#567,#577,#579,.T.);
#577 = VERTEX_POINT('',#578);
#578 = CARTESIAN_POINT('',(-0.32,-0.32,2.54));
#579 = LINE('',#580,#581);
#580 = CARTESIAN_POINT('',(-0.16,-0.32,2.54));
#581 = VECTOR('',#582,1.);
#582 = DIRECTION('',(-1.,0.,0.));
#583 = ORIENTED_EDGE('',*,*,#584,.T.);
#584 = EDGE_CURVE('',#577,#585,#587,.T.);
#585 = VERTEX_POINT('',#586);
#586 = CARTESIAN_POINT('',(-0.32,0.32,2.54));
#587 = LINE('',#588,#589);
#588 = CARTESIAN_POINT('',(-0.32,-1.43,2.54));
#589 = VECTOR('',#590,1.);
#590 = DIRECTION('',(0.,1.,0.));
#591 = ORIENTED_EDGE('',*,*,#592,.F.);
#592 = EDGE_CURVE('',#569,#585,#593,.T.);
#593 = LINE('',#594,#595);
#594 = CARTESIAN_POINT('',(-0.16,0.32,2.54));
#595 = VECTOR('',#596,1.);
#596 = DIRECTION('',(-1.,0.,0.));
#597 = FACE_BOUND('',#598,.T.);
#598 = EDGE_LOOP('',(#599,#609,#617,#625));
#599 = ORIENTED_EDGE('',*,*,#600,.T.);
#600 = EDGE_CURVE('',#601,#603,#605,.T.);
#601 = VERTEX_POINT('',#602);
#602 = CARTESIAN_POINT('',(0.32,-2.86,2.54));
#603 = VERTEX_POINT('',#604);
#604 = CARTESIAN_POINT('',(-0.32,-2.86,2.54));
#605 = LINE('',#606,#607);
#606 = CARTESIAN_POINT('',(-0.16,-2.86,2.54));
#607 = VECTOR('',#608,1.);
#608 = DIRECTION('',(-1.,0.,0.));
#609 = ORIENTED_EDGE('',*,*,#610,.T.);
#610 = EDGE_CURVE('',#603,#611,#613,.T.);
#611 = VERTEX_POINT('',#612);
#612 = CARTESIAN_POINT('',(-0.32,-2.22,2.54));
#613 = LINE('',#614,#615);
#614 = CARTESIAN_POINT('',(-0.32,-2.7,2.54));
#615 = VECTOR('',#616,1.);
#616 = DIRECTION('',(0.,1.,0.));
#617 = ORIENTED_EDGE('',*,*,#618,.F.);
#618 = EDGE_CURVE('',#619,#611,#621,.T.);
#619 = VERTEX_POINT('',#620);
#620 = CARTESIAN_POINT('',(0.32,-2.22,2.54));
#621 = LINE('',#622,#623);
#622 = CARTESIAN_POINT('',(-0.16,-2.22,2.54));
#623 = VECTOR('',#624,1.);
#624 = DIRECTION('',(-1.,0.,0.));
#625 = ORIENTED_EDGE('',*,*,#626,.F.);
#626 = EDGE_CURVE('',#601,#619,#627,.T.);
#627 = LINE('',#628,#629);
#628 = CARTESIAN_POINT('',(0.32,-2.7,2.54));
#629 = VECTOR('',#630,1.);
#630 = DIRECTION('',(0.,1.,0.));
#631 = FACE_BOUND('',#632,.T.);
#632 = EDGE_LOOP('',(#633,#643,#651,#659));
#633 = ORIENTED_EDGE('',*,*,#634,.F.);
#634 = EDGE_CURVE('',#635,#637,#639,.T.);
#635 = VERTEX_POINT('',#636);
#636 = CARTESIAN_POINT('',(0.32,-4.76,2.54));
#637 = VERTEX_POINT('',#638);
#638 = CARTESIAN_POINT('',(-0.32,-4.76,2.54));
#639 = LINE('',#640,#641);
#640 = CARTESIAN_POINT('',(-0.16,-4.76,2.54));
#641 = VECTOR('',#642,1.);
#642 = DIRECTION('',(-1.,0.,0.));
#643 = ORIENTED_EDGE('',*,*,#644,.F.);
#644 = EDGE_CURVE('',#645,#635,#647,.T.);
#645 = VERTEX_POINT('',#646);
#646 = CARTESIAN_POINT('',(0.32,-5.4,2.54));
#647 = LINE('',#648,#649);
#648 = CARTESIAN_POINT('',(0.32,-3.97,2.54));
#649 = VECTOR('',#650,1.);
#650 = DIRECTION('',(0.,1.,0.));
#651 = ORIENTED_EDGE('',*,*,#652,.T.);
#652 = EDGE_CURVE('',#645,#653,#655,.T.);
#653 = VERTEX_POINT('',#654);
#654 = CARTESIAN_POINT('',(-0.32,-5.4,2.54));
#655 = LINE('',#656,#657);
#656 = CARTESIAN_POINT('',(-0.16,-5.4,2.54));
#657 = VECTOR('',#658,1.);
#658 = DIRECTION('',(-1.,0.,0.));
#659 = ORIENTED_EDGE('',*,*,#660,.T.);
#660 = EDGE_CURVE('',#653,#637,#661,.T.);
#661 = LINE('',#662,#663);
#662 = CARTESIAN_POINT('',(-0.32,-3.97,2.54));
#663 = VECTOR('',#664,1.);
#664 = DIRECTION('',(0.,1.,0.));
#665 = PLANE('',#666);
#666 = AXIS2_PLACEMENT_3D('',#667,#668,#669);
#667 = CARTESIAN_POINT('',(5.E-17,-2.54,2.54));
#668 = DIRECTION('',(0.,0.,1.));
#669 = DIRECTION('',(1.,0.,-0.));
#670 = ADVANCED_FACE('',(#671),#682,.F.);
#671 = FACE_BOUND('',#672,.F.);
#672 = EDGE_LOOP('',(#673,#679,#680,#681));
#673 = ORIENTED_EDGE('',*,*,#674,.T.);
#674 = EDGE_CURVE('',#303,#550,#675,.T.);
#675 = LINE('',#676,#677);
#676 = CARTESIAN_POINT('',(1.27,1.016,0.));
#677 = VECTOR('',#678,1.);
#678 = DIRECTION('',(0.,0.,1.));
#679 = ORIENTED_EDGE('',*,*,#557,.T.);
#680 = ORIENTED_EDGE('',*,*,#118,.F.);
#681 = ORIENTED_EDGE('',*,*,#310,.F.);
#682 = PLANE('',#683);
#683 = AXIS2_PLACEMENT_3D('',#684,#685,#686);
#684 = CARTESIAN_POINT('',(1.27,1.016,0.));
#685 = DIRECTION('',(-0.707106781187,-0.707106781187,0.));
#686 = DIRECTION('',(-0.707106781187,0.707106781187,0.));
#687 = ADVANCED_FACE('',(#688),#699,.F.);
#688 = FACE_BOUND('',#689,.F.);
#689 = EDGE_LOOP('',(#690,#691,#692,#698));
#690 = ORIENTED_EDGE('',*,*,#158,.T.);
#691 = ORIENTED_EDGE('',*,*,#429,.T.);
#692 = ORIENTED_EDGE('',*,*,#693,.F.);
#693 = EDGE_CURVE('',#183,#430,#694,.T.);
#694 = LINE('',#695,#696);
#695 = CARTESIAN_POINT('',(-1.016,-1.27,0.));
#696 = VECTOR('',#697,1.);
#697 = DIRECTION('',(0.,0.,1.));
#698 = ORIENTED_EDGE('',*,*,#182,.F.);
#699 = PLANE('',#700);
#700 = AXIS2_PLACEMENT_3D('',#701,#702,#703);
#701 = CARTESIAN_POINT('',(-1.27,-1.016,0.));
#702 = DIRECTION('',(0.707106781187,0.707106781187,0.));
#703 = DIRECTION('',(0.707106781187,-0.707106781187,0.));
#704 = ADVANCED_FACE('',(#705),#716,.F.);
#705 = FACE_BOUND('',#706,.F.);
#706 = EDGE_LOOP('',(#707,#713,#714,#715));
#707 = ORIENTED_EDGE('',*,*,#708,.T.);
#708 = EDGE_CURVE('',#295,#542,#709,.T.);
#709 = LINE('',#710,#711);
#710 = CARTESIAN_POINT('',(1.27,-1.016,0.));
#711 = VECTOR('',#712,1.);
#712 = DIRECTION('',(0.,0.,1.));
#713 = ORIENTED_EDGE('',*,*,#549,.T.);
#714 = ORIENTED_EDGE('',*,*,#674,.F.);
#715 = ORIENTED_EDGE('',*,*,#302,.F.);
#716 = PLANE('',#717);
#717 = AXIS2_PLACEMENT_3D('',#718,#719,#720);
#718 = CARTESIAN_POINT('',(1.27,-1.016,0.));
#719 = DIRECTION('',(-1.,0.,0.));
#720 = DIRECTION('',(0.,1.,0.));
#721 = ADVANCED_FACE('',(#722),#733,.F.);
#722 = FACE_BOUND('',#723,.F.);
#723 = EDGE_LOOP('',(#724,#725,#726,#732));
#724 = ORIENTED_EDGE('',*,*,#693,.T.);
#725 = ORIENTED_EDGE('',*,*,#437,.T.);
#726 = ORIENTED_EDGE('',*,*,#727,.F.);
#727 = EDGE_CURVE('',#191,#438,#728,.T.);
#728 = LINE('',#729,#730);
#729 = CARTESIAN_POINT('',(-1.27,-1.524,0.));
#730 = VECTOR('',#731,1.);
#731 = DIRECTION('',(0.,0.,1.));
#732 = ORIENTED_EDGE('',*,*,#190,.F.);
#733 = PLANE('',#734);
#734 = AXIS2_PLACEMENT_3D('',#735,#736,#737);
#735 = CARTESIAN_POINT('',(-1.016,-1.27,0.));
#736 = DIRECTION('',(0.707106781187,-0.707106781187,0.));
#737 = DIRECTION('',(-0.707106781187,-0.707106781187,0.));
#738 = ADVANCED_FACE('',(#739),#750,.F.);
#739 = FACE_BOUND('',#740,.F.);
#740 = EDGE_LOOP('',(#741,#747,#748,#749));
#741 = ORIENTED_EDGE('',*,*,#742,.T.);
#742 = EDGE_CURVE('',#287,#534,#743,.T.);
#743 = LINE('',#744,#745);
#744 = CARTESIAN_POINT('',(1.016,-1.27,0.));
#745 = VECTOR('',#746,1.);
#746 = DIRECTION('',(0.,0.,1.));
#747 = ORIENTED_EDGE('',*,*,#541,.T.);
#748 = ORIENTED_EDGE('',*,*,#708,.F.);
#749 = ORIENTED_EDGE('',*,*,#294,.F.);
#750 = PLANE('',#751);
#751 = AXIS2_PLACEMENT_3D('',#752,#753,#754);
#752 = CARTESIAN_POINT('',(1.016,-1.27,0.));
#753 = DIRECTION('',(-0.707106781187,0.707106781187,0.));
#754 = DIRECTION('',(0.707106781187,0.707106781187,0.));
#755 = ADVANCED_FACE('',(#756),#767,.F.);
#756 = FACE_BOUND('',#757,.F.);
#757 = EDGE_LOOP('',(#758,#759,#760,#766));
#758 = ORIENTED_EDGE('',*,*,#727,.T.);
#759 = ORIENTED_EDGE('',*,*,#445,.T.);
#760 = ORIENTED_EDGE('',*,*,#761,.F.);
#761 = EDGE_CURVE('',#199,#446,#762,.T.);
#762 = LINE('',#763,#764);
#763 = CARTESIAN_POINT('',(-1.27,-3.556,0.));
#764 = VECTOR('',#765,1.);
#765 = DIRECTION('',(0.,0.,1.));
#766 = ORIENTED_EDGE('',*,*,#198,.F.);
#767 = PLANE('',#768);
#768 = AXIS2_PLACEMENT_3D('',#769,#770,#771);
#769 = CARTESIAN_POINT('',(-1.27,-1.524,0.));
#770 = DIRECTION('',(1.,0.,0.));
#771 = DIRECTION('',(0.,-1.,0.));
#772 = ADVANCED_FACE('',(#773),#784,.F.);
#773 = FACE_BOUND('',#774,.F.);
#774 = EDGE_LOOP('',(#775,#781,#782,#783));
#775 = ORIENTED_EDGE('',*,*,#776,.T.);
#776 = EDGE_CURVE('',#279,#526,#777,.T.);
#777 = LINE('',#778,#779);
#778 = CARTESIAN_POINT('',(1.27,-1.524,0.));
#779 = VECTOR('',#780,1.);
#780 = DIRECTION('',(0.,0.,1.));
#781 = ORIENTED_EDGE('',*,*,#533,.T.);
#782 = ORIENTED_EDGE('',*,*,#742,.F.);
#783 = ORIENTED_EDGE('',*,*,#286,.F.);
#784 = PLANE('',#785);
#785 = AXIS2_PLACEMENT_3D('',#786,#787,#788);
#786 = CARTESIAN_POINT('',(1.27,-1.524,0.));
#787 = DIRECTION('',(-0.707106781187,-0.707106781187,0.));
#788 = DIRECTION('',(-0.707106781187,0.707106781187,0.));
#789 = ADVANCED_FACE('',(#790),#801,.F.);
#790 = FACE_BOUND('',#791,.F.);
#791 = EDGE_LOOP('',(#792,#793,#794,#800));
#792 = ORIENTED_EDGE('',*,*,#761,.T.);
#793 = ORIENTED_EDGE('',*,*,#453,.T.);
#794 = ORIENTED_EDGE('',*,*,#795,.F.);
#795 = EDGE_CURVE('',#207,#454,#796,.T.);
#796 = LINE('',#797,#798);
#797 = CARTESIAN_POINT('',(-1.016,-3.81,0.));
#798 = VECTOR('',#799,1.);
#799 = DIRECTION('',(0.,0.,1.));
#800 = ORIENTED_EDGE('',*,*,#206,.F.);
#801 = PLANE('',#802);
#802 = AXIS2_PLACEMENT_3D('',#803,#804,#805);
#803 = CARTESIAN_POINT('',(-1.27,-3.556,0.));
#804 = DIRECTION('',(0.707106781187,0.707106781187,0.));
#805 = DIRECTION('',(0.707106781187,-0.707106781187,0.));
#806 = ADVANCED_FACE('',(#807),#818,.F.);
#807 = FACE_BOUND('',#808,.F.);
#808 = EDGE_LOOP('',(#809,#815,#816,#817));
#809 = ORIENTED_EDGE('',*,*,#810,.T.);
#810 = EDGE_CURVE('',#271,#518,#811,.T.);
#811 = LINE('',#812,#813);
#812 = CARTESIAN_POINT('',(1.27,-3.556,0.));
#813 = VECTOR('',#814,1.);
#814 = DIRECTION('',(0.,0.,1.));
#815 = ORIENTED_EDGE('',*,*,#525,.T.);
#816 = ORIENTED_EDGE('',*,*,#776,.F.);
#817 = ORIENTED_EDGE('',*,*,#278,.F.);
#818 = PLANE('',#819);
#819 = AXIS2_PLACEMENT_3D('',#820,#821,#822);
#820 = CARTESIAN_POINT('',(1.27,-3.556,0.));
#821 = DIRECTION('',(-1.,0.,0.));
#822 = DIRECTION('',(0.,1.,0.));
#823 = ADVANCED_FACE('',(#824),#835,.F.);
#824 = FACE_BOUND('',#825,.F.);
#825 = EDGE_LOOP('',(#826,#827,#828,#834));
#826 = ORIENTED_EDGE('',*,*,#795,.T.);
#827 = ORIENTED_EDGE('',*,*,#461,.T.);
#828 = ORIENTED_EDGE('',*,*,#829,.F.);
#829 = EDGE_CURVE('',#215,#462,#830,.T.);
#830 = LINE('',#831,#832);
#831 = CARTESIAN_POINT('',(-1.27,-4.064,0.));
#832 = VECTOR('',#833,1.);
#833 = DIRECTION('',(0.,0.,1.));
#834 = ORIENTED_EDGE('',*,*,#214,.F.);
#835 = PLANE('',#836);
#836 = AXIS2_PLACEMENT_3D('',#837,#838,#839);
#837 = CARTESIAN_POINT('',(-1.016,-3.81,0.));
#838 = DIRECTION('',(0.707106781187,-0.707106781187,0.));
#839 = DIRECTION('',(-0.707106781187,-0.707106781187,0.));
#840 = ADVANCED_FACE('',(#841),#852,.F.);
#841 = FACE_BOUND('',#842,.F.);
#842 = EDGE_LOOP('',(#843,#849,#850,#851));
#843 = ORIENTED_EDGE('',*,*,#844,.T.);
#844 = EDGE_CURVE('',#263,#510,#845,.T.);
#845 = LINE('',#846,#847);
#846 = CARTESIAN_POINT('',(1.016,-3.81,0.));
#847 = VECTOR('',#848,1.);
#848 = DIRECTION('',(0.,0.,1.));
#849 = ORIENTED_EDGE('',*,*,#517,.T.);
#850 = ORIENTED_EDGE('',*,*,#810,.F.);
#851 = ORIENTED_EDGE('',*,*,#270,.F.);
#852 = PLANE('',#853);
#853 = AXIS2_PLACEMENT_3D('',#854,#855,#856);
#854 = CARTESIAN_POINT('',(1.016,-3.81,0.));
#855 = DIRECTION('',(-0.707106781187,0.707106781187,0.));
#856 = DIRECTION('',(0.707106781187,0.707106781187,0.));
#857 = ADVANCED_FACE('',(#858),#869,.F.);
#858 = FACE_BOUND('',#859,.F.);
#859 = EDGE_LOOP('',(#860,#861,#862,#868));
#860 = ORIENTED_EDGE('',*,*,#829,.T.);
#861 = ORIENTED_EDGE('',*,*,#469,.T.);
#862 = ORIENTED_EDGE('',*,*,#863,.F.);
#863 = EDGE_CURVE('',#223,#470,#864,.T.);
#864 = LINE('',#865,#866);
#865 = CARTESIAN_POINT('',(-1.27,-6.096,0.));
#866 = VECTOR('',#867,1.);
#867 = DIRECTION('',(0.,0.,1.));
#868 = ORIENTED_EDGE('',*,*,#222,.F.);
#869 = PLANE('',#870);
#870 = AXIS2_PLACEMENT_3D('',#871,#872,#873);
#871 = CARTESIAN_POINT('',(-1.27,-4.064,0.));
#872 = DIRECTION('',(1.,0.,0.));
#873 = DIRECTION('',(0.,-1.,0.));
#874 = ADVANCED_FACE('',(#875),#886,.F.);
#875 = FACE_BOUND('',#876,.F.);
#876 = EDGE_LOOP('',(#877,#883,#884,#885));
#877 = ORIENTED_EDGE('',*,*,#878,.T.);
#878 = EDGE_CURVE('',#255,#502,#879,.T.);
#879 = LINE('',#880,#881);
#880 = CARTESIAN_POINT('',(1.27,-4.064,0.));
#881 = VECTOR('',#882,1.);
#882 = DIRECTION('',(0.,0.,1.));
#883 = ORIENTED_EDGE('',*,*,#509,.T.);
#884 = ORIENTED_EDGE('',*,*,#844,.F.);
#885 = ORIENTED_EDGE('',*,*,#262,.F.);
#886 = PLANE('',#887);
#887 = AXIS2_PLACEMENT_3D('',#888,#889,#890);
#888 = CARTESIAN_POINT('',(1.27,-4.064,0.));
#889 = DIRECTION('',(-0.707106781187,-0.707106781187,0.));
#890 = DIRECTION('',(-0.707106781187,0.707106781187,0.));
#891 = ADVANCED_FACE('',(#892),#903,.F.);
#892 = FACE_BOUND('',#893,.F.);
#893 = EDGE_LOOP('',(#894,#895,#896,#902));
#894 = ORIENTED_EDGE('',*,*,#863,.T.);
#895 = ORIENTED_EDGE('',*,*,#477,.T.);
#896 = ORIENTED_EDGE('',*,*,#897,.F.);
#897 = EDGE_CURVE('',#231,#478,#898,.T.);
#898 = LINE('',#899,#900);
#899 = CARTESIAN_POINT('',(-1.016,-6.35,0.));
#900 = VECTOR('',#901,1.);
#901 = DIRECTION('',(0.,0.,1.));
#902 = ORIENTED_EDGE('',*,*,#230,.F.);
#903 = PLANE('',#904);
#904 = AXIS2_PLACEMENT_3D('',#905,#906,#907);
#905 = CARTESIAN_POINT('',(-1.27,-6.096,0.));
#906 = DIRECTION('',(0.707106781187,0.707106781187,0.));
#907 = DIRECTION('',(0.707106781187,-0.707106781187,0.));
#908 = ADVANCED_FACE('',(#909),#920,.F.);
#909 = FACE_BOUND('',#910,.F.);
#910 = EDGE_LOOP('',(#911,#917,#918,#919));
#911 = ORIENTED_EDGE('',*,*,#912,.T.);
#912 = EDGE_CURVE('',#247,#494,#913,.T.);
#913 = LINE('',#914,#915);
#914 = CARTESIAN_POINT('',(1.27,-6.096,0.));
#915 = VECTOR('',#916,1.);
#916 = DIRECTION('',(0.,0.,1.));
#917 = ORIENTED_EDGE('',*,*,#501,.T.);
#918 = ORIENTED_EDGE('',*,*,#878,.F.);
#919 = ORIENTED_EDGE('',*,*,#254,.F.);
#920 = PLANE('',#921);
#921 = AXIS2_PLACEMENT_3D('',#922,#923,#924);
#922 = CARTESIAN_POINT('',(1.27,-6.096,0.));
#923 = DIRECTION('',(-1.,0.,0.));
#924 = DIRECTION('',(0.,1.,0.));
#925 = ADVANCED_FACE('',(#926),#937,.F.);
#926 = FACE_BOUND('',#927,.F.);
#927 = EDGE_LOOP('',(#928,#929,#930,#936));
#928 = ORIENTED_EDGE('',*,*,#897,.T.);
#929 = ORIENTED_EDGE('',*,*,#485,.T.);
#930 = ORIENTED_EDGE('',*,*,#931,.F.);
#931 = EDGE_CURVE('',#239,#486,#932,.T.);
#932 = LINE('',#933,#934);
#933 = CARTESIAN_POINT('',(1.016,-6.35,0.));
#934 = VECTOR('',#935,1.);
#935 = DIRECTION('',(0.,0.,1.));
#936 = ORIENTED_EDGE('',*,*,#238,.F.);
#937 = PLANE('',#938);
#938 = AXIS2_PLACEMENT_3D('',#939,#940,#941);
#939 = CARTESIAN_POINT('',(-1.016,-6.35,0.));
#940 = DIRECTION('',(0.,1.,0.));
#941 = DIRECTION('',(1.,0.,0.));
#942 = ADVANCED_FACE('',(#943),#949,.F.);
#943 = FACE_BOUND('',#944,.F.);
#944 = EDGE_LOOP('',(#945,#946,#947,#948));
#945 = ORIENTED_EDGE('',*,*,#931,.T.);
#946 = ORIENTED_EDGE('',*,*,#493,.T.);
#947 = ORIENTED_EDGE('',*,*,#912,.F.);
#948 = ORIENTED_EDGE('',*,*,#246,.F.);
#949 = PLANE('',#950);
#950 = AXIS2_PLACEMENT_3D('',#951,#952,#953);
#951 = CARTESIAN_POINT('',(1.016,-6.35,0.));
#952 = DIRECTION('',(-0.707106781187,0.707106781187,0.));
#953 = DIRECTION('',(0.707106781187,0.707106781187,0.));
#954 = ADVANCED_FACE('',(#955),#980,.T.);
#955 = FACE_BOUND('',#956,.T.);
#956 = EDGE_LOOP('',(#957,#965,#973,#979));
#957 = ORIENTED_EDGE('',*,*,#958,.F.);
#958 = EDGE_CURVE('',#959,#320,#961,.T.);
#959 = VERTEX_POINT('',#960);
#960 = CARTESIAN_POINT('',(0.32,-0.32,-2.84));
#961 = LINE('',#962,#963);
#962 = CARTESIAN_POINT('',(0.32,-0.32,-3.));
#963 = VECTOR('',#964,1.);
#964 = DIRECTION('',(0.,0.,1.));
#965 = ORIENTED_EDGE('',*,*,#966,.T.);
#966 = EDGE_CURVE('',#959,#967,#969,.T.);
#967 = VERTEX_POINT('',#968);
#968 = CARTESIAN_POINT('',(0.32,0.32,-2.84));
#969 = LINE('',#970,#971);
#970 = CARTESIAN_POINT('',(0.32,-0.32,-2.84));
#971 = VECTOR('',#972,1.);
#972 = DIRECTION('',(0.,1.,0.));
#973 = ORIENTED_EDGE('',*,*,#974,.T.);
#974 = EDGE_CURVE('',#967,#322,#975,.T.);
#975 = LINE('',#976,#977);
#976 = CARTESIAN_POINT('',(0.32,0.32,-3.));
#977 = VECTOR('',#978,1.);
#978 = DIRECTION('',(0.,0.,1.));
#979 = ORIENTED_EDGE('',*,*,#319,.F.);
#980 = PLANE('',#981);
#981 = AXIS2_PLACEMENT_3D('',#982,#983,#984);
#982 = CARTESIAN_POINT('',(0.32,-0.32,-3.));
#983 = DIRECTION('',(1.,0.,0.));
#984 = DIRECTION('',(0.,0.,1.));
#985 = ADVANCED_FACE('',(#986),#1004,.T.);
#986 = FACE_BOUND('',#987,.T.);
#987 = EDGE_LOOP('',(#988,#989,#997,#1003));
#988 = ORIENTED_EDGE('',*,*,#974,.F.);
#989 = ORIENTED_EDGE('',*,*,#990,.F.);
#990 = EDGE_CURVE('',#991,#967,#993,.T.);
#991 = VERTEX_POINT('',#992);
#992 = CARTESIAN_POINT('',(-0.32,0.32,-2.84));
#993 = LINE('',#994,#995);
#994 = CARTESIAN_POINT('',(-0.32,0.32,-2.84));
#995 = VECTOR('',#996,1.);
#996 = DIRECTION('',(1.,0.,0.));
#997 = ORIENTED_EDGE('',*,*,#998,.T.);
#998 = EDGE_CURVE('',#991,#338,#999,.T.);
#999 = LINE('',#1000,#1001);
#1000 = CARTESIAN_POINT('',(-0.32,0.32,-3.));
#1001 = VECTOR('',#1002,1.);
#1002 = DIRECTION('',(0.,0.,1.));
#1003 = ORIENTED_EDGE('',*,*,#345,.F.);
#1004 = PLANE('',#1005);
#1005 = AXIS2_PLACEMENT_3D('',#1006,#1007,#1008);
#1006 = CARTESIAN_POINT('',(-0.32,0.32,-3.));
#1007 = DIRECTION('',(0.,1.,0.));
#1008 = DIRECTION('',(0.,-0.,1.));
#1009 = ADVANCED_FACE('',(#1010),#1028,.F.);
#1010 = FACE_BOUND('',#1011,.F.);
#1011 = EDGE_LOOP('',(#1012,#1020,#1026,#1027));
#1012 = ORIENTED_EDGE('',*,*,#1013,.F.);
#1013 = EDGE_CURVE('',#1014,#330,#1016,.T.);
#1014 = VERTEX_POINT('',#1015);
#1015 = CARTESIAN_POINT('',(-0.32,-0.32,-2.84));
#1016 = LINE('',#1017,#1018);
#1017 = CARTESIAN_POINT('',(-0.32,-0.32,-3.));
#1018 = VECTOR('',#1019,1.);
#1019 = DIRECTION('',(0.,0.,1.));
#1020 = ORIENTED_EDGE('',*,*,#1021,.T.);
#1021 = EDGE_CURVE('',#1014,#991,#1022,.T.);
#1022 = LINE('',#1023,#1024);
#1023 = CARTESIAN_POINT('',(-0.32,-0.32,-2.84));
#1024 = VECTOR('',#1025,1.);
#1025 = DIRECTION('',(0.,1.,0.));
#1026 = ORIENTED_EDGE('',*,*,#998,.T.);
#1027 = ORIENTED_EDGE('',*,*,#337,.F.);
#1028 = PLANE('',#1029);
#1029 = AXIS2_PLACEMENT_3D('',#1030,#1031,#1032);
#1030 = CARTESIAN_POINT('',(-0.32,-0.32,-3.));
#1031 = DIRECTION('',(1.,0.,0.));
#1032 = DIRECTION('',(0.,0.,1.));
#1033 = ADVANCED_FACE('',(#1034),#1045,.F.);
#1034 = FACE_BOUND('',#1035,.F.);
#1035 = EDGE_LOOP('',(#1036,#1037,#1043,#1044));
#1036 = ORIENTED_EDGE('',*,*,#958,.F.);
#1037 = ORIENTED_EDGE('',*,*,#1038,.F.);
#1038 = EDGE_CURVE('',#1014,#959,#1039,.T.);
#1039 = LINE('',#1040,#1041);
#1040 = CARTESIAN_POINT('',(-0.32,-0.32,-2.84));
#1041 = VECTOR('',#1042,1.);
#1042 = DIRECTION('',(1.,0.,0.));
#1043 = ORIENTED_EDGE('',*,*,#1013,.T.);
#1044 = ORIENTED_EDGE('',*,*,#329,.F.);
#1045 = PLANE('',#1046);
#1046 = AXIS2_PLACEMENT_3D('',#1047,#1048,#1049);
#1047 = CARTESIAN_POINT('',(-0.32,-0.32,-3.));
#1048 = DIRECTION('',(0.,1.,0.));
#1049 = DIRECTION('',(0.,-0.,1.));
#1050 = ADVANCED_FACE('',(#1051),#1076,.F.);
#1051 = FACE_BOUND('',#1052,.F.);
#1052 = EDGE_LOOP('',(#1053,#1061,#1069,#1075));
#1053 = ORIENTED_EDGE('',*,*,#1054,.F.);
#1054 = EDGE_CURVE('',#1055,#354,#1057,.T.);
#1055 = VERTEX_POINT('',#1056);
#1056 = CARTESIAN_POINT('',(0.32,-2.86,-2.84));
#1057 = LINE('',#1058,#1059);
#1058 = CARTESIAN_POINT('',(0.32,-2.86,-3.));
#1059 = VECTOR('',#1060,1.);
#1060 = DIRECTION('',(0.,0.,1.));
#1061 = ORIENTED_EDGE('',*,*,#1062,.F.);
#1062 = EDGE_CURVE('',#1063,#1055,#1065,.T.);
#1063 = VERTEX_POINT('',#1064);
#1064 = CARTESIAN_POINT('',(-0.32,-2.86,-2.84));
#1065 = LINE('',#1066,#1067);
#1066 = CARTESIAN_POINT('',(-0.32,-2.86,-2.84));
#1067 = VECTOR('',#1068,1.);
#1068 = DIRECTION('',(1.,0.,0.));
#1069 = ORIENTED_EDGE('',*,*,#1070,.T.);
#1070 = EDGE_CURVE('',#1063,#356,#1071,.T.);
#1071 = LINE('',#1072,#1073);
#1072 = CARTESIAN_POINT('',(-0.32,-2.86,-3.));
#1073 = VECTOR('',#1074,1.);
#1074 = DIRECTION('',(0.,0.,1.));
#1075 = ORIENTED_EDGE('',*,*,#353,.F.);
#1076 = PLANE('',#1077);
#1077 = AXIS2_PLACEMENT_3D('',#1078,#1079,#1080);
#1078 = CARTESIAN_POINT('',(-0.32,-2.86,-3.));
#1079 = DIRECTION('',(0.,1.,0.));
#1080 = DIRECTION('',(0.,-0.,1.));
#1081 = ADVANCED_FACE('',(#1082),#1100,.T.);
#1082 = FACE_BOUND('',#1083,.T.);
#1083 = EDGE_LOOP('',(#1084,#1085,#1093,#1099));
#1084 = ORIENTED_EDGE('',*,*,#1054,.F.);
#1085 = ORIENTED_EDGE('',*,*,#1086,.T.);
#1086 = EDGE_CURVE('',#1055,#1087,#1089,.T.);
#1087 = VERTEX_POINT('',#1088);
#1088 = CARTESIAN_POINT('',(0.32,-2.22,-2.84));
#1089 = LINE('',#1090,#1091);
#1090 = CARTESIAN_POINT('',(0.32,-2.86,-2.84));
#1091 = VECTOR('',#1092,1.);
#1092 = DIRECTION('',(0.,1.,0.));
#1093 = ORIENTED_EDGE('',*,*,#1094,.T.);
#1094 = EDGE_CURVE('',#1087,#372,#1095,.T.);
#1095 = LINE('',#1096,#1097);
#1096 = CARTESIAN_POINT('',(0.32,-2.22,-3.));
#1097 = VECTOR('',#1098,1.);
#1098 = DIRECTION('',(0.,0.,1.));
#1099 = ORIENTED_EDGE('',*,*,#379,.F.);
#1100 = PLANE('',#1101);
#1101 = AXIS2_PLACEMENT_3D('',#1102,#1103,#1104);
#1102 = CARTESIAN_POINT('',(0.32,-2.86,-3.));
#1103 = DIRECTION('',(1.,0.,0.));
#1104 = DIRECTION('',(0.,0.,1.));
#1105 = ADVANCED_FACE('',(#1106),#1124,.T.);
#1106 = FACE_BOUND('',#1107,.T.);
#1107 = EDGE_LOOP('',(#1108,#1109,#1117,#1123));
#1108 = ORIENTED_EDGE('',*,*,#1094,.F.);
#1109 = ORIENTED_EDGE('',*,*,#1110,.F.);
#1110 = EDGE_CURVE('',#1111,#1087,#1113,.T.);
#1111 = VERTEX_POINT('',#1112);
#1112 = CARTESIAN_POINT('',(-0.32,-2.22,-2.84));
#1113 = LINE('',#1114,#1115);
#1114 = CARTESIAN_POINT('',(-0.32,-2.22,-2.84));
#1115 = VECTOR('',#1116,1.);
#1116 = DIRECTION('',(1.,0.,0.));
#1117 = ORIENTED_EDGE('',*,*,#1118,.T.);
#1118 = EDGE_CURVE('',#1111,#364,#1119,.T.);
#1119 = LINE('',#1120,#1121);
#1120 = CARTESIAN_POINT('',(-0.32,-2.22,-3.));
#1121 = VECTOR('',#1122,1.);
#1122 = DIRECTION('',(0.,0.,1.));
#1123 = ORIENTED_EDGE('',*,*,#371,.F.);
#1124 = PLANE('',#1125);
#1125 = AXIS2_PLACEMENT_3D('',#1126,#1127,#1128);
#1126 = CARTESIAN_POINT('',(-0.32,-2.22,-3.));
#1127 = DIRECTION('',(0.,1.,0.));
#1128 = DIRECTION('',(0.,-0.,1.));
#1129 = ADVANCED_FACE('',(#1130),#1141,.F.);
#1130 = FACE_BOUND('',#1131,.F.);
#1131 = EDGE_LOOP('',(#1132,#1133,#1139,#1140));
#1132 = ORIENTED_EDGE('',*,*,#1070,.F.);
#1133 = ORIENTED_EDGE('',*,*,#1134,.T.);
#1134 = EDGE_CURVE('',#1063,#1111,#1135,.T.);
#1135 = LINE('',#1136,#1137);
#1136 = CARTESIAN_POINT('',(-0.32,-2.86,-2.84));
#1137 = VECTOR('',#1138,1.);
#1138 = DIRECTION('',(0.,1.,0.));
#1139 = ORIENTED_EDGE('',*,*,#1118,.T.);
#1140 = ORIENTED_EDGE('',*,*,#363,.F.);
#1141 = PLANE('',#1142);
#1142 = AXIS2_PLACEMENT_3D('',#1143,#1144,#1145);
#1143 = CARTESIAN_POINT('',(-0.32,-2.86,-3.));
#1144 = DIRECTION('',(1.,0.,0.));
#1145 = DIRECTION('',(0.,0.,1.));
#1146 = ADVANCED_FACE('',(#1147),#1172,.T.);
#1147 = FACE_BOUND('',#1148,.T.);
#1148 = EDGE_LOOP('',(#1149,#1157,#1165,#1171));
#1149 = ORIENTED_EDGE('',*,*,#1150,.F.);
#1150 = EDGE_CURVE('',#1151,#388,#1153,.T.);
#1151 = VERTEX_POINT('',#1152);
#1152 = CARTESIAN_POINT('',(0.32,-4.76,-2.84));
#1153 = LINE('',#1154,#1155);
#1154 = CARTESIAN_POINT('',(0.32,-4.76,-3.));
#1155 = VECTOR('',#1156,1.);
#1156 = DIRECTION('',(0.,0.,1.));
#1157 = ORIENTED_EDGE('',*,*,#1158,.F.);
#1158 = EDGE_CURVE('',#1159,#1151,#1161,.T.);
#1159 = VERTEX_POINT('',#1160);
#1160 = CARTESIAN_POINT('',(-0.32,-4.76,-2.84));
#1161 = LINE('',#1162,#1163);
#1162 = CARTESIAN_POINT('',(-0.32,-4.76,-2.84));
#1163 = VECTOR('',#1164,1.);
#1164 = DIRECTION('',(1.,0.,0.));
#1165 = ORIENTED_EDGE('',*,*,#1166,.T.);
#1166 = EDGE_CURVE('',#1159,#390,#1167,.T.);
#1167 = LINE('',#1168,#1169);
#1168 = CARTESIAN_POINT('',(-0.32,-4.76,-3.));
#1169 = VECTOR('',#1170,1.);
#1170 = DIRECTION('',(0.,0.,1.));
#1171 = ORIENTED_EDGE('',*,*,#387,.F.);
#1172 = PLANE('',#1173);
#1173 = AXIS2_PLACEMENT_3D('',#1174,#1175,#1176);
#1174 = CARTESIAN_POINT('',(-0.32,-4.76,-3.));
#1175 = DIRECTION('',(0.,1.,0.));
#1176 = DIRECTION('',(0.,-0.,1.));
#1177 = ADVANCED_FACE('',(#1178),#1196,.F.);
#1178 = FACE_BOUND('',#1179,.F.);
#1179 = EDGE_LOOP('',(#1180,#1188,#1194,#1195));
#1180 = ORIENTED_EDGE('',*,*,#1181,.F.);
#1181 = EDGE_CURVE('',#1182,#406,#1184,.T.);
#1182 = VERTEX_POINT('',#1183);
#1183 = CARTESIAN_POINT('',(-0.32,-5.4,-2.84));
#1184 = LINE('',#1185,#1186);
#1185 = CARTESIAN_POINT('',(-0.32,-5.4,-3.));
#1186 = VECTOR('',#1187,1.);
#1187 = DIRECTION('',(0.,0.,1.));
#1188 = ORIENTED_EDGE('',*,*,#1189,.T.);
#1189 = EDGE_CURVE('',#1182,#1159,#1190,.T.);
#1190 = LINE('',#1191,#1192);
#1191 = CARTESIAN_POINT('',(-0.32,-5.4,-2.84));
#1192 = VECTOR('',#1193,1.);
#1193 = DIRECTION('',(0.,1.,0.));
#1194 = ORIENTED_EDGE('',*,*,#1166,.T.);
#1195 = ORIENTED_EDGE('',*,*,#413,.F.);
#1196 = PLANE('',#1197);
#1197 = AXIS2_PLACEMENT_3D('',#1198,#1199,#1200);
#1198 = CARTESIAN_POINT('',(-0.32,-5.4,-3.));
#1199 = DIRECTION('',(1.,0.,0.));
#1200 = DIRECTION('',(0.,0.,1.));
#1201 = ADVANCED_FACE('',(#1202),#1220,.F.);
#1202 = FACE_BOUND('',#1203,.F.);
#1203 = EDGE_LOOP('',(#1204,#1212,#1218,#1219));
#1204 = ORIENTED_EDGE('',*,*,#1205,.F.);
#1205 = EDGE_CURVE('',#1206,#398,#1208,.T.);
#1206 = VERTEX_POINT('',#1207);
#1207 = CARTESIAN_POINT('',(0.32,-5.4,-2.84));
#1208 = LINE('',#1209,#1210);
#1209 = CARTESIAN_POINT('',(0.32,-5.4,-3.));
#1210 = VECTOR('',#1211,1.);
#1211 = DIRECTION('',(0.,0.,1.));
#1212 = ORIENTED_EDGE('',*,*,#1213,.F.);
#1213 = EDGE_CURVE('',#1182,#1206,#1214,.T.);
#1214 = LINE('',#1215,#1216);
#1215 = CARTESIAN_POINT('',(-0.32,-5.4,-2.84));
#1216 = VECTOR('',#1217,1.);
#1217 = DIRECTION('',(1.,0.,0.));
#1218 = ORIENTED_EDGE('',*,*,#1181,.T.);
#1219 = ORIENTED_EDGE('',*,*,#405,.F.);
#1220 = PLANE('',#1221);
#1221 = AXIS2_PLACEMENT_3D('',#1222,#1223,#1224);
#1222 = CARTESIAN_POINT('',(-0.32,-5.4,-3.));
#1223 = DIRECTION('',(0.,1.,0.));
#1224 = DIRECTION('',(0.,-0.,1.));
#1225 = ADVANCED_FACE('',(#1226),#1237,.T.);
#1226 = FACE_BOUND('',#1227,.T.);
#1227 = EDGE_LOOP('',(#1228,#1229,#1235,#1236));
#1228 = ORIENTED_EDGE('',*,*,#1205,.F.);
#1229 = ORIENTED_EDGE('',*,*,#1230,.T.);
#1230 = EDGE_CURVE('',#1206,#1151,#1231,.T.);
#1231 = LINE('',#1232,#1233);
#1232 = CARTESIAN_POINT('',(0.32,-5.4,-2.84));
#1233 = VECTOR('',#1234,1.);
#1234 = DIRECTION('',(0.,1.,0.));
#1235 = ORIENTED_EDGE('',*,*,#1150,.T.);
#1236 = ORIENTED_EDGE('',*,*,#397,.F.);
#1237 = PLANE('',#1238);
#1238 = AXIS2_PLACEMENT_3D('',#1239,#1240,#1241);
#1239 = CARTESIAN_POINT('',(0.32,-5.4,-3.));
#1240 = DIRECTION('',(1.,0.,0.));
#1241 = DIRECTION('',(0.,0.,1.));
#1242 = ADVANCED_FACE('',(#1243),#1268,.T.);
#1243 = FACE_BOUND('',#1244,.T.);
#1244 = EDGE_LOOP('',(#1245,#1253,#1254,#1262));
#1245 = ORIENTED_EDGE('',*,*,#1246,.F.);
#1246 = EDGE_CURVE('',#567,#1247,#1249,.T.);
#1247 = VERTEX_POINT('',#1248);
#1248 = CARTESIAN_POINT('',(0.32,-0.32,8.38));
#1249 = LINE('',#1250,#1251);
#1250 = CARTESIAN_POINT('',(0.32,-0.32,-3.));
#1251 = VECTOR('',#1252,1.);
#1252 = DIRECTION('',(0.,0.,1.));
#1253 = ORIENTED_EDGE('',*,*,#566,.T.);
#1254 = ORIENTED_EDGE('',*,*,#1255,.T.);
#1255 = EDGE_CURVE('',#569,#1256,#1258,.T.);
#1256 = VERTEX_POINT('',#1257);
#1257 = CARTESIAN_POINT('',(0.32,0.32,8.38));
#1258 = LINE('',#1259,#1260);
#1259 = CARTESIAN_POINT('',(0.32,0.32,-3.));
#1260 = VECTOR('',#1261,1.);
#1261 = DIRECTION('',(0.,0.,1.));
#1262 = ORIENTED_EDGE('',*,*,#1263,.F.);
#1263 = EDGE_CURVE('',#1247,#1256,#1264,.T.);
#1264 = LINE('',#1265,#1266);
#1265 = CARTESIAN_POINT('',(0.32,-0.32,8.38));
#1266 = VECTOR('',#1267,1.);
#1267 = DIRECTION('',(0.,1.,0.));
#1268 = PLANE('',#1269);
#1269 = AXIS2_PLACEMENT_3D('',#1270,#1271,#1272);
#1270 = CARTESIAN_POINT('',(0.32,-0.32,-3.));
#1271 = DIRECTION('',(1.,0.,0.));
#1272 = DIRECTION('',(0.,0.,1.));
#1273 = ADVANCED_FACE('',(#1274),#1292,.T.);
#1274 = FACE_BOUND('',#1275,.T.);
#1275 = EDGE_LOOP('',(#1276,#1277,#1278,#1286));
#1276 = ORIENTED_EDGE('',*,*,#1255,.F.);
#1277 = ORIENTED_EDGE('',*,*,#592,.T.);
#1278 = ORIENTED_EDGE('',*,*,#1279,.T.);
#1279 = EDGE_CURVE('',#585,#1280,#1282,.T.);
#1280 = VERTEX_POINT('',#1281);
#1281 = CARTESIAN_POINT('',(-0.32,0.32,8.38));
#1282 = LINE('',#1283,#1284);
#1283 = CARTESIAN_POINT('',(-0.32,0.32,-3.));
#1284 = VECTOR('',#1285,1.);
#1285 = DIRECTION('',(0.,0.,1.));
#1286 = ORIENTED_EDGE('',*,*,#1287,.T.);
#1287 = EDGE_CURVE('',#1280,#1256,#1288,.T.);
#1288 = LINE('',#1289,#1290);
#1289 = CARTESIAN_POINT('',(-0.32,0.32,8.38));
#1290 = VECTOR('',#1291,1.);
#1291 = DIRECTION('',(1.,0.,0.));
#1292 = PLANE('',#1293);
#1293 = AXIS2_PLACEMENT_3D('',#1294,#1295,#1296);
#1294 = CARTESIAN_POINT('',(-0.32,0.32,-3.));
#1295 = DIRECTION('',(0.,1.,0.));
#1296 = DIRECTION('',(0.,-0.,1.));
#1297 = ADVANCED_FACE('',(#1298),#1316,.F.);
#1298 = FACE_BOUND('',#1299,.F.);
#1299 = EDGE_LOOP('',(#1300,#1308,#1309,#1310));
#1300 = ORIENTED_EDGE('',*,*,#1301,.F.);
#1301 = EDGE_CURVE('',#577,#1302,#1304,.T.);
#1302 = VERTEX_POINT('',#1303);
#1303 = CARTESIAN_POINT('',(-0.32,-0.32,8.38));
#1304 = LINE('',#1305,#1306);
#1305 = CARTESIAN_POINT('',(-0.32,-0.32,-3.));
#1306 = VECTOR('',#1307,1.);
#1307 = DIRECTION('',(0.,0.,1.));
#1308 = ORIENTED_EDGE('',*,*,#584,.T.);
#1309 = ORIENTED_EDGE('',*,*,#1279,.T.);
#1310 = ORIENTED_EDGE('',*,*,#1311,.F.);
#1311 = EDGE_CURVE('',#1302,#1280,#1312,.T.);
#1312 = LINE('',#1313,#1314);
#1313 = CARTESIAN_POINT('',(-0.32,-0.32,8.38));
#1314 = VECTOR('',#1315,1.);
#1315 = DIRECTION('',(0.,1.,0.));
#1316 = PLANE('',#1317);
#1317 = AXIS2_PLACEMENT_3D('',#1318,#1319,#1320);
#1318 = CARTESIAN_POINT('',(-0.32,-0.32,-3.));
#1319 = DIRECTION('',(1.,0.,0.));
#1320 = DIRECTION('',(0.,0.,1.));
#1321 = ADVANCED_FACE('',(#1322),#1333,.F.);
#1322 = FACE_BOUND('',#1323,.F.);
#1323 = EDGE_LOOP('',(#1324,#1325,#1326,#1327));
#1324 = ORIENTED_EDGE('',*,*,#1246,.F.);
#1325 = ORIENTED_EDGE('',*,*,#576,.T.);
#1326 = ORIENTED_EDGE('',*,*,#1301,.T.);
#1327 = ORIENTED_EDGE('',*,*,#1328,.T.);
#1328 = EDGE_CURVE('',#1302,#1247,#1329,.T.);
#1329 = LINE('',#1330,#1331);
#1330 = CARTESIAN_POINT('',(-0.32,-0.32,8.38));
#1331 = VECTOR('',#1332,1.);
#1332 = DIRECTION('',(1.,0.,0.));
#1333 = PLANE('',#1334);
#1334 = AXIS2_PLACEMENT_3D('',#1335,#1336,#1337);
#1335 = CARTESIAN_POINT('',(-0.32,-0.32,-3.));
#1336 = DIRECTION('',(0.,1.,0.));
#1337 = DIRECTION('',(0.,-0.,1.));
#1338 = ADVANCED_FACE('',(#1339),#1364,.F.);
#1339 = FACE_BOUND('',#1340,.F.);
#1340 = EDGE_LOOP('',(#1341,#1349,#1350,#1358));
#1341 = ORIENTED_EDGE('',*,*,#1342,.F.);
#1342 = EDGE_CURVE('',#601,#1343,#1345,.T.);
#1343 = VERTEX_POINT('',#1344);
#1344 = CARTESIAN_POINT('',(0.32,-2.86,8.38));
#1345 = LINE('',#1346,#1347);
#1346 = CARTESIAN_POINT('',(0.32,-2.86,-3.));
#1347 = VECTOR('',#1348,1.);
#1348 = DIRECTION('',(0.,0.,1.));
#1349 = ORIENTED_EDGE('',*,*,#600,.T.);
#1350 = ORIENTED_EDGE('',*,*,#1351,.T.);
#1351 = EDGE_CURVE('',#603,#1352,#1354,.T.);
#1352 = VERTEX_POINT('',#1353);
#1353 = CARTESIAN_POINT('',(-0.32,-2.86,8.38));
#1354 = LINE('',#1355,#1356);
#1355 = CARTESIAN_POINT('',(-0.32,-2.86,-3.));
#1356 = VECTOR('',#1357,1.);
#1357 = DIRECTION('',(0.,0.,1.));
#1358 = ORIENTED_EDGE('',*,*,#1359,.T.);
#1359 = EDGE_CURVE('',#1352,#1343,#1360,.T.);
#1360 = LINE('',#1361,#1362);
#1361 = CARTESIAN_POINT('',(-0.32,-2.86,8.38));
#1362 = VECTOR('',#1363,1.);
#1363 = DIRECTION('',(1.,0.,0.));
#1364 = PLANE('',#1365);
#1365 = AXIS2_PLACEMENT_3D('',#1366,#1367,#1368);
#1366 = CARTESIAN_POINT('',(-0.32,-2.86,-3.));
#1367 = DIRECTION('',(0.,1.,0.));
#1368 = DIRECTION('',(0.,-0.,1.));
#1369 = ADVANCED_FACE('',(#1370),#1388,.T.);
#1370 = FACE_BOUND('',#1371,.T.);
#1371 = EDGE_LOOP('',(#1372,#1373,#1374,#1382));
#1372 = ORIENTED_EDGE('',*,*,#1342,.F.);
#1373 = ORIENTED_EDGE('',*,*,#626,.T.);
#1374 = ORIENTED_EDGE('',*,*,#1375,.T.);
#1375 = EDGE_CURVE('',#619,#1376,#1378,.T.);
#1376 = VERTEX_POINT('',#1377);
#1377 = CARTESIAN_POINT('',(0.32,-2.22,8.38));
#1378 = LINE('',#1379,#1380);
#1379 = CARTESIAN_POINT('',(0.32,-2.22,-3.));
#1380 = VECTOR('',#1381,1.);
#1381 = DIRECTION('',(0.,0.,1.));
#1382 = ORIENTED_EDGE('',*,*,#1383,.F.);
#1383 = EDGE_CURVE('',#1343,#1376,#1384,.T.);
#1384 = LINE('',#1385,#1386);
#1385 = CARTESIAN_POINT('',(0.32,-2.86,8.38));
#1386 = VECTOR('',#1387,1.);
#1387 = DIRECTION('',(0.,1.,0.));
#1388 = PLANE('',#1389);
#1389 = AXIS2_PLACEMENT_3D('',#1390,#1391,#1392);
#1390 = CARTESIAN_POINT('',(0.32,-2.86,-3.));
#1391 = DIRECTION('',(1.,0.,0.));
#1392 = DIRECTION('',(0.,0.,1.));
#1393 = ADVANCED_FACE('',(#1394),#1412,.T.);
#1394 = FACE_BOUND('',#1395,.T.);
#1395 = EDGE_LOOP('',(#1396,#1397,#1398,#1406));
#1396 = ORIENTED_EDGE('',*,*,#1375,.F.);
#1397 = ORIENTED_EDGE('',*,*,#618,.T.);
#1398 = ORIENTED_EDGE('',*,*,#1399,.T.);
#1399 = EDGE_CURVE('',#611,#1400,#1402,.T.);
#1400 = VERTEX_POINT('',#1401);
#1401 = CARTESIAN_POINT('',(-0.32,-2.22,8.38));
#1402 = LINE('',#1403,#1404);
#1403 = CARTESIAN_POINT('',(-0.32,-2.22,-3.));
#1404 = VECTOR('',#1405,1.);
#1405 = DIRECTION('',(0.,0.,1.));
#1406 = ORIENTED_EDGE('',*,*,#1407,.T.);
#1407 = EDGE_CURVE('',#1400,#1376,#1408,.T.);
#1408 = LINE('',#1409,#1410);
#1409 = CARTESIAN_POINT('',(-0.32,-2.22,8.38));
#1410 = VECTOR('',#1411,1.);
#1411 = DIRECTION('',(1.,0.,0.));
#1412 = PLANE('',#1413);
#1413 = AXIS2_PLACEMENT_3D('',#1414,#1415,#1416);
#1414 = CARTESIAN_POINT('',(-0.32,-2.22,-3.));
#1415 = DIRECTION('',(0.,1.,0.));
#1416 = DIRECTION('',(0.,-0.,1.));
#1417 = ADVANCED_FACE('',(#1418),#1429,.F.);
#1418 = FACE_BOUND('',#1419,.F.);
#1419 = EDGE_LOOP('',(#1420,#1421,#1422,#1423));
#1420 = ORIENTED_EDGE('',*,*,#1351,.F.);
#1421 = ORIENTED_EDGE('',*,*,#610,.T.);
#1422 = ORIENTED_EDGE('',*,*,#1399,.T.);
#1423 = ORIENTED_EDGE('',*,*,#1424,.F.);
#1424 = EDGE_CURVE('',#1352,#1400,#1425,.T.);
#1425 = LINE('',#1426,#1427);
#1426 = CARTESIAN_POINT('',(-0.32,-2.86,8.38));
#1427 = VECTOR('',#1428,1.);
#1428 = DIRECTION('',(0.,1.,0.));
#1429 = PLANE('',#1430);
#1430 = AXIS2_PLACEMENT_3D('',#1431,#1432,#1433);
#1431 = CARTESIAN_POINT('',(-0.32,-2.86,-3.));
#1432 = DIRECTION('',(1.,0.,0.));
#1433 = DIRECTION('',(0.,0.,1.));
#1434 = ADVANCED_FACE('',(#1435),#1460,.T.);
#1435 = FACE_BOUND('',#1436,.T.);
#1436 = EDGE_LOOP('',(#1437,#1445,#1446,#1454));
#1437 = ORIENTED_EDGE('',*,*,#1438,.F.);
#1438 = EDGE_CURVE('',#635,#1439,#1441,.T.);
#1439 = VERTEX_POINT('',#1440);
#1440 = CARTESIAN_POINT('',(0.32,-4.76,8.38));
#1441 = LINE('',#1442,#1443);
#1442 = CARTESIAN_POINT('',(0.32,-4.76,-3.));
#1443 = VECTOR('',#1444,1.);
#1444 = DIRECTION('',(0.,0.,1.));
#1445 = ORIENTED_EDGE('',*,*,#634,.T.);
#1446 = ORIENTED_EDGE('',*,*,#1447,.T.);
#1447 = EDGE_CURVE('',#637,#1448,#1450,.T.);
#1448 = VERTEX_POINT('',#1449);
#1449 = CARTESIAN_POINT('',(-0.32,-4.76,8.38));
#1450 = LINE('',#1451,#1452);
#1451 = CARTESIAN_POINT('',(-0.32,-4.76,-3.));
#1452 = VECTOR('',#1453,1.);
#1453 = DIRECTION('',(0.,0.,1.));
#1454 = ORIENTED_EDGE('',*,*,#1455,.T.);
#1455 = EDGE_CURVE('',#1448,#1439,#1456,.T.);
#1456 = LINE('',#1457,#1458);
#1457 = CARTESIAN_POINT('',(-0.32,-4.76,8.38));
#1458 = VECTOR('',#1459,1.);
#1459 = DIRECTION('',(1.,0.,0.));
#1460 = PLANE('',#1461);
#1461 = AXIS2_PLACEMENT_3D('',#1462,#1463,#1464);
#1462 = CARTESIAN_POINT('',(-0.32,-4.76,-3.));
#1463 = DIRECTION('',(0.,1.,0.));
#1464 = DIRECTION('',(0.,-0.,1.));
#1465 = ADVANCED_FACE('',(#1466),#1484,.F.);
#1466 = FACE_BOUND('',#1467,.F.);
#1467 = EDGE_LOOP('',(#1468,#1476,#1477,#1478));
#1468 = ORIENTED_EDGE('',*,*,#1469,.F.);
#1469 = EDGE_CURVE('',#653,#1470,#1472,.T.);
#1470 = VERTEX_POINT('',#1471);
#1471 = CARTESIAN_POINT('',(-0.32,-5.4,8.38));
#1472 = LINE('',#1473,#1474);
#1473 = CARTESIAN_POINT('',(-0.32,-5.4,-3.));
#1474 = VECTOR('',#1475,1.);
#1475 = DIRECTION('',(0.,0.,1.));
#1476 = ORIENTED_EDGE('',*,*,#660,.T.);
#1477 = ORIENTED_EDGE('',*,*,#1447,.T.);
#1478 = ORIENTED_EDGE('',*,*,#1479,.F.);
#1479 = EDGE_CURVE('',#1470,#1448,#1480,.T.);
#1480 = LINE('',#1481,#1482);
#1481 = CARTESIAN_POINT('',(-0.32,-5.4,8.38));
#1482 = VECTOR('',#1483,1.);
#1483 = DIRECTION('',(0.,1.,0.));
#1484 = PLANE('',#1485);
#1485 = AXIS2_PLACEMENT_3D('',#1486,#1487,#1488);
#1486 = CARTESIAN_POINT('',(-0.32,-5.4,-3.));
#1487 = DIRECTION('',(1.,0.,0.));
#1488 = DIRECTION('',(0.,0.,1.));
#1489 = ADVANCED_FACE('',(#1490),#1508,.F.);
#1490 = FACE_BOUND('',#1491,.F.);
#1491 = EDGE_LOOP('',(#1492,#1500,#1501,#1502));
#1492 = ORIENTED_EDGE('',*,*,#1493,.F.);
#1493 = EDGE_CURVE('',#645,#1494,#1496,.T.);
#1494 = VERTEX_POINT('',#1495);
#1495 = CARTESIAN_POINT('',(0.32,-5.4,8.38));
#1496 = LINE('',#1497,#1498);
#1497 = CARTESIAN_POINT('',(0.32,-5.4,-3.));
#1498 = VECTOR('',#1499,1.);
#1499 = DIRECTION('',(0.,0.,1.));
#1500 = ORIENTED_EDGE('',*,*,#652,.T.);
#1501 = ORIENTED_EDGE('',*,*,#1469,.T.);
#1502 = ORIENTED_EDGE('',*,*,#1503,.T.);
#1503 = EDGE_CURVE('',#1470,#1494,#1504,.T.);
#1504 = LINE('',#1505,#1506);
#1505 = CARTESIAN_POINT('',(-0.32,-5.4,8.38));
#1506 = VECTOR('',#1507,1.);
#1507 = DIRECTION('',(1.,0.,0.));
#1508 = PLANE('',#1509);
#1509 = AXIS2_PLACEMENT_3D('',#1510,#1511,#1512);
#1510 = CARTESIAN_POINT('',(-0.32,-5.4,-3.));
#1511 = DIRECTION('',(0.,1.,0.));
#1512 = DIRECTION('',(0.,-0.,1.));
#1513 = ADVANCED_FACE('',(#1514),#1525,.T.);
#1514 = FACE_BOUND('',#1515,.T.);
#1515 = EDGE_LOOP('',(#1516,#1517,#1518,#1519));
#1516 = ORIENTED_EDGE('',*,*,#1493,.F.);
#1517 = ORIENTED_EDGE('',*,*,#644,.T.);
#1518 = ORIENTED_EDGE('',*,*,#1438,.T.);
#1519 = ORIENTED_EDGE('',*,*,#1520,.F.);
#1520 = EDGE_CURVE('',#1494,#1439,#1521,.T.);
#1521 = LINE('',#1522,#1523);
#1522 = CARTESIAN_POINT('',(0.32,-5.4,8.38));
#1523 = VECTOR('',#1524,1.);
#1524 = DIRECTION('',(0.,1.,0.));
#1525 = PLANE('',#1526);
#1526 = AXIS2_PLACEMENT_3D('',#1527,#1528,#1529);
#1527 = CARTESIAN_POINT('',(0.32,-5.4,-3.));
#1528 = DIRECTION('',(1.,0.,0.));
#1529 = DIRECTION('',(0.,0.,1.));
#1530 = ADVANCED_FACE('',(#1531),#1556,.F.);
#1531 = FACE_BOUND('',#1532,.F.);
#1532 = EDGE_LOOP('',(#1533,#1541,#1542,#1550));
#1533 = ORIENTED_EDGE('',*,*,#1534,.F.);
#1534 = EDGE_CURVE('',#959,#1535,#1537,.T.);
#1535 = VERTEX_POINT('',#1536);
#1536 = CARTESIAN_POINT('',(0.16,-0.16,-3.));
#1537 = LINE('',#1538,#1539);
#1538 = CARTESIAN_POINT('',(0.16,-0.16,-3.));
#1539 = VECTOR('',#1540,1.);
#1540 = DIRECTION('',(-0.57735026919,0.57735026919,-0.57735026919));
#1541 = ORIENTED_EDGE('',*,*,#966,.T.);
#1542 = ORIENTED_EDGE('',*,*,#1543,.T.);
#1543 = EDGE_CURVE('',#967,#1544,#1546,.T.);
#1544 = VERTEX_POINT('',#1545);
#1545 = CARTESIAN_POINT('',(0.16,0.16,-3.));
#1546 = LINE('',#1547,#1548);
#1547 = CARTESIAN_POINT('',(5.333333333333E-02,5.333333333333E-02,
    -3.106666666667));
#1548 = VECTOR('',#1549,1.);
#1549 = DIRECTION('',(-0.57735026919,-0.57735026919,-0.57735026919));
#1550 = ORIENTED_EDGE('',*,*,#1551,.F.);
#1551 = EDGE_CURVE('',#1535,#1544,#1552,.T.);
#1552 = LINE('',#1553,#1554);
#1553 = CARTESIAN_POINT('',(0.16,-0.32,-3.));
#1554 = VECTOR('',#1555,1.);
#1555 = DIRECTION('',(0.,1.,0.));
#1556 = PLANE('',#1557);
#1557 = AXIS2_PLACEMENT_3D('',#1558,#1559,#1560);
#1558 = CARTESIAN_POINT('',(0.24,-0.32,-2.92));
#1559 = DIRECTION('',(-0.707106781187,0.,0.707106781187));
#1560 = DIRECTION('',(0.,1.,-0.));
#1561 = ADVANCED_FACE('',(#1562),#1580,.F.);
#1562 = FACE_BOUND('',#1563,.T.);
#1563 = EDGE_LOOP('',(#1564,#1572,#1573,#1574));
#1564 = ORIENTED_EDGE('',*,*,#1565,.F.);
#1565 = EDGE_CURVE('',#991,#1566,#1568,.T.);
#1566 = VERTEX_POINT('',#1567);
#1567 = CARTESIAN_POINT('',(-0.16,0.16,-3.));
#1568 = LINE('',#1569,#1570);
#1569 = CARTESIAN_POINT('',(-0.16,0.16,-3.));
#1570 = VECTOR('',#1571,1.);
#1571 = DIRECTION('',(0.57735026919,-0.57735026919,-0.57735026919));
#1572 = ORIENTED_EDGE('',*,*,#990,.T.);
#1573 = ORIENTED_EDGE('',*,*,#1543,.T.);
#1574 = ORIENTED_EDGE('',*,*,#1575,.F.);
#1575 = EDGE_CURVE('',#1566,#1544,#1576,.T.);
#1576 = LINE('',#1577,#1578);
#1577 = CARTESIAN_POINT('',(-0.32,0.16,-3.));
#1578 = VECTOR('',#1579,1.);
#1579 = DIRECTION('',(1.,0.,0.));
#1580 = PLANE('',#1581);
#1581 = AXIS2_PLACEMENT_3D('',#1582,#1583,#1584);
#1582 = CARTESIAN_POINT('',(-0.32,0.24,-2.92));
#1583 = DIRECTION('',(-0.,-0.707106781187,0.707106781187));
#1584 = DIRECTION('',(-1.,0.,0.));
#1585 = ADVANCED_FACE('',(#1586),#1604,.T.);
#1586 = FACE_BOUND('',#1587,.T.);
#1587 = EDGE_LOOP('',(#1588,#1596,#1597,#1598));
#1588 = ORIENTED_EDGE('',*,*,#1589,.F.);
#1589 = EDGE_CURVE('',#1014,#1590,#1592,.T.);
#1590 = VERTEX_POINT('',#1591);
#1591 = CARTESIAN_POINT('',(-0.16,-0.16,-3.));
#1592 = LINE('',#1593,#1594);
#1593 = CARTESIAN_POINT('',(-0.266666666667,-0.266666666667,
    -2.893333333333));
#1594 = VECTOR('',#1595,1.);
#1595 = DIRECTION('',(0.57735026919,0.57735026919,-0.57735026919));
#1596 = ORIENTED_EDGE('',*,*,#1021,.T.);
#1597 = ORIENTED_EDGE('',*,*,#1565,.T.);
#1598 = ORIENTED_EDGE('',*,*,#1599,.F.);
#1599 = EDGE_CURVE('',#1590,#1566,#1600,.T.);
#1600 = LINE('',#1601,#1602);
#1601 = CARTESIAN_POINT('',(-0.16,-0.32,-3.));
#1602 = VECTOR('',#1603,1.);
#1603 = DIRECTION('',(0.,1.,0.));
#1604 = PLANE('',#1605);
#1605 = AXIS2_PLACEMENT_3D('',#1606,#1607,#1608);
#1606 = CARTESIAN_POINT('',(-0.24,-0.32,-2.92));
#1607 = DIRECTION('',(-0.707106781187,-0.,-0.707106781187));
#1608 = DIRECTION('',(0.,1.,-0.));
#1609 = ADVANCED_FACE('',(#1610),#1621,.T.);
#1610 = FACE_BOUND('',#1611,.F.);
#1611 = EDGE_LOOP('',(#1612,#1613,#1614,#1615));
#1612 = ORIENTED_EDGE('',*,*,#1589,.F.);
#1613 = ORIENTED_EDGE('',*,*,#1038,.T.);
#1614 = ORIENTED_EDGE('',*,*,#1534,.T.);
#1615 = ORIENTED_EDGE('',*,*,#1616,.F.);
#1616 = EDGE_CURVE('',#1590,#1535,#1617,.T.);
#1617 = LINE('',#1618,#1619);
#1618 = CARTESIAN_POINT('',(-0.32,-0.16,-3.));
#1619 = VECTOR('',#1620,1.);
#1620 = DIRECTION('',(1.,0.,0.));
#1621 = PLANE('',#1622);
#1622 = AXIS2_PLACEMENT_3D('',#1623,#1624,#1625);
#1623 = CARTESIAN_POINT('',(-0.32,-0.24,-2.92));
#1624 = DIRECTION('',(0.,-0.707106781187,-0.707106781187));
#1625 = DIRECTION('',(-1.,-0.,0.));
#1626 = ADVANCED_FACE('',(#1627),#1652,.T.);
#1627 = FACE_BOUND('',#1628,.F.);
#1628 = EDGE_LOOP('',(#1629,#1637,#1638,#1646));
#1629 = ORIENTED_EDGE('',*,*,#1630,.F.);
#1630 = EDGE_CURVE('',#1063,#1631,#1633,.T.);
#1631 = VERTEX_POINT('',#1632);
#1632 = CARTESIAN_POINT('',(-0.16,-2.7,-3.));
#1633 = LINE('',#1634,#1635);
#1634 = CARTESIAN_POINT('',(-0.266666666667,-2.806666666667,
    -2.893333333333));
#1635 = VECTOR('',#1636,1.);
#1636 = DIRECTION('',(0.57735026919,0.57735026919,-0.57735026919));
#1637 = ORIENTED_EDGE('',*,*,#1062,.T.);
#1638 = ORIENTED_EDGE('',*,*,#1639,.T.);
#1639 = EDGE_CURVE('',#1055,#1640,#1642,.T.);
#1640 = VERTEX_POINT('',#1641);
#1641 = CARTESIAN_POINT('',(0.16,-2.7,-3.));
#1642 = LINE('',#1643,#1644);
#1643 = CARTESIAN_POINT('',(0.16,-2.7,-3.));
#1644 = VECTOR('',#1645,1.);
#1645 = DIRECTION('',(-0.57735026919,0.57735026919,-0.57735026919));
#1646 = ORIENTED_EDGE('',*,*,#1647,.F.);
#1647 = EDGE_CURVE('',#1631,#1640,#1648,.T.);
#1648 = LINE('',#1649,#1650);
#1649 = CARTESIAN_POINT('',(-0.32,-2.7,-3.));
#1650 = VECTOR('',#1651,1.);
#1651 = DIRECTION('',(1.,0.,0.));
#1652 = PLANE('',#1653);
#1653 = AXIS2_PLACEMENT_3D('',#1654,#1655,#1656);
#1654 = CARTESIAN_POINT('',(-0.32,-2.78,-2.92));
#1655 = DIRECTION('',(0.,-0.707106781187,-0.707106781187));
#1656 = DIRECTION('',(-1.,-0.,0.));
#1657 = ADVANCED_FACE('',(#1658),#1676,.F.);
#1658 = FACE_BOUND('',#1659,.F.);
#1659 = EDGE_LOOP('',(#1660,#1661,#1662,#1670));
#1660 = ORIENTED_EDGE('',*,*,#1639,.F.);
#1661 = ORIENTED_EDGE('',*,*,#1086,.T.);
#1662 = ORIENTED_EDGE('',*,*,#1663,.T.);
#1663 = EDGE_CURVE('',#1087,#1664,#1666,.T.);
#1664 = VERTEX_POINT('',#1665);
#1665 = CARTESIAN_POINT('',(0.16,-2.38,-3.));
#1666 = LINE('',#1667,#1668);
#1667 = CARTESIAN_POINT('',(5.333333333333E-02,-2.486666666667,
    -3.106666666667));
#1668 = VECTOR('',#1669,1.);
#1669 = DIRECTION('',(-0.57735026919,-0.57735026919,-0.57735026919));
#1670 = ORIENTED_EDGE('',*,*,#1671,.F.);
#1671 = EDGE_CURVE('',#1640,#1664,#1672,.T.);
#1672 = LINE('',#1673,#1674);
#1673 = CARTESIAN_POINT('',(0.16,-2.86,-3.));
#1674 = VECTOR('',#1675,1.);
#1675 = DIRECTION('',(0.,1.,0.));
#1676 = PLANE('',#1677);
#1677 = AXIS2_PLACEMENT_3D('',#1678,#1679,#1680);
#1678 = CARTESIAN_POINT('',(0.24,-2.86,-2.92));
#1679 = DIRECTION('',(-0.707106781187,0.,0.707106781187));
#1680 = DIRECTION('',(0.,1.,-0.));
#1681 = ADVANCED_FACE('',(#1682),#1700,.F.);
#1682 = FACE_BOUND('',#1683,.T.);
#1683 = EDGE_LOOP('',(#1684,#1692,#1693,#1694));
#1684 = ORIENTED_EDGE('',*,*,#1685,.F.);
#1685 = EDGE_CURVE('',#1111,#1686,#1688,.T.);
#1686 = VERTEX_POINT('',#1687);
#1687 = CARTESIAN_POINT('',(-0.16,-2.38,-3.));
#1688 = LINE('',#1689,#1690);
#1689 = CARTESIAN_POINT('',(-0.16,-2.38,-3.));
#1690 = VECTOR('',#1691,1.);
#1691 = DIRECTION('',(0.57735026919,-0.57735026919,-0.57735026919));
#1692 = ORIENTED_EDGE('',*,*,#1110,.T.);
#1693 = ORIENTED_EDGE('',*,*,#1663,.T.);
#1694 = ORIENTED_EDGE('',*,*,#1695,.F.);
#1695 = EDGE_CURVE('',#1686,#1664,#1696,.T.);
#1696 = LINE('',#1697,#1698);
#1697 = CARTESIAN_POINT('',(-0.32,-2.38,-3.));
#1698 = VECTOR('',#1699,1.);
#1699 = DIRECTION('',(1.,0.,0.));
#1700 = PLANE('',#1701);
#1701 = AXIS2_PLACEMENT_3D('',#1702,#1703,#1704);
#1702 = CARTESIAN_POINT('',(-0.32,-2.3,-2.92));
#1703 = DIRECTION('',(-0.,-0.707106781187,0.707106781187));
#1704 = DIRECTION('',(-1.,0.,0.));
#1705 = ADVANCED_FACE('',(#1706),#1717,.T.);
#1706 = FACE_BOUND('',#1707,.T.);
#1707 = EDGE_LOOP('',(#1708,#1709,#1710,#1711));
#1708 = ORIENTED_EDGE('',*,*,#1630,.F.);
#1709 = ORIENTED_EDGE('',*,*,#1134,.T.);
#1710 = ORIENTED_EDGE('',*,*,#1685,.T.);
#1711 = ORIENTED_EDGE('',*,*,#1712,.F.);
#1712 = EDGE_CURVE('',#1631,#1686,#1713,.T.);
#1713 = LINE('',#1714,#1715);
#1714 = CARTESIAN_POINT('',(-0.16,-2.86,-3.));
#1715 = VECTOR('',#1716,1.);
#1716 = DIRECTION('',(0.,1.,0.));
#1717 = PLANE('',#1718);
#1718 = AXIS2_PLACEMENT_3D('',#1719,#1720,#1721);
#1719 = CARTESIAN_POINT('',(-0.24,-2.86,-2.92));
#1720 = DIRECTION('',(-0.707106781187,-0.,-0.707106781187));
#1721 = DIRECTION('',(0.,1.,-0.));
#1722 = ADVANCED_FACE('',(#1723),#1748,.F.);
#1723 = FACE_BOUND('',#1724,.T.);
#1724 = EDGE_LOOP('',(#1725,#1733,#1734,#1742));
#1725 = ORIENTED_EDGE('',*,*,#1726,.F.);
#1726 = EDGE_CURVE('',#1159,#1727,#1729,.T.);
#1727 = VERTEX_POINT('',#1728);
#1728 = CARTESIAN_POINT('',(-0.16,-4.92,-3.));
#1729 = LINE('',#1730,#1731);
#1730 = CARTESIAN_POINT('',(-0.16,-4.92,-3.));
#1731 = VECTOR('',#1732,1.);
#1732 = DIRECTION('',(0.57735026919,-0.57735026919,-0.57735026919));
#1733 = ORIENTED_EDGE('',*,*,#1158,.T.);
#1734 = ORIENTED_EDGE('',*,*,#1735,.T.);
#1735 = EDGE_CURVE('',#1151,#1736,#1738,.T.);
#1736 = VERTEX_POINT('',#1737);
#1737 = CARTESIAN_POINT('',(0.16,-4.92,-3.));
#1738 = LINE('',#1739,#1740);
#1739 = CARTESIAN_POINT('',(5.333333333333E-02,-5.026666666667,
    -3.106666666667));
#1740 = VECTOR('',#1741,1.);
#1741 = DIRECTION('',(-0.57735026919,-0.57735026919,-0.57735026919));
#1742 = ORIENTED_EDGE('',*,*,#1743,.F.);
#1743 = EDGE_CURVE('',#1727,#1736,#1744,.T.);
#1744 = LINE('',#1745,#1746);
#1745 = CARTESIAN_POINT('',(-0.32,-4.92,-3.));
#1746 = VECTOR('',#1747,1.);
#1747 = DIRECTION('',(1.,0.,0.));
#1748 = PLANE('',#1749);
#1749 = AXIS2_PLACEMENT_3D('',#1750,#1751,#1752);
#1750 = CARTESIAN_POINT('',(-0.32,-4.84,-2.92));
#1751 = DIRECTION('',(-0.,-0.707106781187,0.707106781187));
#1752 = DIRECTION('',(-1.,0.,0.));
#1753 = ADVANCED_FACE('',(#1754),#1772,.T.);
#1754 = FACE_BOUND('',#1755,.T.);
#1755 = EDGE_LOOP('',(#1756,#1764,#1765,#1766));
#1756 = ORIENTED_EDGE('',*,*,#1757,.F.);
#1757 = EDGE_CURVE('',#1182,#1758,#1760,.T.);
#1758 = VERTEX_POINT('',#1759);
#1759 = CARTESIAN_POINT('',(-0.16,-5.24,-3.));
#1760 = LINE('',#1761,#1762);
#1761 = CARTESIAN_POINT('',(-0.266666666667,-5.346666666667,
    -2.893333333333));
#1762 = VECTOR('',#1763,1.);
#1763 = DIRECTION('',(0.57735026919,0.57735026919,-0.57735026919));
#1764 = ORIENTED_EDGE('',*,*,#1189,.T.);
#1765 = ORIENTED_EDGE('',*,*,#1726,.T.);
#1766 = ORIENTED_EDGE('',*,*,#1767,.F.);
#1767 = EDGE_CURVE('',#1758,#1727,#1768,.T.);
#1768 = LINE('',#1769,#1770);
#1769 = CARTESIAN_POINT('',(-0.16,-5.4,-3.));
#1770 = VECTOR('',#1771,1.);
#1771 = DIRECTION('',(0.,1.,0.));
#1772 = PLANE('',#1773);
#1773 = AXIS2_PLACEMENT_3D('',#1774,#1775,#1776);
#1774 = CARTESIAN_POINT('',(-0.24,-5.4,-2.92));
#1775 = DIRECTION('',(-0.707106781187,-0.,-0.707106781187));
#1776 = DIRECTION('',(0.,1.,-0.));
#1777 = ADVANCED_FACE('',(#1778),#1796,.T.);
#1778 = FACE_BOUND('',#1779,.F.);
#1779 = EDGE_LOOP('',(#1780,#1781,#1782,#1790));
#1780 = ORIENTED_EDGE('',*,*,#1757,.F.);
#1781 = ORIENTED_EDGE('',*,*,#1213,.T.);
#1782 = ORIENTED_EDGE('',*,*,#1783,.T.);
#1783 = EDGE_CURVE('',#1206,#1784,#1786,.T.);
#1784 = VERTEX_POINT('',#1785);
#1785 = CARTESIAN_POINT('',(0.16,-5.24,-3.));
#1786 = LINE('',#1787,#1788);
#1787 = CARTESIAN_POINT('',(0.16,-5.24,-3.));
#1788 = VECTOR('',#1789,1.);
#1789 = DIRECTION('',(-0.57735026919,0.57735026919,-0.57735026919));
#1790 = ORIENTED_EDGE('',*,*,#1791,.F.);
#1791 = EDGE_CURVE('',#1758,#1784,#1792,.T.);
#1792 = LINE('',#1793,#1794);
#1793 = CARTESIAN_POINT('',(-0.32,-5.24,-3.));
#1794 = VECTOR('',#1795,1.);
#1795 = DIRECTION('',(1.,0.,0.));
#1796 = PLANE('',#1797);
#1797 = AXIS2_PLACEMENT_3D('',#1798,#1799,#1800);
#1798 = CARTESIAN_POINT('',(-0.32,-5.32,-2.92));
#1799 = DIRECTION('',(0.,-0.707106781187,-0.707106781187));
#1800 = DIRECTION('',(-1.,-0.,0.));
#1801 = ADVANCED_FACE('',(#1802),#1813,.F.);
#1802 = FACE_BOUND('',#1803,.F.);
#1803 = EDGE_LOOP('',(#1804,#1805,#1806,#1807));
#1804 = ORIENTED_EDGE('',*,*,#1783,.F.);
#1805 = ORIENTED_EDGE('',*,*,#1230,.T.);
#1806 = ORIENTED_EDGE('',*,*,#1735,.T.);
#1807 = ORIENTED_EDGE('',*,*,#1808,.F.);
#1808 = EDGE_CURVE('',#1784,#1736,#1809,.T.);
#1809 = LINE('',#1810,#1811);
#1810 = CARTESIAN_POINT('',(0.16,-5.4,-3.));
#1811 = VECTOR('',#1812,1.);
#1812 = DIRECTION('',(0.,1.,0.));
#1813 = PLANE('',#1814);
#1814 = AXIS2_PLACEMENT_3D('',#1815,#1816,#1817);
#1815 = CARTESIAN_POINT('',(0.24,-5.4,-2.92));
#1816 = DIRECTION('',(-0.707106781187,0.,0.707106781187));
#1817 = DIRECTION('',(0.,1.,-0.));
#1818 = ADVANCED_FACE('',(#1819),#1844,.T.);
#1819 = FACE_BOUND('',#1820,.T.);
#1820 = EDGE_LOOP('',(#1821,#1829,#1830,#1838));
#1821 = ORIENTED_EDGE('',*,*,#1822,.F.);
#1822 = EDGE_CURVE('',#1247,#1823,#1825,.T.);
#1823 = VERTEX_POINT('',#1824);
#1824 = CARTESIAN_POINT('',(0.16,-0.16,8.54));
#1825 = LINE('',#1826,#1827);
#1826 = CARTESIAN_POINT('',(0.16,-0.16,8.54));
#1827 = VECTOR('',#1828,1.);
#1828 = DIRECTION('',(-0.57735026919,0.57735026919,0.57735026919));
#1829 = ORIENTED_EDGE('',*,*,#1263,.T.);
#1830 = ORIENTED_EDGE('',*,*,#1831,.T.);
#1831 = EDGE_CURVE('',#1256,#1832,#1834,.T.);
#1832 = VERTEX_POINT('',#1833);
#1833 = CARTESIAN_POINT('',(0.16,0.16,8.54));
#1834 = LINE('',#1835,#1836);
#1835 = CARTESIAN_POINT('',(5.333333333333E-02,5.333333333333E-02,
    8.646666666667));
#1836 = VECTOR('',#1837,1.);
#1837 = DIRECTION('',(-0.57735026919,-0.57735026919,0.57735026919));
#1838 = ORIENTED_EDGE('',*,*,#1839,.F.);
#1839 = EDGE_CURVE('',#1823,#1832,#1840,.T.);
#1840 = LINE('',#1841,#1842);
#1841 = CARTESIAN_POINT('',(0.16,-0.32,8.54));
#1842 = VECTOR('',#1843,1.);
#1843 = DIRECTION('',(0.,1.,0.));
#1844 = PLANE('',#1845);
#1845 = AXIS2_PLACEMENT_3D('',#1846,#1847,#1848);
#1846 = CARTESIAN_POINT('',(0.24,-0.32,8.46));
#1847 = DIRECTION('',(0.707106781187,-0.,0.707106781187));
#1848 = DIRECTION('',(0.,1.,0.));
#1849 = ADVANCED_FACE('',(#1850),#1868,.T.);
#1850 = FACE_BOUND('',#1851,.F.);
#1851 = EDGE_LOOP('',(#1852,#1860,#1861,#1862));
#1852 = ORIENTED_EDGE('',*,*,#1853,.F.);
#1853 = EDGE_CURVE('',#1280,#1854,#1856,.T.);
#1854 = VERTEX_POINT('',#1855);
#1855 = CARTESIAN_POINT('',(-0.16,0.16,8.54));
#1856 = LINE('',#1857,#1858);
#1857 = CARTESIAN_POINT('',(-0.16,0.16,8.54));
#1858 = VECTOR('',#1859,1.);
#1859 = DIRECTION('',(0.57735026919,-0.57735026919,0.57735026919));
#1860 = ORIENTED_EDGE('',*,*,#1287,.T.);
#1861 = ORIENTED_EDGE('',*,*,#1831,.T.);
#1862 = ORIENTED_EDGE('',*,*,#1863,.F.);
#1863 = EDGE_CURVE('',#1854,#1832,#1864,.T.);
#1864 = LINE('',#1865,#1866);
#1865 = CARTESIAN_POINT('',(-0.32,0.16,8.54));
#1866 = VECTOR('',#1867,1.);
#1867 = DIRECTION('',(1.,0.,0.));
#1868 = PLANE('',#1869);
#1869 = AXIS2_PLACEMENT_3D('',#1870,#1871,#1872);
#1870 = CARTESIAN_POINT('',(-0.32,0.24,8.46));
#1871 = DIRECTION('',(0.,0.707106781187,0.707106781187));
#1872 = DIRECTION('',(-1.,0.,0.));
#1873 = ADVANCED_FACE('',(#1874),#1892,.F.);
#1874 = FACE_BOUND('',#1875,.F.);
#1875 = EDGE_LOOP('',(#1876,#1884,#1885,#1886));
#1876 = ORIENTED_EDGE('',*,*,#1877,.F.);
#1877 = EDGE_CURVE('',#1302,#1878,#1880,.T.);
#1878 = VERTEX_POINT('',#1879);
#1879 = CARTESIAN_POINT('',(-0.16,-0.16,8.54));
#1880 = LINE('',#1881,#1882);
#1881 = CARTESIAN_POINT('',(-0.266666666667,-0.266666666667,
    8.433333333333));
#1882 = VECTOR('',#1883,1.);
#1883 = DIRECTION('',(0.57735026919,0.57735026919,0.57735026919));
#1884 = ORIENTED_EDGE('',*,*,#1311,.T.);
#1885 = ORIENTED_EDGE('',*,*,#1853,.T.);
#1886 = ORIENTED_EDGE('',*,*,#1887,.F.);
#1887 = EDGE_CURVE('',#1878,#1854,#1888,.T.);
#1888 = LINE('',#1889,#1890);
#1889 = CARTESIAN_POINT('',(-0.16,-0.32,8.54));
#1890 = VECTOR('',#1891,1.);
#1891 = DIRECTION('',(0.,1.,0.));
#1892 = PLANE('',#1893);
#1893 = AXIS2_PLACEMENT_3D('',#1894,#1895,#1896);
#1894 = CARTESIAN_POINT('',(-0.24,-0.32,8.46));
#1895 = DIRECTION('',(0.707106781187,0.,-0.707106781187));
#1896 = DIRECTION('',(0.,1.,0.));
#1897 = ADVANCED_FACE('',(#1898),#1909,.F.);
#1898 = FACE_BOUND('',#1899,.T.);
#1899 = EDGE_LOOP('',(#1900,#1901,#1902,#1903));
#1900 = ORIENTED_EDGE('',*,*,#1877,.F.);
#1901 = ORIENTED_EDGE('',*,*,#1328,.T.);
#1902 = ORIENTED_EDGE('',*,*,#1822,.T.);
#1903 = ORIENTED_EDGE('',*,*,#1904,.F.);
#1904 = EDGE_CURVE('',#1878,#1823,#1905,.T.);
#1905 = LINE('',#1906,#1907);
#1906 = CARTESIAN_POINT('',(-0.32,-0.16,8.54));
#1907 = VECTOR('',#1908,1.);
#1908 = DIRECTION('',(1.,0.,0.));
#1909 = PLANE('',#1910);
#1910 = AXIS2_PLACEMENT_3D('',#1911,#1912,#1913);
#1911 = CARTESIAN_POINT('',(-0.32,-0.24,8.46));
#1912 = DIRECTION('',(-0.,0.707106781187,-0.707106781187));
#1913 = DIRECTION('',(-1.,-0.,0.));
#1914 = ADVANCED_FACE('',(#1915),#1940,.F.);
#1915 = FACE_BOUND('',#1916,.T.);
#1916 = EDGE_LOOP('',(#1917,#1925,#1926,#1934));
#1917 = ORIENTED_EDGE('',*,*,#1918,.F.);
#1918 = EDGE_CURVE('',#1352,#1919,#1921,.T.);
#1919 = VERTEX_POINT('',#1920);
#1920 = CARTESIAN_POINT('',(-0.16,-2.7,8.54));
#1921 = LINE('',#1922,#1923);
#1922 = CARTESIAN_POINT('',(-0.266666666667,-2.806666666667,
    8.433333333333));
#1923 = VECTOR('',#1924,1.);
#1924 = DIRECTION('',(0.57735026919,0.57735026919,0.57735026919));
#1925 = ORIENTED_EDGE('',*,*,#1359,.T.);
#1926 = ORIENTED_EDGE('',*,*,#1927,.T.);
#1927 = EDGE_CURVE('',#1343,#1928,#1930,.T.);
#1928 = VERTEX_POINT('',#1929);
#1929 = CARTESIAN_POINT('',(0.16,-2.7,8.54));
#1930 = LINE('',#1931,#1932);
#1931 = CARTESIAN_POINT('',(0.16,-2.7,8.54));
#1932 = VECTOR('',#1933,1.);
#1933 = DIRECTION('',(-0.57735026919,0.57735026919,0.57735026919));
#1934 = ORIENTED_EDGE('',*,*,#1935,.F.);
#1935 = EDGE_CURVE('',#1919,#1928,#1936,.T.);
#1936 = LINE('',#1937,#1938);
#1937 = CARTESIAN_POINT('',(-0.32,-2.7,8.54));
#1938 = VECTOR('',#1939,1.);
#1939 = DIRECTION('',(1.,0.,0.));
#1940 = PLANE('',#1941);
#1941 = AXIS2_PLACEMENT_3D('',#1942,#1943,#1944);
#1942 = CARTESIAN_POINT('',(-0.32,-2.78,8.46));
#1943 = DIRECTION('',(-0.,0.707106781187,-0.707106781187));
#1944 = DIRECTION('',(-1.,-0.,0.));
#1945 = ADVANCED_FACE('',(#1946),#1964,.T.);
#1946 = FACE_BOUND('',#1947,.T.);
#1947 = EDGE_LOOP('',(#1948,#1949,#1950,#1958));
#1948 = ORIENTED_EDGE('',*,*,#1927,.F.);
#1949 = ORIENTED_EDGE('',*,*,#1383,.T.);
#1950 = ORIENTED_EDGE('',*,*,#1951,.T.);
#1951 = EDGE_CURVE('',#1376,#1952,#1954,.T.);
#1952 = VERTEX_POINT('',#1953);
#1953 = CARTESIAN_POINT('',(0.16,-2.38,8.54));
#1954 = LINE('',#1955,#1956);
#1955 = CARTESIAN_POINT('',(5.333333333333E-02,-2.486666666667,
    8.646666666667));
#1956 = VECTOR('',#1957,1.);
#1957 = DIRECTION('',(-0.57735026919,-0.57735026919,0.57735026919));
#1958 = ORIENTED_EDGE('',*,*,#1959,.F.);
#1959 = EDGE_CURVE('',#1928,#1952,#1960,.T.);
#1960 = LINE('',#1961,#1962);
#1961 = CARTESIAN_POINT('',(0.16,-2.86,8.54));
#1962 = VECTOR('',#1963,1.);
#1963 = DIRECTION('',(0.,1.,0.));
#1964 = PLANE('',#1965);
#1965 = AXIS2_PLACEMENT_3D('',#1966,#1967,#1968);
#1966 = CARTESIAN_POINT('',(0.24,-2.86,8.46));
#1967 = DIRECTION('',(0.707106781187,-0.,0.707106781187));
#1968 = DIRECTION('',(0.,1.,0.));
#1969 = ADVANCED_FACE('',(#1970),#1988,.T.);
#1970 = FACE_BOUND('',#1971,.F.);
#1971 = EDGE_LOOP('',(#1972,#1980,#1981,#1982));
#1972 = ORIENTED_EDGE('',*,*,#1973,.F.);
#1973 = EDGE_CURVE('',#1400,#1974,#1976,.T.);
#1974 = VERTEX_POINT('',#1975);
#1975 = CARTESIAN_POINT('',(-0.16,-2.38,8.54));
#1976 = LINE('',#1977,#1978);
#1977 = CARTESIAN_POINT('',(-0.16,-2.38,8.54));
#1978 = VECTOR('',#1979,1.);
#1979 = DIRECTION('',(0.57735026919,-0.57735026919,0.57735026919));
#1980 = ORIENTED_EDGE('',*,*,#1407,.T.);
#1981 = ORIENTED_EDGE('',*,*,#1951,.T.);
#1982 = ORIENTED_EDGE('',*,*,#1983,.F.);
#1983 = EDGE_CURVE('',#1974,#1952,#1984,.T.);
#1984 = LINE('',#1985,#1986);
#1985 = CARTESIAN_POINT('',(-0.32,-2.38,8.54));
#1986 = VECTOR('',#1987,1.);
#1987 = DIRECTION('',(1.,0.,0.));
#1988 = PLANE('',#1989);
#1989 = AXIS2_PLACEMENT_3D('',#1990,#1991,#1992);
#1990 = CARTESIAN_POINT('',(-0.32,-2.3,8.46));
#1991 = DIRECTION('',(0.,0.707106781187,0.707106781187));
#1992 = DIRECTION('',(-1.,0.,0.));
#1993 = ADVANCED_FACE('',(#1994),#2005,.F.);
#1994 = FACE_BOUND('',#1995,.F.);
#1995 = EDGE_LOOP('',(#1996,#1997,#1998,#1999));
#1996 = ORIENTED_EDGE('',*,*,#1918,.F.);
#1997 = ORIENTED_EDGE('',*,*,#1424,.T.);
#1998 = ORIENTED_EDGE('',*,*,#1973,.T.);
#1999 = ORIENTED_EDGE('',*,*,#2000,.F.);
#2000 = EDGE_CURVE('',#1919,#1974,#2001,.T.);
#2001 = LINE('',#2002,#2003);
#2002 = CARTESIAN_POINT('',(-0.16,-2.86,8.54));
#2003 = VECTOR('',#2004,1.);
#2004 = DIRECTION('',(0.,1.,0.));
#2005 = PLANE('',#2006);
#2006 = AXIS2_PLACEMENT_3D('',#2007,#2008,#2009);
#2007 = CARTESIAN_POINT('',(-0.24,-2.86,8.46));
#2008 = DIRECTION('',(0.707106781187,0.,-0.707106781187));
#2009 = DIRECTION('',(0.,1.,0.));
#2010 = ADVANCED_FACE('',(#2011),#2036,.T.);
#2011 = FACE_BOUND('',#2012,.F.);
#2012 = EDGE_LOOP('',(#2013,#2021,#2022,#2030));
#2013 = ORIENTED_EDGE('',*,*,#2014,.F.);
#2014 = EDGE_CURVE('',#1448,#2015,#2017,.T.);
#2015 = VERTEX_POINT('',#2016);
#2016 = CARTESIAN_POINT('',(-0.16,-4.92,8.54));
#2017 = LINE('',#2018,#2019);
#2018 = CARTESIAN_POINT('',(-0.16,-4.92,8.54));
#2019 = VECTOR('',#2020,1.);
#2020 = DIRECTION('',(0.57735026919,-0.57735026919,0.57735026919));
#2021 = ORIENTED_EDGE('',*,*,#1455,.T.);
#2022 = ORIENTED_EDGE('',*,*,#2023,.T.);
#2023 = EDGE_CURVE('',#1439,#2024,#2026,.T.);
#2024 = VERTEX_POINT('',#2025);
#2025 = CARTESIAN_POINT('',(0.16,-4.92,8.54));
#2026 = LINE('',#2027,#2028);
#2027 = CARTESIAN_POINT('',(5.333333333333E-02,-5.026666666667,
    8.646666666667));
#2028 = VECTOR('',#2029,1.);
#2029 = DIRECTION('',(-0.57735026919,-0.57735026919,0.57735026919));
#2030 = ORIENTED_EDGE('',*,*,#2031,.F.);
#2031 = EDGE_CURVE('',#2015,#2024,#2032,.T.);
#2032 = LINE('',#2033,#2034);
#2033 = CARTESIAN_POINT('',(-0.32,-4.92,8.54));
#2034 = VECTOR('',#2035,1.);
#2035 = DIRECTION('',(1.,0.,0.));
#2036 = PLANE('',#2037);
#2037 = AXIS2_PLACEMENT_3D('',#2038,#2039,#2040);
#2038 = CARTESIAN_POINT('',(-0.32,-4.84,8.46));
#2039 = DIRECTION('',(0.,0.707106781187,0.707106781187));
#2040 = DIRECTION('',(-1.,0.,0.));
#2041 = ADVANCED_FACE('',(#2042),#2060,.F.);
#2042 = FACE_BOUND('',#2043,.F.);
#2043 = EDGE_LOOP('',(#2044,#2052,#2053,#2054));
#2044 = ORIENTED_EDGE('',*,*,#2045,.F.);
#2045 = EDGE_CURVE('',#1470,#2046,#2048,.T.);
#2046 = VERTEX_POINT('',#2047);
#2047 = CARTESIAN_POINT('',(-0.16,-5.24,8.54));
#2048 = LINE('',#2049,#2050);
#2049 = CARTESIAN_POINT('',(-0.266666666667,-5.346666666667,
    8.433333333333));
#2050 = VECTOR('',#2051,1.);
#2051 = DIRECTION('',(0.57735026919,0.57735026919,0.57735026919));
#2052 = ORIENTED_EDGE('',*,*,#1479,.T.);
#2053 = ORIENTED_EDGE('',*,*,#2014,.T.);
#2054 = ORIENTED_EDGE('',*,*,#2055,.F.);
#2055 = EDGE_CURVE('',#2046,#2015,#2056,.T.);
#2056 = LINE('',#2057,#2058);
#2057 = CARTESIAN_POINT('',(-0.16,-5.4,8.54));
#2058 = VECTOR('',#2059,1.);
#2059 = DIRECTION('',(0.,1.,0.));
#2060 = PLANE('',#2061);
#2061 = AXIS2_PLACEMENT_3D('',#2062,#2063,#2064);
#2062 = CARTESIAN_POINT('',(-0.24,-5.4,8.46));
#2063 = DIRECTION('',(0.707106781187,0.,-0.707106781187));
#2064 = DIRECTION('',(0.,1.,0.));
#2065 = ADVANCED_FACE('',(#2066),#2084,.F.);
#2066 = FACE_BOUND('',#2067,.T.);
#2067 = EDGE_LOOP('',(#2068,#2069,#2070,#2078));
#2068 = ORIENTED_EDGE('',*,*,#2045,.F.);
#2069 = ORIENTED_EDGE('',*,*,#1503,.T.);
#2070 = ORIENTED_EDGE('',*,*,#2071,.T.);
#2071 = EDGE_CURVE('',#1494,#2072,#2074,.T.);
#2072 = VERTEX_POINT('',#2073);
#2073 = CARTESIAN_POINT('',(0.16,-5.24,8.54));
#2074 = LINE('',#2075,#2076);
#2075 = CARTESIAN_POINT('',(0.16,-5.24,8.54));
#2076 = VECTOR('',#2077,1.);
#2077 = DIRECTION('',(-0.57735026919,0.57735026919,0.57735026919));
#2078 = ORIENTED_EDGE('',*,*,#2079,.F.);
#2079 = EDGE_CURVE('',#2046,#2072,#2080,.T.);
#2080 = LINE('',#2081,#2082);
#2081 = CARTESIAN_POINT('',(-0.32,-5.24,8.54));
#2082 = VECTOR('',#2083,1.);
#2083 = DIRECTION('',(1.,0.,0.));
#2084 = PLANE('',#2085);
#2085 = AXIS2_PLACEMENT_3D('',#2086,#2087,#2088);
#2086 = CARTESIAN_POINT('',(-0.32,-5.32,8.46));
#2087 = DIRECTION('',(-0.,0.707106781187,-0.707106781187));
#2088 = DIRECTION('',(-1.,-0.,0.));
#2089 = ADVANCED_FACE('',(#2090),#2101,.T.);
#2090 = FACE_BOUND('',#2091,.T.);
#2091 = EDGE_LOOP('',(#2092,#2093,#2094,#2095));
#2092 = ORIENTED_EDGE('',*,*,#2071,.F.);
#2093 = ORIENTED_EDGE('',*,*,#1520,.T.);
#2094 = ORIENTED_EDGE('',*,*,#2023,.T.);
#2095 = ORIENTED_EDGE('',*,*,#2096,.F.);
#2096 = EDGE_CURVE('',#2072,#2024,#2097,.T.);
#2097 = LINE('',#2098,#2099);
#2098 = CARTESIAN_POINT('',(0.16,-5.4,8.54));
#2099 = VECTOR('',#2100,1.);
#2100 = DIRECTION('',(0.,1.,0.));
#2101 = PLANE('',#2102);
#2102 = AXIS2_PLACEMENT_3D('',#2103,#2104,#2105);
#2103 = CARTESIAN_POINT('',(0.24,-5.4,8.46));
#2104 = DIRECTION('',(0.707106781187,-0.,0.707106781187));
#2105 = DIRECTION('',(0.,1.,0.));
#2106 = ADVANCED_FACE('',(#2107),#2113,.F.);
#2107 = FACE_BOUND('',#2108,.F.);
#2108 = EDGE_LOOP('',(#2109,#2110,#2111,#2112));
#2109 = ORIENTED_EDGE('',*,*,#1575,.F.);
#2110 = ORIENTED_EDGE('',*,*,#1599,.F.);
#2111 = ORIENTED_EDGE('',*,*,#1616,.T.);
#2112 = ORIENTED_EDGE('',*,*,#1551,.T.);
#2113 = PLANE('',#2114);
#2114 = AXIS2_PLACEMENT_3D('',#2115,#2116,#2117);
#2115 = CARTESIAN_POINT('',(-0.32,-0.32,-3.));
#2116 = DIRECTION('',(0.,0.,1.));
#2117 = DIRECTION('',(1.,0.,-0.));
#2118 = ADVANCED_FACE('',(#2119),#2125,.F.);
#2119 = FACE_BOUND('',#2120,.F.);
#2120 = EDGE_LOOP('',(#2121,#2122,#2123,#2124));
#2121 = ORIENTED_EDGE('',*,*,#1695,.F.);
#2122 = ORIENTED_EDGE('',*,*,#1712,.F.);
#2123 = ORIENTED_EDGE('',*,*,#1647,.T.);
#2124 = ORIENTED_EDGE('',*,*,#1671,.T.);
#2125 = PLANE('',#2126);
#2126 = AXIS2_PLACEMENT_3D('',#2127,#2128,#2129);
#2127 = CARTESIAN_POINT('',(-0.32,-2.86,-3.));
#2128 = DIRECTION('',(0.,0.,1.));
#2129 = DIRECTION('',(1.,0.,-0.));
#2130 = ADVANCED_FACE('',(#2131),#2137,.F.);
#2131 = FACE_BOUND('',#2132,.F.);
#2132 = EDGE_LOOP('',(#2133,#2134,#2135,#2136));
#2133 = ORIENTED_EDGE('',*,*,#1743,.F.);
#2134 = ORIENTED_EDGE('',*,*,#1767,.F.);
#2135 = ORIENTED_EDGE('',*,*,#1791,.T.);
#2136 = ORIENTED_EDGE('',*,*,#1808,.T.);
#2137 = PLANE('',#2138);
#2138 = AXIS2_PLACEMENT_3D('',#2139,#2140,#2141);
#2139 = CARTESIAN_POINT('',(-0.32,-5.4,-3.));
#2140 = DIRECTION('',(0.,0.,1.));
#2141 = DIRECTION('',(1.,0.,-0.));
#2142 = ADVANCED_FACE('',(#2143),#2149,.T.);
#2143 = FACE_BOUND('',#2144,.T.);
#2144 = EDGE_LOOP('',(#2145,#2146,#2147,#2148));
#2145 = ORIENTED_EDGE('',*,*,#1904,.T.);
#2146 = ORIENTED_EDGE('',*,*,#1839,.T.);
#2147 = ORIENTED_EDGE('',*,*,#1863,.F.);
#2148 = ORIENTED_EDGE('',*,*,#1887,.F.);
#2149 = PLANE('',#2150);
#2150 = AXIS2_PLACEMENT_3D('',#2151,#2152,#2153);
#2151 = CARTESIAN_POINT('',(-0.32,-0.32,8.54));
#2152 = DIRECTION('',(0.,0.,1.));
#2153 = DIRECTION('',(1.,0.,-0.));
#2154 = ADVANCED_FACE('',(#2155),#2161,.T.);
#2155 = FACE_BOUND('',#2156,.T.);
#2156 = EDGE_LOOP('',(#2157,#2158,#2159,#2160));
#2157 = ORIENTED_EDGE('',*,*,#1935,.T.);
#2158 = ORIENTED_EDGE('',*,*,#1959,.T.);
#2159 = ORIENTED_EDGE('',*,*,#1983,.F.);
#2160 = ORIENTED_EDGE('',*,*,#2000,.F.);
#2161 = PLANE('',#2162);
#2162 = AXIS2_PLACEMENT_3D('',#2163,#2164,#2165);
#2163 = CARTESIAN_POINT('',(-0.32,-2.86,8.54));
#2164 = DIRECTION('',(0.,0.,1.));
#2165 = DIRECTION('',(1.,0.,-0.));
#2166 = ADVANCED_FACE('',(#2167),#2173,.T.);
#2167 = FACE_BOUND('',#2168,.T.);
#2168 = EDGE_LOOP('',(#2169,#2170,#2171,#2172));
#2169 = ORIENTED_EDGE('',*,*,#2079,.T.);
#2170 = ORIENTED_EDGE('',*,*,#2096,.T.);
#2171 = ORIENTED_EDGE('',*,*,#2031,.F.);
#2172 = ORIENTED_EDGE('',*,*,#2055,.F.);
#2173 = PLANE('',#2174);
#2174 = AXIS2_PLACEMENT_3D('',#2175,#2176,#2177);
#2175 = CARTESIAN_POINT('',(-0.32,-5.4,8.54));
#2176 = DIRECTION('',(0.,0.,1.));
#2177 = DIRECTION('',(1.,0.,-0.));
#2178 = ( GEOMETRIC_REPRESENTATION_CONTEXT(3) 
GLOBAL_UNCERTAINTY_ASSIGNED_CONTEXT((#2182)) 
GLOBAL_UNIT_ASSIGNED_CONTEXT((#2179,#2180,#2181)) REPRESENTATION_CONTEXT
('Context #1','3D Context with UNIT and UNCERTAINTY') );
#2179 = ( LENGTH_UNIT() NAMED_UNIT(*) SI_UNIT(.MILLI.,.METRE.) );
#2180 = ( NAMED_UNIT(*) PLANE_ANGLE_UNIT() SI_UNIT($,.RADIAN.) );
#2181 = ( NAMED_UNIT(*) SI_UNIT($,.STERADIAN.) SOLID_ANGLE_UNIT() );
#2182 = UNCERTAINTY_MEASURE_WITH_UNIT(LENGTH_MEASURE(1.E-07),#2179,
  'distance_accuracy_value','confusion accuracy');
#2183 = CONTEXT_DEPENDENT_SHAPE_REPRESENTATION(#2184,#2186);
#2184 = ( REPRESENTATION_RELATIONSHIP('','',#71,#48) 
REPRESENTATION_RELATIONSHIP_WITH_TRANSFORMATION(#2185) 
SHAPE_REPRESENTATION_RELATIONSHIP() );
#2185 = ITEM_DEFINED_TRANSFORMATION('','',#11,#49);
#2186 = PRODUCT_DEFINITION_SHAPE('Placement','Placement of an item',
  #2187);
#2187 = NEXT_ASSEMBLY_USAGE_OCCURRENCE('1',
  'PinHeader_1x03_P254mm_Vertical','',#43,#66,$);
#2188 = PRODUCT_RELATED_PRODUCT_CATEGORY('part',$,(#68));
#2189 = SHAPE_DEFINITION_REPRESENTATION(#2190,#2196);
#2190 = PRODUCT_DEFINITION_SHAPE('','',#2191);
#2191 = PRODUCT_DEFINITION('design','',#2192,#2195);
#2192 = PRODUCT_DEFINITION_FORMATION('','',#2193);
#2193 = PRODUCT('Buzzer_12x9.5RM7.6','Buzzer_12x9.5RM7.6','',(#2194));
#2194 = PRODUCT_CONTEXT('',#2,'mechanical');
#2195 = PRODUCT_DEFINITION_CONTEXT('part definition',#2,'design');
#2196 = SHAPE_REPRESENTATION('',(#11,#2197),#2201);
#2197 = AXIS2_PLACEMENT_3D('',#2198,#2199,#2200);
#2198 = CARTESIAN_POINT('',(0.,0.,0.));
#2199 = DIRECTION('',(0.,0.,1.));
#2200 = DIRECTION('',(1.,0.,0.));
#2201 = ( GEOMETRIC_REPRESENTATION_CONTEXT(3) 
GLOBAL_UNCERTAINTY_ASSIGNED_CONTEXT((#2205)) 
GLOBAL_UNIT_ASSIGNED_CONTEXT((#2202,#2203,#2204)) REPRESENTATION_CONTEXT
('Context #1','3D Context with UNIT and UNCERTAINTY') );
#2202 = ( LENGTH_UNIT() NAMED_UNIT(*) SI_UNIT(.MILLI.,.METRE.) );
#2203 = ( NAMED_UNIT(*) PLANE_ANGLE_UNIT() SI_UNIT($,.RADIAN.) );
#2204 = ( NAMED_UNIT(*) SI_UNIT($,.STERADIAN.) SOLID_ANGLE_UNIT() );
#2205 = UNCERTAINTY_MEASURE_WITH_UNIT(LENGTH_MEASURE(1.E-07),#2202,
  'distance_accuracy_value','confusion accuracy');
#2206 = CONTEXT_DEPENDENT_SHAPE_REPRESENTATION(#2207,#2209);
#2207 = ( REPRESENTATION_RELATIONSHIP('','',#2196,#10) 
REPRESENTATION_RELATIONSHIP_WITH_TRANSFORMATION(#2208) 
SHAPE_REPRESENTATION_RELATIONSHIP() );
#2208 = ITEM_DEFINED_TRANSFORMATION('','',#11,#19);
#2209 = PRODUCT_DEFINITION_SHAPE('Placement','Placement of an item',
  #2210);
#2210 = NEXT_ASSEMBLY_USAGE_OCCURRENCE('4','Buzzer_12x9.5RM7.6','',#5,
  #2191,$);
#2211 = PRODUCT_RELATED_PRODUCT_CATEGORY('part',$,(#2193));
#2212 = SHAPE_DEFINITION_REPRESENTATION(#2213,#2219);
#2213 = PRODUCT_DEFINITION_SHAPE('','',#2214);
#2214 = PRODUCT_DEFINITION('design','',#2215,#2218);
#2215 = PRODUCT_DEFINITION_FORMATION('','',#2216);
#2216 = PRODUCT('Buzzer_12x95RM76','Buzzer_12x95RM76','',(#2217));
#2217 = PRODUCT_CONTEXT('',#2,'mechanical');
#2218 = PRODUCT_DEFINITION_CONTEXT('part definition',#2,'design');
#2219 = ADVANCED_BREP_SHAPE_REPRESENTATION('',(#11,#2220),#2512);
#2220 = MANIFOLD_SOLID_BREP('',#2221);
#2221 = CLOSED_SHELL('',(#2222,#2255,#2281,#2307,#2338,#2358,#2383,#2408
    ,#2433,#2459,#2485,#2494,#2503));
#2222 = ADVANCED_FACE('',(#2223),#2250,.T.);
#2223 = FACE_BOUND('',#2224,.T.);
#2224 = EDGE_LOOP('',(#2225,#2234,#2242,#2249));
#2225 = ORIENTED_EDGE('',*,*,#2226,.T.);
#2226 = EDGE_CURVE('',#2227,#2227,#2229,.T.);
#2227 = VERTEX_POINT('',#2228);
#2228 = CARTESIAN_POINT('',(9.8,0.,0.33));
#2229 = CIRCLE('',#2230,6.);
#2230 = AXIS2_PLACEMENT_3D('',#2231,#2232,#2233);
#2231 = CARTESIAN_POINT('',(3.8,0.,0.33));
#2232 = DIRECTION('',(-0.,0.,1.));
#2233 = DIRECTION('',(1.,0.,0.));
#2234 = ORIENTED_EDGE('',*,*,#2235,.T.);
#2235 = EDGE_CURVE('',#2227,#2236,#2238,.T.);
#2236 = VERTEX_POINT('',#2237);
#2237 = CARTESIAN_POINT('',(9.8,-0.,8.048518518519));
#2238 = LINE('',#2239,#2240);
#2239 = CARTESIAN_POINT('',(9.8,0.,3.E-02));
#2240 = VECTOR('',#2241,1.);
#2241 = DIRECTION('',(0.,0.,1.));
#2242 = ORIENTED_EDGE('',*,*,#2243,.F.);
#2243 = EDGE_CURVE('',#2236,#2236,#2244,.T.);
#2244 = CIRCLE('',#2245,6.);
#2245 = AXIS2_PLACEMENT_3D('',#2246,#2247,#2248);
#2246 = CARTESIAN_POINT('',(3.8,-0.,8.048518518519));
#2247 = DIRECTION('',(-0.,0.,1.));
#2248 = DIRECTION('',(1.,0.,0.));
#2249 = ORIENTED_EDGE('',*,*,#2235,.F.);
#2250 = CYLINDRICAL_SURFACE('',#2251,6.);
#2251 = AXIS2_PLACEMENT_3D('',#2252,#2253,#2254);
#2252 = CARTESIAN_POINT('',(3.8,0.,3.E-02));
#2253 = DIRECTION('',(-0.,-0.,-1.));
#2254 = DIRECTION('',(1.,0.,0.));
#2255 = ADVANCED_FACE('',(#2256),#2276,.T.);
#2256 = FACE_BOUND('',#2257,.T.);
#2257 = EDGE_LOOP('',(#2258,#2267,#2274,#2275));
#2258 = ORIENTED_EDGE('',*,*,#2259,.T.);
#2259 = EDGE_CURVE('',#2260,#2260,#2262,.T.);
#2260 = VERTEX_POINT('',#2261);
#2261 = CARTESIAN_POINT('',(9.5,0.,3.E-02));
#2262 = CIRCLE('',#2263,5.7);
#2263 = AXIS2_PLACEMENT_3D('',#2264,#2265,#2266);
#2264 = CARTESIAN_POINT('',(3.8,0.,3.E-02));
#2265 = DIRECTION('',(-0.,0.,1.));
#2266 = DIRECTION('',(1.,0.,0.));
#2267 = ORIENTED_EDGE('',*,*,#2268,.F.);
#2268 = EDGE_CURVE('',#2227,#2260,#2269,.T.);
#2269 = CIRCLE('',#2270,0.3);
#2270 = AXIS2_PLACEMENT_3D('',#2271,#2272,#2273);
#2271 = CARTESIAN_POINT('',(9.5,0.,0.33));
#2272 = DIRECTION('',(0.,1.,0.));
#2273 = DIRECTION('',(1.,-0.,0.));
#2274 = ORIENTED_EDGE('',*,*,#2226,.F.);
#2275 = ORIENTED_EDGE('',*,*,#2268,.T.);
#2276 = TOROIDAL_SURFACE('',#2277,5.7,0.3);
#2277 = AXIS2_PLACEMENT_3D('',#2278,#2279,#2280);
#2278 = CARTESIAN_POINT('',(3.8,0.,0.33));
#2279 = DIRECTION('',(0.,-0.,-1.));
#2280 = DIRECTION('',(1.,0.,0.));
#2281 = ADVANCED_FACE('',(#2282),#2302,.T.);
#2282 = FACE_BOUND('',#2283,.T.);
#2283 = EDGE_LOOP('',(#2284,#2293,#2294,#2295));
#2284 = ORIENTED_EDGE('',*,*,#2285,.F.);
#2285 = EDGE_CURVE('',#2236,#2286,#2288,.T.);
#2286 = VERTEX_POINT('',#2287);
#2287 = CARTESIAN_POINT('',(8.318518518519,0.,9.53));
#2288 = CIRCLE('',#2289,1.481481481481);
#2289 = AXIS2_PLACEMENT_3D('',#2290,#2291,#2292);
#2290 = CARTESIAN_POINT('',(8.318518518519,-0.,8.048518518519));
#2291 = DIRECTION('',(0.,-1.,0.));
#2292 = DIRECTION('',(1.,0.,0.));
#2293 = ORIENTED_EDGE('',*,*,#2243,.T.);
#2294 = ORIENTED_EDGE('',*,*,#2285,.T.);
#2295 = ORIENTED_EDGE('',*,*,#2296,.F.);
#2296 = EDGE_CURVE('',#2286,#2286,#2297,.T.);
#2297 = CIRCLE('',#2298,4.518518518519);
#2298 = AXIS2_PLACEMENT_3D('',#2299,#2300,#2301);
#2299 = CARTESIAN_POINT('',(3.8,0.,9.53));
#2300 = DIRECTION('',(-0.,0.,1.));
#2301 = DIRECTION('',(1.,0.,0.));
#2302 = TOROIDAL_SURFACE('',#2303,4.518518518519,1.481481481481);
#2303 = AXIS2_PLACEMENT_3D('',#2304,#2305,#2306);
#2304 = CARTESIAN_POINT('',(3.8,-0.,8.048518518519));
#2305 = DIRECTION('',(-0.,0.,1.));
#2306 = DIRECTION('',(1.,0.,0.));
#2307 = ADVANCED_FACE('',(#2308,#2311,#2322),#2333,.F.);
#2308 = FACE_BOUND('',#2309,.F.);
#2309 = EDGE_LOOP('',(#2310));
#2310 = ORIENTED_EDGE('',*,*,#2259,.T.);
#2311 = FACE_BOUND('',#2312,.F.);
#2312 = EDGE_LOOP('',(#2313));
#2313 = ORIENTED_EDGE('',*,*,#2314,.F.);
#2314 = EDGE_CURVE('',#2315,#2315,#2317,.T.);
#2315 = VERTEX_POINT('',#2316);
#2316 = CARTESIAN_POINT('',(0.45,0.,3.E-02));
#2317 = CIRCLE('',#2318,0.45);
#2318 = AXIS2_PLACEMENT_3D('',#2319,#2320,#2321);
#2319 = CARTESIAN_POINT('',(0.,0.,3.E-02));
#2320 = DIRECTION('',(0.,0.,1.));
#2321 = DIRECTION('',(1.,0.,-0.));
#2322 = FACE_BOUND('',#2323,.F.);
#2323 = EDGE_LOOP('',(#2324));
#2324 = ORIENTED_EDGE('',*,*,#2325,.F.);
#2325 = EDGE_CURVE('',#2326,#2326,#2328,.T.);
#2326 = VERTEX_POINT('',#2327);
#2327 = CARTESIAN_POINT('',(8.05,0.,3.E-02));
#2328 = CIRCLE('',#2329,0.45);
#2329 = AXIS2_PLACEMENT_3D('',#2330,#2331,#2332);
#2330 = CARTESIAN_POINT('',(7.6,0.,3.E-02));
#2331 = DIRECTION('',(0.,0.,1.));
#2332 = DIRECTION('',(1.,0.,-0.));
#2333 = PLANE('',#2334);
#2334 = AXIS2_PLACEMENT_3D('',#2335,#2336,#2337);
#2335 = CARTESIAN_POINT('',(3.8,2.1E-16,3.E-02));
#2336 = DIRECTION('',(-0.,0.,1.));
#2337 = DIRECTION('',(1.,0.,0.));
#2338 = ADVANCED_FACE('',(#2339,#2342),#2353,.T.);
#2339 = FACE_BOUND('',#2340,.T.);
#2340 = EDGE_LOOP('',(#2341));
#2341 = ORIENTED_EDGE('',*,*,#2296,.T.);
#2342 = FACE_BOUND('',#2343,.T.);
#2343 = EDGE_LOOP('',(#2344));
#2344 = ORIENTED_EDGE('',*,*,#2345,.T.);
#2345 = EDGE_CURVE('',#2346,#2346,#2348,.T.);
#2346 = VERTEX_POINT('',#2347);
#2347 = CARTESIAN_POINT('',(4.8,0.,9.53));
#2348 = CIRCLE('',#2349,1.);
#2349 = AXIS2_PLACEMENT_3D('',#2350,#2351,#2352);
#2350 = CARTESIAN_POINT('',(3.8,0.,9.53));
#2351 = DIRECTION('',(0.,0.,-1.));
#2352 = DIRECTION('',(1.,0.,0.));
#2353 = PLANE('',#2354);
#2354 = AXIS2_PLACEMENT_3D('',#2355,#2356,#2357);
#2355 = CARTESIAN_POINT('',(3.8,2.1E-16,9.53));
#2356 = DIRECTION('',(-0.,0.,1.));
#2357 = DIRECTION('',(1.,0.,0.));
#2358 = ADVANCED_FACE('',(#2359),#2378,.T.);
#2359 = FACE_BOUND('',#2360,.T.);
#2360 = EDGE_LOOP('',(#2361,#2362,#2370,#2377));
#2361 = ORIENTED_EDGE('',*,*,#2314,.F.);
#2362 = ORIENTED_EDGE('',*,*,#2363,.T.);
#2363 = EDGE_CURVE('',#2315,#2364,#2366,.T.);
#2364 = VERTEX_POINT('',#2365);
#2365 = CARTESIAN_POINT('',(0.45,0.,-2.82));
#2366 = LINE('',#2367,#2368);
#2367 = CARTESIAN_POINT('',(0.45,0.,1.03));
#2368 = VECTOR('',#2369,1.);
#2369 = DIRECTION('',(-0.,-0.,-1.));
#2370 = ORIENTED_EDGE('',*,*,#2371,.T.);
#2371 = EDGE_CURVE('',#2364,#2364,#2372,.T.);
#2372 = CIRCLE('',#2373,0.45);
#2373 = AXIS2_PLACEMENT_3D('',#2374,#2375,#2376);
#2374 = CARTESIAN_POINT('',(0.,0.,-2.82));
#2375 = DIRECTION('',(0.,0.,1.));
#2376 = DIRECTION('',(1.,0.,-0.));
#2377 = ORIENTED_EDGE('',*,*,#2363,.F.);
#2378 = CYLINDRICAL_SURFACE('',#2379,0.45);
#2379 = AXIS2_PLACEMENT_3D('',#2380,#2381,#2382);
#2380 = CARTESIAN_POINT('',(0.,0.,1.03));
#2381 = DIRECTION('',(0.,0.,1.));
#2382 = DIRECTION('',(1.,0.,-0.));
#2383 = ADVANCED_FACE('',(#2384),#2403,.T.);
#2384 = FACE_BOUND('',#2385,.T.);
#2385 = EDGE_LOOP('',(#2386,#2387,#2395,#2402));
#2386 = ORIENTED_EDGE('',*,*,#2325,.F.);
#2387 = ORIENTED_EDGE('',*,*,#2388,.T.);
#2388 = EDGE_CURVE('',#2326,#2389,#2391,.T.);
#2389 = VERTEX_POINT('',#2390);
#2390 = CARTESIAN_POINT('',(8.05,0.,-2.82));
#2391 = LINE('',#2392,#2393);
#2392 = CARTESIAN_POINT('',(8.05,0.,1.03));
#2393 = VECTOR('',#2394,1.);
#2394 = DIRECTION('',(-0.,-0.,-1.));
#2395 = ORIENTED_EDGE('',*,*,#2396,.T.);
#2396 = EDGE_CURVE('',#2389,#2389,#2397,.T.);
#2397 = CIRCLE('',#2398,0.45);
#2398 = AXIS2_PLACEMENT_3D('',#2399,#2400,#2401);
#2399 = CARTESIAN_POINT('',(7.6,-0.,-2.82));
#2400 = DIRECTION('',(-0.,0.,1.));
#2401 = DIRECTION('',(1.,0.,0.));
#2402 = ORIENTED_EDGE('',*,*,#2388,.F.);
#2403 = CYLINDRICAL_SURFACE('',#2404,0.45);
#2404 = AXIS2_PLACEMENT_3D('',#2405,#2406,#2407);
#2405 = CARTESIAN_POINT('',(7.6,0.,1.03));
#2406 = DIRECTION('',(0.,0.,1.));
#2407 = DIRECTION('',(1.,0.,-0.));
#2408 = ADVANCED_FACE('',(#2409),#2428,.F.);
#2409 = FACE_BOUND('',#2410,.F.);
#2410 = EDGE_LOOP('',(#2411,#2419,#2420,#2421));
#2411 = ORIENTED_EDGE('',*,*,#2412,.T.);
#2412 = EDGE_CURVE('',#2413,#2346,#2415,.T.);
#2413 = VERTEX_POINT('',#2414);
#2414 = CARTESIAN_POINT('',(4.8,0.,9.33));
#2415 = LINE('',#2416,#2417);
#2416 = CARTESIAN_POINT('',(4.8,0.,1.93));
#2417 = VECTOR('',#2418,1.);
#2418 = DIRECTION('',(0.,0.,1.));
#2419 = ORIENTED_EDGE('',*,*,#2345,.T.);
#2420 = ORIENTED_EDGE('',*,*,#2412,.F.);
#2421 = ORIENTED_EDGE('',*,*,#2422,.T.);
#2422 = EDGE_CURVE('',#2413,#2413,#2423,.T.);
#2423 = CIRCLE('',#2424,1.);
#2424 = AXIS2_PLACEMENT_3D('',#2425,#2426,#2427);
#2425 = CARTESIAN_POINT('',(3.8,0.,9.33));
#2426 = DIRECTION('',(0.,0.,1.));
#2427 = DIRECTION('',(1.,0.,-0.));
#2428 = CYLINDRICAL_SURFACE('',#2429,1.);
#2429 = AXIS2_PLACEMENT_3D('',#2430,#2431,#2432);
#2430 = CARTESIAN_POINT('',(3.8,0.,1.93));
#2431 = DIRECTION('',(-0.,-0.,-1.));
#2432 = DIRECTION('',(1.,0.,0.));
#2433 = ADVANCED_FACE('',(#2434),#2454,.T.);
#2434 = FACE_BOUND('',#2435,.T.);
#2435 = EDGE_LOOP('',(#2436,#2445,#2452,#2453));
#2436 = ORIENTED_EDGE('',*,*,#2437,.T.);
#2437 = EDGE_CURVE('',#2438,#2438,#2440,.T.);
#2438 = VERTEX_POINT('',#2439);
#2439 = CARTESIAN_POINT('',(0.27,0.,-3.));
#2440 = CIRCLE('',#2441,0.27);
#2441 = AXIS2_PLACEMENT_3D('',#2442,#2443,#2444);
#2442 = CARTESIAN_POINT('',(0.,0.,-3.));
#2443 = DIRECTION('',(0.,0.,1.));
#2444 = DIRECTION('',(1.,0.,-0.));
#2445 = ORIENTED_EDGE('',*,*,#2446,.F.);
#2446 = EDGE_CURVE('',#2364,#2438,#2447,.T.);
#2447 = CIRCLE('',#2448,0.18);
#2448 = AXIS2_PLACEMENT_3D('',#2449,#2450,#2451);
#2449 = CARTESIAN_POINT('',(0.27,0.,-2.82));
#2450 = DIRECTION('',(-0.,1.,0.));
#2451 = DIRECTION('',(1.,0.,0.));
#2452 = ORIENTED_EDGE('',*,*,#2371,.F.);
#2453 = ORIENTED_EDGE('',*,*,#2446,.T.);
#2454 = TOROIDAL_SURFACE('',#2455,0.27,0.18);
#2455 = AXIS2_PLACEMENT_3D('',#2456,#2457,#2458);
#2456 = CARTESIAN_POINT('',(0.,0.,-2.82));
#2457 = DIRECTION('',(-0.,-0.,-1.));
#2458 = DIRECTION('',(1.,0.,0.));
#2459 = ADVANCED_FACE('',(#2460),#2480,.T.);
#2460 = FACE_BOUND('',#2461,.T.);
#2461 = EDGE_LOOP('',(#2462,#2471,#2478,#2479));
#2462 = ORIENTED_EDGE('',*,*,#2463,.T.);
#2463 = EDGE_CURVE('',#2464,#2464,#2466,.T.);
#2464 = VERTEX_POINT('',#2465);
#2465 = CARTESIAN_POINT('',(7.87,-0.,-3.));
#2466 = CIRCLE('',#2467,0.27);
#2467 = AXIS2_PLACEMENT_3D('',#2468,#2469,#2470);
#2468 = CARTESIAN_POINT('',(7.6,-0.,-3.));
#2469 = DIRECTION('',(-0.,0.,1.));
#2470 = DIRECTION('',(1.,0.,0.));
#2471 = ORIENTED_EDGE('',*,*,#2472,.F.);
#2472 = EDGE_CURVE('',#2389,#2464,#2473,.T.);
#2473 = CIRCLE('',#2474,0.18);
#2474 = AXIS2_PLACEMENT_3D('',#2475,#2476,#2477);
#2475 = CARTESIAN_POINT('',(7.87,-0.,-2.82));
#2476 = DIRECTION('',(-0.,1.,0.));
#2477 = DIRECTION('',(1.,0.,0.));
#2478 = ORIENTED_EDGE('',*,*,#2396,.F.);
#2479 = ORIENTED_EDGE('',*,*,#2472,.T.);
#2480 = TOROIDAL_SURFACE('',#2481,0.27,0.18);
#2481 = AXIS2_PLACEMENT_3D('',#2482,#2483,#2484);
#2482 = CARTESIAN_POINT('',(7.6,-0.,-2.82));
#2483 = DIRECTION('',(0.,-0.,-1.));
#2484 = DIRECTION('',(1.,0.,0.));
#2485 = ADVANCED_FACE('',(#2486),#2489,.T.);
#2486 = FACE_BOUND('',#2487,.T.);
#2487 = EDGE_LOOP('',(#2488));
#2488 = ORIENTED_EDGE('',*,*,#2422,.T.);
#2489 = PLANE('',#2490);
#2490 = AXIS2_PLACEMENT_3D('',#2491,#2492,#2493);
#2491 = CARTESIAN_POINT('',(3.8,9.E-17,9.33));
#2492 = DIRECTION('',(-0.,-0.,1.));
#2493 = DIRECTION('',(1.,0.,0.));
#2494 = ADVANCED_FACE('',(#2495),#2498,.F.);
#2495 = FACE_BOUND('',#2496,.F.);
#2496 = EDGE_LOOP('',(#2497));
#2497 = ORIENTED_EDGE('',*,*,#2437,.T.);
#2498 = PLANE('',#2499);
#2499 = AXIS2_PLACEMENT_3D('',#2500,#2501,#2502);
#2500 = CARTESIAN_POINT('',(-1.E-17,3.E-17,-3.));
#2501 = DIRECTION('',(0.,0.,1.));
#2502 = DIRECTION('',(1.,0.,-0.));
#2503 = ADVANCED_FACE('',(#2504),#2507,.F.);
#2504 = FACE_BOUND('',#2505,.F.);
#2505 = EDGE_LOOP('',(#2506));
#2506 = ORIENTED_EDGE('',*,*,#2463,.T.);
#2507 = PLANE('',#2508);
#2508 = AXIS2_PLACEMENT_3D('',#2509,#2510,#2511);
#2509 = CARTESIAN_POINT('',(7.6,-2.E-17,-3.));
#2510 = DIRECTION('',(-0.,0.,1.));
#2511 = DIRECTION('',(1.,0.,0.));
#2512 = ( GEOMETRIC_REPRESENTATION_CONTEXT(3) 
GLOBAL_UNCERTAINTY_ASSIGNED_CONTEXT((#2516)) 
GLOBAL_UNIT_ASSIGNED_CONTEXT((#2513,#2514,#2515)) REPRESENTATION_CONTEXT
('Context #1','3D Context with UNIT and UNCERTAINTY') );
#2513 = ( LENGTH_UNIT() NAMED_UNIT(*) SI_UNIT(.MILLI.,.METRE.) );
#2514 = ( NAMED_UNIT(*) PLANE_ANGLE_UNIT() SI_UNIT($,.RADIAN.) );
#2515 = ( NAMED_UNIT(*) SI_UNIT($,.STERADIAN.) SOLID_ANGLE_UNIT() );
#2516 = UNCERTAINTY_MEASURE_WITH_UNIT(LENGTH_MEASURE(1.E-07),#2513,
  'distance_accuracy_value','confusion accuracy');
#2517 = CONTEXT_DEPENDENT_SHAPE_REPRESENTATION(#2518,#2520);
#2518 = ( REPRESENTATION_RELATIONSHIP('','',#2219,#2196) 
REPRESENTATION_RELATIONSHIP_WITH_TRANSFORMATION(#2519) 
SHAPE_REPRESENTATION_RELATIONSHIP() );
#2519 = ITEM_DEFINED_TRANSFORMATION('','',#11,#2197);
#2520 = PRODUCT_DEFINITION_SHAPE('Placement','Placement of an item',
  #2521);
#2521 = NEXT_ASSEMBLY_USAGE_OCCURRENCE('3','Buzzer_12x95RM76','',#2191,
  #2214,$);
#2522 = PRODUCT_RELATED_PRODUCT_CATEGORY('part',$,(#2216));
#2523 = SHAPE_DEFINITION_REPRESENTATION(#2524,#2530);
#2524 = PRODUCT_DEFINITION_SHAPE('','',#2525);
#2525 = PRODUCT_DEFINITION('design','',#2526,#2529);
#2526 = PRODUCT_DEFINITION_FORMATION('','',#2527);
#2527 = PRODUCT('C_Disc_D5.0mm_W2.5mm_P5.00mm',
  'C_Disc_D5.0mm_W2.5mm_P5.00mm','',(#2528));
#2528 = PRODUCT_CONTEXT('',#2,'mechanical');
#2529 = PRODUCT_DEFINITION_CONTEXT('part definition',#2,'design');
#2530 = SHAPE_REPRESENTATION('',(#11,#2531),#2535);
#2531 = AXIS2_PLACEMENT_3D('',#2532,#2533,#2534);
#2532 = CARTESIAN_POINT('',(0.,0.,0.));
#2533 = DIRECTION('',(0.,0.,1.));
#2534 = DIRECTION('',(1.,0.,0.));
#2535 = ( GEOMETRIC_REPRESENTATION_CONTEXT(3) 
GLOBAL_UNCERTAINTY_ASSIGNED_CONTEXT((#2539)) 
GLOBAL_UNIT_ASSIGNED_CONTEXT((#2536,#2537,#2538)) REPRESENTATION_CONTEXT
('Context #1','3D Context with UNIT and UNCERTAINTY') );
#2536 = ( LENGTH_UNIT() NAMED_UNIT(*) SI_UNIT(.MILLI.,.METRE.) );
#2537 = ( NAMED_UNIT(*) PLANE_ANGLE_UNIT() SI_UNIT($,.RADIAN.) );
#2538 = ( NAMED_UNIT(*) SI_UNIT($,.STERADIAN.) SOLID_ANGLE_UNIT() );
#2539 = UNCERTAINTY_MEASURE_WITH_UNIT(LENGTH_MEASURE(2.E-07),#2536,
  'distance_accuracy_value','confusion accuracy');
#2540 = CONTEXT_DEPENDENT_SHAPE_REPRESENTATION(#2541,#2543);
#2541 = ( REPRESENTATION_RELATIONSHIP('','',#2530,#10) 
REPRESENTATION_RELATIONSHIP_WITH_TRANSFORMATION(#2542) 
SHAPE_REPRESENTATION_RELATIONSHIP() );
#2542 = ITEM_DEFINED_TRANSFORMATION('','',#11,#23);
#2543 = PRODUCT_DEFINITION_SHAPE('Placement','Placement of an item',
  #2544);
#2544 = NEXT_ASSEMBLY_USAGE_OCCURRENCE('6',
  'C_Disc_D5.0mm_W2.5mm_P5.00mm','',#5,#2525,$);
#2545 = PRODUCT_RELATED_PRODUCT_CATEGORY('part',$,(#2527));
#2546 = SHAPE_DEFINITION_REPRESENTATION(#2547,#2553);
#2547 = PRODUCT_DEFINITION_SHAPE('','',#2548);
#2548 = PRODUCT_DEFINITION('design','',#2549,#2552);
#2549 = PRODUCT_DEFINITION_FORMATION('','',#2550);
#2550 = PRODUCT('C_Disc_D50mm_W25mm_P500mm','C_Disc_D50mm_W25mm_P500mm',
  '',(#2551));
#2551 = PRODUCT_CONTEXT('',#2,'mechanical');
#2552 = PRODUCT_DEFINITION_CONTEXT('part definition',#2,'design');
#2553 = ADVANCED_BREP_SHAPE_REPRESENTATION('',(#11,#2554),#3036);
#2554 = MANIFOLD_SOLID_BREP('',#2555);
#2555 = CLOSED_SHELL('',(#2556,#2573,#2598,#2628,#2762,#2863,#2945,#2972
    ,#3002,#3027));
#2556 = ADVANCED_FACE('',(#2557),#2568,.T.);
#2557 = FACE_BOUND('',#2558,.F.);
#2558 = EDGE_LOOP('',(#2559));
#2559 = ORIENTED_EDGE('',*,*,#2560,.T.);
#2560 = EDGE_CURVE('',#2561,#2561,#2563,.T.);
#2561 = VERTEX_POINT('',#2562);
#2562 = CARTESIAN_POINT('',(5.,0.25,-2.));
#2563 = CIRCLE('',#2564,0.25);
#2564 = AXIS2_PLACEMENT_3D('',#2565,#2566,#2567);
#2565 = CARTESIAN_POINT('',(5.,0.,-2.));
#2566 = DIRECTION('',(0.,-0.,1.));
#2567 = DIRECTION('',(1.E-17,1.,0.));
#2568 = PLANE('',#2569);
#2569 = AXIS2_PLACEMENT_3D('',#2570,#2571,#2572);
#2570 = CARTESIAN_POINT('',(5.,0.25,-2.));
#2571 = DIRECTION('',(-0.,0.,-1.));
#2572 = DIRECTION('',(-1.E-17,-1.,0.));
#2573 = ADVANCED_FACE('',(#2574),#2593,.T.);
#2574 = FACE_BOUND('',#2575,.T.);
#2575 = EDGE_LOOP('',(#2576,#2584,#2591,#2592));
#2576 = ORIENTED_EDGE('',*,*,#2577,.T.);
#2577 = EDGE_CURVE('',#2561,#2578,#2580,.T.);
#2578 = VERTEX_POINT('',#2579);
#2579 = CARTESIAN_POINT('',(5.,0.25,0.85));
#2580 = LINE('',#2581,#2582);
#2581 = CARTESIAN_POINT('',(5.,0.25,-2.));
#2582 = VECTOR('',#2583,1.);
#2583 = DIRECTION('',(0.,0.,1.));
#2584 = ORIENTED_EDGE('',*,*,#2585,.F.);
#2585 = EDGE_CURVE('',#2578,#2578,#2586,.T.);
#2586 = CIRCLE('',#2587,0.25);
#2587 = AXIS2_PLACEMENT_3D('',#2588,#2589,#2590);
#2588 = CARTESIAN_POINT('',(5.,0.,0.85));
#2589 = DIRECTION('',(0.,-0.,1.));
#2590 = DIRECTION('',(1.E-17,1.,0.));
#2591 = ORIENTED_EDGE('',*,*,#2577,.F.);
#2592 = ORIENTED_EDGE('',*,*,#2560,.T.);
#2593 = CYLINDRICAL_SURFACE('',#2594,0.25);
#2594 = AXIS2_PLACEMENT_3D('',#2595,#2596,#2597);
#2595 = CARTESIAN_POINT('',(5.,0.,-2.));
#2596 = DIRECTION('',(0.,-0.,-1.));
#2597 = DIRECTION('',(1.E-17,1.,0.));
#2598 = ADVANCED_FACE('',(#2599),#2619,.F.);
#2599 = FACE_BOUND('',#2600,.F.);
#2600 = EDGE_LOOP('',(#2601,#2610,#2611,#2612));
#2601 = ORIENTED_EDGE('',*,*,#2602,.F.);
#2602 = EDGE_CURVE('',#2578,#2603,#2605,.T.);
#2603 = VERTEX_POINT('',#2604);
#2604 = CARTESIAN_POINT('',(4.933012701892,0.25,1.1));
#2605 = CIRCLE('',#2606,0.5);
#2606 = AXIS2_PLACEMENT_3D('',#2607,#2608,#2609);
#2607 = CARTESIAN_POINT('',(4.5,0.25,0.85));
#2608 = DIRECTION('',(-1.E-17,-1.,0.));
#2609 = DIRECTION('',(1.,-1.E-17,0.));
#2610 = ORIENTED_EDGE('',*,*,#2585,.F.);
#2611 = ORIENTED_EDGE('',*,*,#2602,.T.);
#2612 = ORIENTED_EDGE('',*,*,#2613,.T.);
#2613 = EDGE_CURVE('',#2603,#2603,#2614,.T.);
#2614 = CIRCLE('',#2615,0.25);
#2615 = AXIS2_PLACEMENT_3D('',#2616,#2617,#2618);
#2616 = CARTESIAN_POINT('',(4.933012701892,0.,1.1));
#2617 = DIRECTION('',(-0.5,1.E-17,0.866025403784));
#2618 = DIRECTION('',(1.25E-17,1.,-4.33012701892E-18));
#2619 = SURFACE_OF_REVOLUTION('',#2620,#2625);
#2620 = CIRCLE('',#2621,0.25);
#2621 = AXIS2_PLACEMENT_3D('',#2622,#2623,#2624);
#2622 = CARTESIAN_POINT('',(5.,0.,0.85));
#2623 = DIRECTION('',(0.,-0.,1.));
#2624 = DIRECTION('',(1.E-17,1.,0.));
#2625 = AXIS1_PLACEMENT('',#2626,#2627);
#2626 = CARTESIAN_POINT('',(4.5,-4.,0.85));
#2627 = DIRECTION('',(-1.E-17,-1.,0.));
#2628 = ADVANCED_FACE('',(#2629),#2757,.T.);
#2629 = FACE_BOUND('',#2630,.T.);
#2630 = EDGE_LOOP('',(#2631,#2639,#2676,#2732,#2755,#2756));
#2631 = ORIENTED_EDGE('',*,*,#2632,.T.);
#2632 = EDGE_CURVE('',#2603,#2633,#2635,.T.);
#2633 = VERTEX_POINT('',#2634);
#2634 = CARTESIAN_POINT('',(4.598334876348,0.25,1.67967899801));
#2635 = LINE('',#2636,#2637);
#2636 = CARTESIAN_POINT('',(4.933012701892,0.25,1.1));
#2637 = VECTOR('',#2638,1.);
#2638 = DIRECTION('',(-0.5,1.E-17,0.866025403784));
#2639 = ORIENTED_EDGE('',*,*,#2640,.F.);
#2640 = EDGE_CURVE('',#2641,#2633,#2643,.T.);
#2641 = VERTEX_POINT('',#2642);
#2642 = CARTESIAN_POINT('',(4.849268064747,0.,1.745049966396));
#2643 = B_SPLINE_CURVE_WITH_KNOTS('',7,(#2644,#2645,#2646,#2647,#2648,
    #2649,#2650,#2651,#2652,#2653,#2654,#2655,#2656,#2657,#2658,#2659,
    #2660,#2661,#2662,#2663,#2664,#2665,#2666,#2667,#2668,#2669,#2670,
    #2671,#2672,#2673,#2674,#2675),.UNSPECIFIED.,.F.,.F.,(8,6,6,6,6,8),(
    0.,0.241763709565,0.410219393977,0.53652090117,0.746819928834,1.),
  .UNSPECIFIED.);
#2644 = CARTESIAN_POINT('',(4.849268064747,2.2E-16,1.745049966396));
#2645 = CARTESIAN_POINT('',(4.844364001498,1.001758874615E-02,
    1.753544053108));
#2646 = CARTESIAN_POINT('',(4.839050542048,2.032222277663E-02,
    1.761810882376));
#2647 = CARTESIAN_POINT('',(4.833282119644,3.09553234543E-02,
    1.769830860094));
#2648 = CARTESIAN_POINT('',(4.827007808277,4.19533636841E-02,
    1.777563706468));
#2649 = CARTESIAN_POINT('',(4.820156869887,5.335972239721E-02,
    1.784937757425));
#2650 = CARTESIAN_POINT('',(4.812654445026,6.521344490044E-02,
    1.791860790374));
#2651 = CARTESIAN_POINT('',(4.798541655418,8.626048624641E-02,
    1.802556496601));
#2652 = CARTESIAN_POINT('',(4.792502758244,9.494432076344E-02,
    1.80653384436));
#2653 = CARTESIAN_POINT('',(4.786214684815,0.103658414056,1.810054547962
    ));
#2654 = CARTESIAN_POINT('',(4.779676548822,0.112384519975,1.813070715723
    ));
#2655 = CARTESIAN_POINT('',(4.772892242487,0.121096801108,1.815528388152
    ));
#2656 = CARTESIAN_POINT('',(4.765870436561,0.129761828785,1.817367537947
    ));
#2657 = CARTESIAN_POINT('',(4.753191919698,0.144769099183,1.819387693132
    ));
#2658 = CARTESIAN_POINT('',(4.747633142674,0.151151003548,1.819870466346
    ));
#2659 = CARTESIAN_POINT('',(4.741957304551,0.157462287585,1.819940124931
    ));
#2660 = CARTESIAN_POINT('',(4.736177207874,0.16367854908,1.819570425239)
  );
#2661 = CARTESIAN_POINT('',(4.730309402433,0.169772992177,1.818739144678
    ));
#2662 = CARTESIAN_POINT('',(4.724374185264,0.175716427387,1.817428081711
    ));
#2663 = CARTESIAN_POINT('',(4.708440925053,0.191069397272,1.812617587517
    ));
#2664 = CARTESIAN_POINT('',(4.698342251762,0.200179567672,1.808239048518
    ));
#2665 = CARTESIAN_POINT('',(4.688276068011,0.208600246808,1.802446960471
    ));
#2666 = CARTESIAN_POINT('',(4.678382446843,0.216203663219,1.795293526394
    ));
#2667 = CARTESIAN_POINT('',(4.668780572755,0.222911046087,1.786901062703
    ));
#2668 = CARTESIAN_POINT('',(4.659576067045,0.228682208447,1.777454057665
    ));
#2669 = CARTESIAN_POINT('',(4.640366931202,0.239356313732,1.754867994485
    ));
#2670 = CARTESIAN_POINT('',(4.631423567489,0.24337539305,1.742360451828)
  );
#2671 = CARTESIAN_POINT('',(4.623444904041,0.246276217548,1.729806365285
    ));
#2672 = CARTESIAN_POINT('',(4.616297148448,0.248221538981,1.717250157528
    ));
#2673 = CARTESIAN_POINT('',(4.60978615485,0.249434404961,1.704718873159)
  );
#2674 = CARTESIAN_POINT('',(4.603828651289,0.249999998934,1.692204820721
    ));
#2675 = CARTESIAN_POINT('',(4.598334876348,0.25,1.67967899801));
#2676 = ORIENTED_EDGE('',*,*,#2677,.F.);
#2677 = EDGE_CURVE('',#2678,#2641,#2680,.T.);
#2678 = VERTEX_POINT('',#2679);
#2679 = CARTESIAN_POINT('',(4.579497089263,0.,1.212307002343));
#2680 = B_SPLINE_CURVE_WITH_KNOTS('',8,(#2681,#2682,#2683,#2684,#2685,
    #2686,#2687,#2688,#2689,#2690,#2691,#2692,#2693,#2694,#2695,#2696,
    #2697,#2698,#2699,#2700,#2701,#2702,#2703,#2704,#2705,#2706,#2707,
    #2708,#2709,#2710,#2711,#2712,#2713,#2714,#2715,#2716,#2717,#2718,
    #2719,#2720,#2721,#2722,#2723,#2724,#2725,#2726,#2727,#2728,#2729,
    #2730,#2731),.UNSPECIFIED.,.F.,.F.,(9,7,7,7,7,7,7,9),(0.,
    0.19078736286,0.369786424479,0.513703292981,0.651485740399,
    0.719841574329,0.850671073529,1.),.UNSPECIFIED.);
#2681 = CARTESIAN_POINT('',(4.579497089263,2.5E-16,1.212307002343));
#2682 = CARTESIAN_POINT('',(4.573387972941,-1.460665884341E-02,
    1.222888302202));
#2683 = CARTESIAN_POINT('',(4.567872793808,-2.901585421323E-02,
    1.234391492263));
#2684 = CARTESIAN_POINT('',(4.562924967853,-4.321614467519E-02,
    1.246770598809));
#2685 = CARTESIAN_POINT('',(4.558529269717,-5.719266388664E-02,
    1.259994825522));
#2686 = CARTESIAN_POINT('',(4.554678380237,-7.092786565873E-02,
    1.274043557557));
#2687 = CARTESIAN_POINT('',(4.551371358063,-8.440178729829E-02,
    1.288904308098));
#2688 = CARTESIAN_POINT('',(4.54861403534,-9.75918312297E-02,
    1.304573607428));
#2689 = CARTESIAN_POINT('',(4.544364121213,-0.122556459299,
    1.336529354653));
#2690 = CARTESIAN_POINT('',(4.54280525738,-0.134360058047,1.352707443955
    ));
#2691 = CARTESIAN_POINT('',(4.541755282839,-0.145866851387,
    1.369607709551));
#2692 = CARTESIAN_POINT('',(4.541233573854,-0.157050082566,
    1.387243425374));
#2693 = CARTESIAN_POINT('',(4.541269384929,-0.167871628778,
    1.405629460697));
#2694 = CARTESIAN_POINT('',(4.541900768006,-0.178282922567,
    1.424780748836));
#2695 = CARTESIAN_POINT('',(4.543178413136,-0.188223408141,
    1.444716731634));
#2696 = CARTESIAN_POINT('',(4.546791913086,-0.205161463833,
    1.482174244549));
#2697 = CARTESIAN_POINT('',(4.548867568358,-0.212336815491,
    1.499365112402));
#2698 = CARTESIAN_POINT('',(4.551449322994,-0.21911262951,1.517101248612
    ));
#2699 = CARTESIAN_POINT('',(4.554588949033,-0.225434790367,
    1.535405455025));
#2700 = CARTESIAN_POINT('',(4.558351203287,-0.23121980149,1.554273840107
    ));
#2701 = CARTESIAN_POINT('',(4.562809380792,-0.236360279408,1.57367194637
    ));
#2702 = CARTESIAN_POINT('',(4.56804938678,-0.240723818141,1.593536348114
    ));
#2703 = CARTESIAN_POINT('',(4.580083375897,-0.247394677691,
    1.633180338834));
#2704 = CARTESIAN_POINT('',(4.586845109335,-0.249805464857,1.65307009704
    ));
#2705 = CARTESIAN_POINT('',(4.594548081019,-0.25114837322,1.673181590757
    ));
#2706 = CARTESIAN_POINT('',(4.603234095602,-0.251199397317,
    1.693144207547));
#2707 = CARTESIAN_POINT('',(4.612904709005,-0.249766604459,
    1.712525487432));
#2708 = CARTESIAN_POINT('',(4.623510669589,-0.246703489644,
    1.730835828697));
#2709 = CARTESIAN_POINT('',(4.634913431764,-0.241958998128,
    1.747561890486));
#2710 = CARTESIAN_POINT('',(4.652674340329,-0.232636318869,
    1.769587500065));
#2711 = CARTESIAN_POINT('',(4.658793561142,-0.229121074946,
    1.776545002843));
#2712 = CARTESIAN_POINT('',(4.665132494898,-0.225165084099,1.78308873275
    ));
#2713 = CARTESIAN_POINT('',(4.671673437455,-0.220762392381,
    1.789157782984));
#2714 = CARTESIAN_POINT('',(4.678390938392,-0.215918012519,
    1.794697882872));
#2715 = CARTESIAN_POINT('',(4.685251801011,-0.210647923916,1.79966139787
    ));
#2716 = CARTESIAN_POINT('',(4.692215082337,-0.204979072648,1.80400732956
    ));
#2717 = CARTESIAN_POINT('',(4.712662285579,-0.187408838047,
    1.814771412284));
#2718 = CARTESIAN_POINT('',(4.725089984166,-0.175584738619,
    1.818840798146));
#2719 = CARTESIAN_POINT('',(4.736706919844,-0.16366938184,1.820787771474
    ));
#2720 = CARTESIAN_POINT('',(4.747577380936,-0.151759451498,
    1.821004004895));
#2721 = CARTESIAN_POINT('',(4.757786419455,-0.13992141729,1.819855513126
    ));
#2722 = CARTESIAN_POINT('',(4.767404145421,-0.128164571922,
    1.817548969936));
#2723 = CARTESIAN_POINT('',(4.776513227192,-0.116465113698,
    1.814245747812));
#2724 = CARTESIAN_POINT('',(4.795110133981,-9.138315207225E-02,
    1.805184241801));
#2725 = CARTESIAN_POINT('',(4.804401047084,-7.808906169928E-02,
    1.79917878212));
#2726 = CARTESIAN_POINT('',(4.813131750415,-6.487082818957E-02,
    1.792169953268));
#2727 = CARTESIAN_POINT('',(4.821336999308,-5.173108947652E-02,
    1.784267640052));
#2728 = CARTESIAN_POINT('',(4.829040151353,-3.867252726795E-02,
    1.77555243203));
#2729 = CARTESIAN_POINT('',(4.836257613555,-2.569717297862E-02,
    1.766085410303));
#2730 = CARTESIAN_POINT('',(4.842998828532,-1.280624391766E-02,
    1.755908602047));
#2731 = CARTESIAN_POINT('',(4.849268064747,2.5E-16,1.745049966396));
#2732 = ORIENTED_EDGE('',*,*,#2733,.F.);
#2733 = EDGE_CURVE('',#2633,#2678,#2734,.T.);
#2734 = B_SPLINE_CURVE_WITH_KNOTS('',7,(#2735,#2736,#2737,#2738,#2739,
    #2740,#2741,#2742,#2743,#2744,#2745,#2746,#2747,#2748,#2749,#2750,
    #2751,#2752,#2753,#2754),.UNSPECIFIED.,.F.,.F.,(8,6,6,8),(0.,
    0.281994812219,0.607907449028,1.),.UNSPECIFIED.);
#2735 = CARTESIAN_POINT('',(4.598334876348,0.25,1.67967899801));
#2736 = CARTESIAN_POINT('',(4.59140316225,0.249999998655,1.663874664792)
  );
#2737 = CARTESIAN_POINT('',(4.584779319419,0.249097702928,1.647066430358
    ));
#2738 = CARTESIAN_POINT('',(4.57848797922,0.247237965056,1.629245900853)
  );
#2739 = CARTESIAN_POINT('',(4.572567416869,0.244351132052,1.610414633265
    ));
#2740 = CARTESIAN_POINT('',(4.567069136716,0.240354966676,1.590588712837
    ));
#2741 = CARTESIAN_POINT('',(4.562056059024,0.235162078935,1.569806567483
    ));
#2742 = CARTESIAN_POINT('',(4.552465184222,0.221156737986,1.523036611148
    ));
#2743 = CARTESIAN_POINT('',(4.548017978227,0.211820586954,1.496455272772
    ));
#2744 = CARTESIAN_POINT('',(4.544499521247,0.2005382536,1.468779146536)
  );
#2745 = CARTESIAN_POINT('',(4.542122564392,0.187310533223,1.440582892474
    ));
#2746 = CARTESIAN_POINT('',(4.541040445648,0.172323535548,1.41259935383)
  );
#2747 = CARTESIAN_POINT('',(4.541313919702,0.156017752716,1.385700124238
    ));
#2748 = CARTESIAN_POINT('',(4.54438761915,0.119293483306,1.331066240948)
  );
#2749 = CARTESIAN_POINT('',(4.547692372034,9.868060220454E-02,
    1.304224275262));
#2750 = CARTESIAN_POINT('',(4.552320107241,7.804002353955E-02,
    1.280481999293));
#2751 = CARTESIAN_POINT('',(4.557990364705,5.773102402524E-02,
    1.259686288118));
#2752 = CARTESIAN_POINT('',(4.564484824922,3.794535222575E-02,
    1.241582242932));
#2753 = CARTESIAN_POINT('',(4.571664728431,1.872686925256E-02,
    1.225873049248));
#2754 = CARTESIAN_POINT('',(4.579497089263,2.2E-16,1.212307002343));
#2755 = ORIENTED_EDGE('',*,*,#2632,.F.);
#2756 = ORIENTED_EDGE('',*,*,#2613,.T.);
#2757 = CYLINDRICAL_SURFACE('',#2758,0.25);
#2758 = AXIS2_PLACEMENT_3D('',#2759,#2760,#2761);
#2759 = CARTESIAN_POINT('',(4.933012701892,0.,1.1));
#2760 = DIRECTION('',(0.5,-1.E-17,-0.866025403784));
#2761 = DIRECTION('',(1.25E-17,1.,-4.33012701892E-18));
#2762 = ADVANCED_FACE('',(#2763),#2858,.T.);
#2763 = FACE_BOUND('',#2764,.T.);
#2764 = EDGE_LOOP('',(#2765,#2776,#2777,#2784,#2785,#2786,#2795,#2851));
#2765 = ORIENTED_EDGE('',*,*,#2766,.F.);
#2766 = EDGE_CURVE('',#2767,#2769,#2771,.T.);
#2767 = VERTEX_POINT('',#2768);
#2768 = CARTESIAN_POINT('',(2.5,1.25,2.6));
#2769 = VERTEX_POINT('',#2770);
#2770 = CARTESIAN_POINT('',(-1.E-15,0.,2.6));
#2771 = CIRCLE('',#2772,3.125);
#2772 = AXIS2_PLACEMENT_3D('',#2773,#2774,#2775);
#2773 = CARTESIAN_POINT('',(2.5,-1.875,2.6));
#2774 = DIRECTION('',(0.,0.,1.));
#2775 = DIRECTION('',(-7.1E-16,1.,0.));
#2776 = ORIENTED_EDGE('',*,*,#2766,.T.);
#2777 = ORIENTED_EDGE('',*,*,#2778,.F.);
#2778 = EDGE_CURVE('',#2641,#2769,#2779,.T.);
#2779 = CIRCLE('',#2780,2.5);
#2780 = AXIS2_PLACEMENT_3D('',#2781,#2782,#2783);
#2781 = CARTESIAN_POINT('',(2.5,2.2E-16,2.6));
#2782 = DIRECTION('',(0.,-1.,0.));
#2783 = DIRECTION('',(-1.,0.,0.));
#2784 = ORIENTED_EDGE('',*,*,#2640,.T.);
#2785 = ORIENTED_EDGE('',*,*,#2733,.T.);
#2786 = ORIENTED_EDGE('',*,*,#2787,.F.);
#2787 = EDGE_CURVE('',#2788,#2678,#2790,.T.);
#2788 = VERTEX_POINT('',#2789);
#2789 = CARTESIAN_POINT('',(0.420502910737,0.,1.212307002343));
#2790 = CIRCLE('',#2791,2.5);
#2791 = AXIS2_PLACEMENT_3D('',#2792,#2793,#2794);
#2792 = CARTESIAN_POINT('',(2.5,2.2E-16,2.6));
#2793 = DIRECTION('',(0.,-1.,0.));
#2794 = DIRECTION('',(-1.,0.,0.));
#2795 = ORIENTED_EDGE('',*,*,#2796,.T.);
#2796 = EDGE_CURVE('',#2788,#2797,#2799,.T.);
#2797 = VERTEX_POINT('',#2798);
#2798 = CARTESIAN_POINT('',(0.150731935253,0.,1.745049966396));
#2799 = B_SPLINE_CURVE_WITH_KNOTS('',8,(#2800,#2801,#2802,#2803,#2804,
    #2805,#2806,#2807,#2808,#2809,#2810,#2811,#2812,#2813,#2814,#2815,
    #2816,#2817,#2818,#2819,#2820,#2821,#2822,#2823,#2824,#2825,#2826,
    #2827,#2828,#2829,#2830,#2831,#2832,#2833,#2834,#2835,#2836,#2837,
    #2838,#2839,#2840,#2841,#2842,#2843,#2844,#2845,#2846,#2847,#2848,
    #2849,#2850),.UNSPECIFIED.,.F.,.F.,(9,7,7,7,7,7,7,9),(0.,
    0.190787362857,0.369786424466,0.513703292965,0.651485740381,
    0.719841574311,0.85067107352,1.),.UNSPECIFIED.);
#2800 = CARTESIAN_POINT('',(0.420502910737,2.2E-16,1.212307002343));
#2801 = CARTESIAN_POINT('',(0.426612027059,1.460665884349E-02,
    1.222888302202));
#2802 = CARTESIAN_POINT('',(0.432127206192,2.90158542134E-02,
    1.234391492264));
#2803 = CARTESIAN_POINT('',(0.437075032147,4.321614467543E-02,
    1.246770598809));
#2804 = CARTESIAN_POINT('',(0.441470730283,5.719266388696E-02,
    1.259994825523));
#2805 = CARTESIAN_POINT('',(0.445321619763,7.092786565911E-02,
    1.274043557557));
#2806 = CARTESIAN_POINT('',(0.448628641937,8.440178729875E-02,
    1.288904308099));
#2807 = CARTESIAN_POINT('',(0.45138596466,9.759183123022E-02,
    1.304573607429));
#2808 = CARTESIAN_POINT('',(0.455635878787,0.122556459299,1.336529354654
    ));
#2809 = CARTESIAN_POINT('',(0.45719474262,0.134360058047,1.352707443955)
  );
#2810 = CARTESIAN_POINT('',(0.458244717161,0.145866851387,1.36960770955)
  );
#2811 = CARTESIAN_POINT('',(0.458766426146,0.157050082565,1.387243425373
    ));
#2812 = CARTESIAN_POINT('',(0.458730615071,0.167871628776,1.405629460695
    ));
#2813 = CARTESIAN_POINT('',(0.458099231994,0.178282922565,1.424780748833
    ));
#2814 = CARTESIAN_POINT('',(0.456821586864,0.188223408139,1.444716731629
    ));
#2815 = CARTESIAN_POINT('',(0.453208086915,0.205161463831,1.482174244543
    ));
#2816 = CARTESIAN_POINT('',(0.451132431643,0.212336815489,1.499365112397
    ));
#2817 = CARTESIAN_POINT('',(0.448550677007,0.219112629508,1.517101248607
    ));
#2818 = CARTESIAN_POINT('',(0.445411050968,0.225434790365,1.535405455019
    ));
#2819 = CARTESIAN_POINT('',(0.441648796714,0.231219801489,1.554273840102
    ));
#2820 = CARTESIAN_POINT('',(0.437190619209,0.236360279407,1.573671946365
    ));
#2821 = CARTESIAN_POINT('',(0.431950613221,0.24072381814,1.593536348108)
  );
#2822 = CARTESIAN_POINT('',(0.419916624105,0.24739467769,1.633180338828)
  );
#2823 = CARTESIAN_POINT('',(0.413154890668,0.249805464856,1.653070097035
    ));
#2824 = CARTESIAN_POINT('',(0.405451918983,0.25114837322,1.673181590751)
  );
#2825 = CARTESIAN_POINT('',(0.396765904401,0.251199397317,1.693144207542
    ));
#2826 = CARTESIAN_POINT('',(0.387095290998,0.249766604459,1.712525487427
    ));
#2827 = CARTESIAN_POINT('',(0.376489330414,0.246703489645,1.730835828693
    ));
#2828 = CARTESIAN_POINT('',(0.365086568239,0.24195899813,1.747561890482)
  );
#2829 = CARTESIAN_POINT('',(0.347325659674,0.232636318871,1.769587500061
    ));
#2830 = CARTESIAN_POINT('',(0.341206438861,0.229121074948,1.776545002841
    ));
#2831 = CARTESIAN_POINT('',(0.334867505104,0.225165084101,1.783088732748
    ));
#2832 = CARTESIAN_POINT('',(0.328326562548,0.220762392383,1.789157782982
    ));
#2833 = CARTESIAN_POINT('',(0.321609061611,0.215918012521,1.79469788287)
  );
#2834 = CARTESIAN_POINT('',(0.314748198992,0.210647923918,1.799661397867
    ));
#2835 = CARTESIAN_POINT('',(0.307784917667,0.204979072651,1.804007329558
    ));
#2836 = CARTESIAN_POINT('',(0.287337714424,0.187408838051,1.814771412283
    ));
#2837 = CARTESIAN_POINT('',(0.274910015837,0.175584738623,1.818840798145
    ));
#2838 = CARTESIAN_POINT('',(0.263293080159,0.163669381843,1.820787771474
    ));
#2839 = CARTESIAN_POINT('',(0.252422619066,0.151759451501,1.821004004895
    ));
#2840 = CARTESIAN_POINT('',(0.242213580548,0.139921417292,1.819855513126
    ));
#2841 = CARTESIAN_POINT('',(0.23259585458,0.128164571924,1.817548969937)
  );
#2842 = CARTESIAN_POINT('',(0.223486772809,0.1164651137,1.814245747813)
  );
#2843 = CARTESIAN_POINT('',(0.20488986602,9.138315207386E-02,
    1.805184241801));
#2844 = CARTESIAN_POINT('',(0.195598952917,7.808906170067E-02,
    1.799178782121));
#2845 = CARTESIAN_POINT('',(0.186868249586,6.487082819071E-02,
    1.792169953268));
#2846 = CARTESIAN_POINT('',(0.178663000692,5.173108947742E-02,
    1.784267640052));
#2847 = CARTESIAN_POINT('',(0.170959848647,3.867252726864E-02,
    1.775552432031));
#2848 = CARTESIAN_POINT('',(0.163742386445,2.569717297907E-02,
    1.766085410303));
#2849 = CARTESIAN_POINT('',(0.157001171468,1.280624391788E-02,
    1.755908602047));
#2850 = CARTESIAN_POINT('',(0.150731935253,2.2E-16,1.745049966396));
#2851 = ORIENTED_EDGE('',*,*,#2852,.F.);
#2852 = EDGE_CURVE('',#2769,#2797,#2853,.T.);
#2853 = CIRCLE('',#2854,2.5);
#2854 = AXIS2_PLACEMENT_3D('',#2855,#2856,#2857);
#2855 = CARTESIAN_POINT('',(2.5,2.2E-16,2.6));
#2856 = DIRECTION('',(0.,-1.,0.));
#2857 = DIRECTION('',(-1.,0.,0.));
#2858 = SPHERICAL_SURFACE('',#2859,3.125);
#2859 = AXIS2_PLACEMENT_3D('',#2860,#2861,#2862);
#2860 = CARTESIAN_POINT('',(2.5,-1.875,2.6));
#2861 = DIRECTION('',(0.,-1.,0.));
#2862 = DIRECTION('',(-1.,0.,0.));
#2863 = ADVANCED_FACE('',(#2864),#2940,.T.);
#2864 = FACE_BOUND('',#2865,.T.);
#2865 = EDGE_LOOP('',(#2866,#2875,#2876,#2913,#2936,#2937,#2938,#2939));
#2866 = ORIENTED_EDGE('',*,*,#2867,.F.);
#2867 = EDGE_CURVE('',#2769,#2868,#2870,.T.);
#2868 = VERTEX_POINT('',#2869);
#2869 = CARTESIAN_POINT('',(2.5,-1.25,2.6));
#2870 = CIRCLE('',#2871,3.125);
#2871 = AXIS2_PLACEMENT_3D('',#2872,#2873,#2874);
#2872 = CARTESIAN_POINT('',(2.5,1.875,2.6));
#2873 = DIRECTION('',(0.,0.,1.));
#2874 = DIRECTION('',(-0.8,-0.6,0.));
#2875 = ORIENTED_EDGE('',*,*,#2852,.T.);
#2876 = ORIENTED_EDGE('',*,*,#2877,.T.);
#2877 = EDGE_CURVE('',#2797,#2878,#2880,.T.);
#2878 = VERTEX_POINT('',#2879);
#2879 = CARTESIAN_POINT('',(0.401665123652,-0.25,1.67967899801));
#2880 = B_SPLINE_CURVE_WITH_KNOTS('',7,(#2881,#2882,#2883,#2884,#2885,
    #2886,#2887,#2888,#2889,#2890,#2891,#2892,#2893,#2894,#2895,#2896,
    #2897,#2898,#2899,#2900,#2901,#2902,#2903,#2904,#2905,#2906,#2907,
    #2908,#2909,#2910,#2911,#2912),.UNSPECIFIED.,.F.,.F.,(8,6,6,6,6,8),(
    0.,0.241763709606,0.410219394067,0.536520901234,0.746819928873,1.),
  .UNSPECIFIED.);
#2881 = CARTESIAN_POINT('',(0.150731935253,1.9E-16,1.745049966396));
#2882 = CARTESIAN_POINT('',(0.155635998502,-1.00175887458E-02,
    1.753544053108));
#2883 = CARTESIAN_POINT('',(0.160949457952,-2.032222277588E-02,
    1.761810882375));
#2884 = CARTESIAN_POINT('',(0.166717880356,-3.095532345321E-02,
    1.769830860093));
#2885 = CARTESIAN_POINT('',(0.172992191722,-4.195336368249E-02,
    1.777563706467));
#2886 = CARTESIAN_POINT('',(0.179843130112,-5.335972239521E-02,
    1.784937757424));
#2887 = CARTESIAN_POINT('',(0.187345554972,-6.52134448979E-02,
    1.791860790373));
#2888 = CARTESIAN_POINT('',(0.20145834458,-8.626048624403E-02,
    1.8025564966));
#2889 = CARTESIAN_POINT('',(0.207497241755,-9.494432076174E-02,
    1.806533844359));
#2890 = CARTESIAN_POINT('',(0.213785315184,-0.103658414054,
    1.810054547961));
#2891 = CARTESIAN_POINT('',(0.220323451176,-0.112384519971,
    1.813070715722));
#2892 = CARTESIAN_POINT('',(0.227107757509,-0.121096801103,
    1.815528388151));
#2893 = CARTESIAN_POINT('',(0.234129563435,-0.129761828779,
    1.817367537946));
#2894 = CARTESIAN_POINT('',(0.246808080298,-0.14476909918,1.819387693132
    ));
#2895 = CARTESIAN_POINT('',(0.252366857324,-0.151151003546,
    1.819870466346));
#2896 = CARTESIAN_POINT('',(0.258042695449,-0.157462287585,
    1.819940124931));
#2897 = CARTESIAN_POINT('',(0.263822792127,-0.16367854908,1.819570425239
    ));
#2898 = CARTESIAN_POINT('',(0.269690597568,-0.169772992178,
    1.818739144678));
#2899 = CARTESIAN_POINT('',(0.275625814735,-0.175716427386,
    1.817428081711));
#2900 = CARTESIAN_POINT('',(0.291559074948,-0.191069397273,
    1.812617587517));
#2901 = CARTESIAN_POINT('',(0.301657748239,-0.200179567672,
    1.808239048518));
#2902 = CARTESIAN_POINT('',(0.311723931989,-0.208600246808,
    1.802446960471));
#2903 = CARTESIAN_POINT('',(0.321617553155,-0.216203663218,
    1.795293526394));
#2904 = CARTESIAN_POINT('',(0.331219427242,-0.222911046085,
    1.786901062705));
#2905 = CARTESIAN_POINT('',(0.340423932952,-0.228682208446,
    1.777454057668));
#2906 = CARTESIAN_POINT('',(0.359633068796,-0.239356313731,
    1.754867994488));
#2907 = CARTESIAN_POINT('',(0.368576432509,-0.24337539305,1.74236045183)
  );
#2908 = CARTESIAN_POINT('',(0.376555095958,-0.246276217548,
    1.729806365287));
#2909 = CARTESIAN_POINT('',(0.383702851552,-0.248221538981,
    1.717250157529));
#2910 = CARTESIAN_POINT('',(0.39021384515,-0.249434404961,1.70471887316)
  );
#2911 = CARTESIAN_POINT('',(0.396171348711,-0.249999998934,
    1.692204820721));
#2912 = CARTESIAN_POINT('',(0.401665123652,-0.25,1.67967899801));
#2913 = ORIENTED_EDGE('',*,*,#2914,.T.);
#2914 = EDGE_CURVE('',#2878,#2788,#2915,.T.);
#2915 = B_SPLINE_CURVE_WITH_KNOTS('',7,(#2916,#2917,#2918,#2919,#2920,
    #2921,#2922,#2923,#2924,#2925,#2926,#2927,#2928,#2929,#2930,#2931,
    #2932,#2933,#2934,#2935),.UNSPECIFIED.,.F.,.F.,(8,6,6,8),(0.,
    0.281994812224,0.607907449014,1.),.UNSPECIFIED.);
#2916 = CARTESIAN_POINT('',(0.401665123652,-0.25,1.67967899801));
#2917 = CARTESIAN_POINT('',(0.40859683775,-0.249999998655,1.663874664792
    ));
#2918 = CARTESIAN_POINT('',(0.415220680581,-0.249097702928,
    1.647066430357));
#2919 = CARTESIAN_POINT('',(0.42151202078,-0.247237965056,1.629245900852
    ));
#2920 = CARTESIAN_POINT('',(0.427432583132,-0.244351132051,
    1.610414633263));
#2921 = CARTESIAN_POINT('',(0.432930863285,-0.240354966676,
    1.590588712835));
#2922 = CARTESIAN_POINT('',(0.437943940976,-0.235162078934,
    1.569806567481));
#2923 = CARTESIAN_POINT('',(0.447534815778,-0.221156737985,
    1.523036611146));
#2924 = CARTESIAN_POINT('',(0.451982021773,-0.211820586954,
    1.496455272772));
#2925 = CARTESIAN_POINT('',(0.455500478753,-0.200538253601,
    1.468779146538));
#2926 = CARTESIAN_POINT('',(0.457877435607,-0.187310533225,
    1.440582892477));
#2927 = CARTESIAN_POINT('',(0.458959554352,-0.172323535551,
    1.412599353835));
#2928 = CARTESIAN_POINT('',(0.458686080298,-0.15601775272,1.385700124245
    ));
#2929 = CARTESIAN_POINT('',(0.45561238085,-0.119293483311,1.331066240954
    ));
#2930 = CARTESIAN_POINT('',(0.452307627967,-9.868060220835E-02,
    1.304224275266));
#2931 = CARTESIAN_POINT('',(0.44767989276,-7.804002354262E-02,
    1.280481999297));
#2932 = CARTESIAN_POINT('',(0.442009635296,-5.773102402739E-02,
    1.25968628812));
#2933 = CARTESIAN_POINT('',(0.435515175078,-3.79453522272E-02,
    1.241582242933));
#2934 = CARTESIAN_POINT('',(0.42833527157,-1.872686925325E-02,
    1.225873049248));
#2935 = CARTESIAN_POINT('',(0.420502910737,1.9E-16,1.212307002343));
#2936 = ORIENTED_EDGE('',*,*,#2787,.T.);
#2937 = ORIENTED_EDGE('',*,*,#2677,.T.);
#2938 = ORIENTED_EDGE('',*,*,#2778,.T.);
#2939 = ORIENTED_EDGE('',*,*,#2867,.T.);
#2940 = SPHERICAL_SURFACE('',#2941,3.125);
#2941 = AXIS2_PLACEMENT_3D('',#2942,#2943,#2944);
#2942 = CARTESIAN_POINT('',(2.5,1.875,2.6));
#2943 = DIRECTION('',(0.,-1.,0.));
#2944 = DIRECTION('',(-1.,0.,0.));
#2945 = ADVANCED_FACE('',(#2946),#2967,.T.);
#2946 = FACE_BOUND('',#2947,.T.);
#2947 = EDGE_LOOP('',(#2948,#2956,#2957,#2958,#2959,#2960));
#2948 = ORIENTED_EDGE('',*,*,#2949,.T.);
#2949 = EDGE_CURVE('',#2950,#2878,#2952,.T.);
#2950 = VERTEX_POINT('',#2951);
#2951 = CARTESIAN_POINT('',(6.698729810778E-02,-0.25,1.1));
#2952 = LINE('',#2953,#2954);
#2953 = CARTESIAN_POINT('',(6.698729810778E-02,-0.25,1.1));
#2954 = VECTOR('',#2955,1.);
#2955 = DIRECTION('',(0.5,6.E-17,0.866025403784));
#2956 = ORIENTED_EDGE('',*,*,#2877,.F.);
#2957 = ORIENTED_EDGE('',*,*,#2796,.F.);
#2958 = ORIENTED_EDGE('',*,*,#2914,.F.);
#2959 = ORIENTED_EDGE('',*,*,#2949,.F.);
#2960 = ORIENTED_EDGE('',*,*,#2961,.T.);
#2961 = EDGE_CURVE('',#2950,#2950,#2962,.T.);
#2962 = CIRCLE('',#2963,0.25);
#2963 = AXIS2_PLACEMENT_3D('',#2964,#2965,#2966);
#2964 = CARTESIAN_POINT('',(6.698729810778E-02,0.,1.1));
#2965 = DIRECTION('',(0.5,6.E-17,0.866025403784));
#2966 = DIRECTION('',(1.125E-16,-1.,4.330127018904E-18));
#2967 = CYLINDRICAL_SURFACE('',#2968,0.25);
#2968 = AXIS2_PLACEMENT_3D('',#2969,#2970,#2971);
#2969 = CARTESIAN_POINT('',(6.698729810778E-02,0.,1.1));
#2970 = DIRECTION('',(-0.5,-6.E-17,-0.866025403784));
#2971 = DIRECTION('',(1.125E-16,-1.,4.330127018904E-18));
#2972 = ADVANCED_FACE('',(#2973),#2993,.F.);
#2973 = FACE_BOUND('',#2974,.F.);
#2974 = EDGE_LOOP('',(#2975,#2984,#2991,#2992));
#2975 = ORIENTED_EDGE('',*,*,#2976,.F.);
#2976 = EDGE_CURVE('',#2977,#2950,#2979,.T.);
#2977 = VERTEX_POINT('',#2978);
#2978 = CARTESIAN_POINT('',(0.,-0.25,0.85));
#2979 = CIRCLE('',#2980,0.5);
#2980 = AXIS2_PLACEMENT_3D('',#2981,#2982,#2983);
#2981 = CARTESIAN_POINT('',(0.5,-0.25,0.85));
#2982 = DIRECTION('',(-1.1E-16,1.,0.));
#2983 = DIRECTION('',(-1.,-1.1E-16,0.));
#2984 = ORIENTED_EDGE('',*,*,#2985,.F.);
#2985 = EDGE_CURVE('',#2977,#2977,#2986,.T.);
#2986 = CIRCLE('',#2987,0.25);
#2987 = AXIS2_PLACEMENT_3D('',#2988,#2989,#2990);
#2988 = CARTESIAN_POINT('',(1.7E-16,0.,0.85));
#2989 = DIRECTION('',(-0.,0.,1.));
#2990 = DIRECTION('',(1.1E-16,-1.,0.));
#2991 = ORIENTED_EDGE('',*,*,#2976,.T.);
#2992 = ORIENTED_EDGE('',*,*,#2961,.T.);
#2993 = SURFACE_OF_REVOLUTION('',#2994,#2999);
#2994 = CIRCLE('',#2995,0.25);
#2995 = AXIS2_PLACEMENT_3D('',#2996,#2997,#2998);
#2996 = CARTESIAN_POINT('',(1.7E-16,0.,0.85));
#2997 = DIRECTION('',(-0.,0.,1.));
#2998 = DIRECTION('',(1.1E-16,-1.,0.));
#2999 = AXIS1_PLACEMENT('',#3000,#3001);
#3000 = CARTESIAN_POINT('',(0.5,4.,0.85));
#3001 = DIRECTION('',(-1.1E-16,1.,0.));
#3002 = ADVANCED_FACE('',(#3003),#3022,.T.);
#3003 = FACE_BOUND('',#3004,.T.);
#3004 = EDGE_LOOP('',(#3005,#3013,#3014,#3015));
#3005 = ORIENTED_EDGE('',*,*,#3006,.T.);
#3006 = EDGE_CURVE('',#3007,#2977,#3009,.T.);
#3007 = VERTEX_POINT('',#3008);
#3008 = CARTESIAN_POINT('',(0.,-0.25,-2.));
#3009 = LINE('',#3010,#3011);
#3010 = CARTESIAN_POINT('',(1.9E-16,-0.25,-2.));
#3011 = VECTOR('',#3012,1.);
#3012 = DIRECTION('',(0.,0.,1.));
#3013 = ORIENTED_EDGE('',*,*,#2985,.F.);
#3014 = ORIENTED_EDGE('',*,*,#3006,.F.);
#3015 = ORIENTED_EDGE('',*,*,#3016,.T.);
#3016 = EDGE_CURVE('',#3007,#3007,#3017,.T.);
#3017 = CIRCLE('',#3018,0.25);
#3018 = AXIS2_PLACEMENT_3D('',#3019,#3020,#3021);
#3019 = CARTESIAN_POINT('',(1.7E-16,0.,-2.));
#3020 = DIRECTION('',(-0.,0.,1.));
#3021 = DIRECTION('',(1.1E-16,-1.,0.));
#3022 = CYLINDRICAL_SURFACE('',#3023,0.25);
#3023 = AXIS2_PLACEMENT_3D('',#3024,#3025,#3026);
#3024 = CARTESIAN_POINT('',(1.7E-16,0.,-2.));
#3025 = DIRECTION('',(-0.,0.,-1.));
#3026 = DIRECTION('',(1.1E-16,-1.,-0.));
#3027 = ADVANCED_FACE('',(#3028),#3031,.T.);
#3028 = FACE_BOUND('',#3029,.F.);
#3029 = EDGE_LOOP('',(#3030));
#3030 = ORIENTED_EDGE('',*,*,#3016,.T.);
#3031 = PLANE('',#3032);
#3032 = AXIS2_PLACEMENT_3D('',#3033,#3034,#3035);
#3033 = CARTESIAN_POINT('',(1.9E-16,-0.25,-2.));
#3034 = DIRECTION('',(0.,0.,-1.));
#3035 = DIRECTION('',(-1.1E-16,1.,0.));
#3036 = ( GEOMETRIC_REPRESENTATION_CONTEXT(3) 
GLOBAL_UNCERTAINTY_ASSIGNED_CONTEXT((#3040)) 
GLOBAL_UNIT_ASSIGNED_CONTEXT((#3037,#3038,#3039)) REPRESENTATION_CONTEXT
('Context #1','3D Context with UNIT and UNCERTAINTY') );
#3037 = ( LENGTH_UNIT() NAMED_UNIT(*) SI_UNIT(.MILLI.,.METRE.) );
#3038 = ( NAMED_UNIT(*) PLANE_ANGLE_UNIT() SI_UNIT($,.RADIAN.) );
#3039 = ( NAMED_UNIT(*) SI_UNIT($,.STERADIAN.) SOLID_ANGLE_UNIT() );
#3040 = UNCERTAINTY_MEASURE_WITH_UNIT(LENGTH_MEASURE(2.E-07),#3037,
  'distance_accuracy_value','confusion accuracy');
#3041 = CONTEXT_DEPENDENT_SHAPE_REPRESENTATION(#3042,#3044);
#3042 = ( REPRESENTATION_RELATIONSHIP('','',#2553,#2530) 
REPRESENTATION_RELATIONSHIP_WITH_TRANSFORMATION(#3043) 
SHAPE_REPRESENTATION_RELATIONSHIP() );
#3043 = ITEM_DEFINED_TRANSFORMATION('','',#11,#2531);
#3044 = PRODUCT_DEFINITION_SHAPE('Placement','Placement of an item',
  #3045);
#3045 = NEXT_ASSEMBLY_USAGE_OCCURRENCE('5','C_Disc_D50mm_W25mm_P500mm',
  '',#2525,#2548,$);
#3046 = PRODUCT_RELATED_PRODUCT_CATEGORY('part',$,(#2550));
#3047 = SHAPE_DEFINITION_REPRESENTATION(#3048,#3054);
#3048 = PRODUCT_DEFINITION_SHAPE('','',#3049);
#3049 = PRODUCT_DEFINITION('design','',#3050,#3053);
#3050 = PRODUCT_DEFINITION_FORMATION('','',#3051);
#3051 = PRODUCT('PinHeader_1x03_P2.54mm_Vertical001',
  'PinHeader_1x03_P2.54mm_Vertical001','',(#3052));
#3052 = PRODUCT_CONTEXT('',#2,'mechanical');
#3053 = PRODUCT_DEFINITION_CONTEXT('part definition',#2,'design');
#3054 = SHAPE_REPRESENTATION('',(#11,#3055),#3059);
#3055 = AXIS2_PLACEMENT_3D('',#3056,#3057,#3058);
#3056 = CARTESIAN_POINT('',(0.,0.,0.));
#3057 = DIRECTION('',(0.,0.,1.));
#3058 = DIRECTION('',(1.,0.,0.));
#3059 = ( GEOMETRIC_REPRESENTATION_CONTEXT(3) 
GLOBAL_UNCERTAINTY_ASSIGNED_CONTEXT((#3063)) 
GLOBAL_UNIT_ASSIGNED_CONTEXT((#3060,#3061,#3062)) REPRESENTATION_CONTEXT
('Context #1','3D Context with UNIT and UNCERTAINTY') );
#3060 = ( LENGTH_UNIT() NAMED_UNIT(*) SI_UNIT(.MILLI.,.METRE.) );
#3061 = ( NAMED_UNIT(*) PLANE_ANGLE_UNIT() SI_UNIT($,.RADIAN.) );
#3062 = ( NAMED_UNIT(*) SI_UNIT($,.STERADIAN.) SOLID_ANGLE_UNIT() );
#3063 = UNCERTAINTY_MEASURE_WITH_UNIT(LENGTH_MEASURE(1.E-07),#3060,
  'distance_accuracy_value','confusion accuracy');
#3064 = CONTEXT_DEPENDENT_SHAPE_REPRESENTATION(#3065,#3067);
#3065 = ( REPRESENTATION_RELATIONSHIP('','',#3054,#10) 
REPRESENTATION_RELATIONSHIP_WITH_TRANSFORMATION(#3066) 
SHAPE_REPRESENTATION_RELATIONSHIP() );
#3066 = ITEM_DEFINED_TRANSFORMATION('','',#11,#27);
#3067 = PRODUCT_DEFINITION_SHAPE('Placement','Placement of an item',
  #3068);
#3068 = NEXT_ASSEMBLY_USAGE_OCCURRENCE('8',
  'PinHeader_1x03_P2.54mm_Vertical001','',#5,#3049,$);
#3069 = PRODUCT_RELATED_PRODUCT_CATEGORY('part',$,(#3051));
#3070 = SHAPE_DEFINITION_REPRESENTATION(#3071,#3077);
#3071 = PRODUCT_DEFINITION_SHAPE('','',#3072);
#3072 = PRODUCT_DEFINITION('design','',#3073,#3076);
#3073 = PRODUCT_DEFINITION_FORMATION('','',#3074);
#3074 = PRODUCT('PinHeader_1x03_P254mm_Vertical001',
  'PinHeader_1x03_P254mm_Vertical001','',(#3075));
#3075 = PRODUCT_CONTEXT('',#2,'mechanical');
#3076 = PRODUCT_DEFINITION_CONTEXT('part definition',#2,'design');
#3077 = ADVANCED_BREP_SHAPE_REPRESENTATION('',(#11,#3078),#5184);
#3078 = MANIFOLD_SOLID_BREP('',#3079);
#3079 = CLOSED_SHELL('',(#3080,#3120,#3151,#3182,#3429,#3676,#3693,#3710
    ,#3727,#3744,#3761,#3778,#3795,#3812,#3829,#3846,#3863,#3880,#3897,
    #3914,#3931,#3948,#3960,#3991,#4015,#4039,#4056,#4087,#4111,#4135,
    #4152,#4183,#4207,#4231,#4248,#4279,#4303,#4327,#4344,#4375,#4399,
    #4423,#4440,#4471,#4495,#4519,#4536,#4567,#4591,#4615,#4632,#4663,
    #4687,#4711,#4728,#4759,#4783,#4807,#4824,#4855,#4879,#4903,#4920,
    #4951,#4975,#4999,#5016,#5047,#5071,#5095,#5112,#5124,#5136,#5148,
    #5160,#5172));
#3080 = ADVANCED_FACE('',(#3081),#3115,.F.);
#3081 = FACE_BOUND('',#3082,.F.);
#3082 = EDGE_LOOP('',(#3083,#3093,#3101,#3109));
#3083 = ORIENTED_EDGE('',*,*,#3084,.T.);
#3084 = EDGE_CURVE('',#3085,#3087,#3089,.T.);
#3085 = VERTEX_POINT('',#3086);
#3086 = CARTESIAN_POINT('',(-1.016,1.27,0.));
#3087 = VERTEX_POINT('',#3088);
#3088 = CARTESIAN_POINT('',(-1.016,1.27,2.54));
#3089 = LINE('',#3090,#3091);
#3090 = CARTESIAN_POINT('',(-1.016,1.27,0.));
#3091 = VECTOR('',#3092,1.);
#3092 = DIRECTION('',(0.,0.,1.));
#3093 = ORIENTED_EDGE('',*,*,#3094,.T.);
#3094 = EDGE_CURVE('',#3087,#3095,#3097,.T.);
#3095 = VERTEX_POINT('',#3096);
#3096 = CARTESIAN_POINT('',(-1.27,1.016,2.54));
#3097 = LINE('',#3098,#3099);
#3098 = CARTESIAN_POINT('',(-1.016,1.27,2.54));
#3099 = VECTOR('',#3100,1.);
#3100 = DIRECTION('',(-0.707106781187,-0.707106781187,0.));
#3101 = ORIENTED_EDGE('',*,*,#3102,.F.);
#3102 = EDGE_CURVE('',#3103,#3095,#3105,.T.);
#3103 = VERTEX_POINT('',#3104);
#3104 = CARTESIAN_POINT('',(-1.27,1.016,0.));
#3105 = LINE('',#3106,#3107);
#3106 = CARTESIAN_POINT('',(-1.27,1.016,0.));
#3107 = VECTOR('',#3108,1.);
#3108 = DIRECTION('',(0.,0.,1.));
#3109 = ORIENTED_EDGE('',*,*,#3110,.F.);
#3110 = EDGE_CURVE('',#3085,#3103,#3111,.T.);
#3111 = LINE('',#3112,#3113);
#3112 = CARTESIAN_POINT('',(-1.016,1.27,0.));
#3113 = VECTOR('',#3114,1.);
#3114 = DIRECTION('',(-0.707106781187,-0.707106781187,0.));
#3115 = PLANE('',#3116);
#3116 = AXIS2_PLACEMENT_3D('',#3117,#3118,#3119);
#3117 = CARTESIAN_POINT('',(-1.016,1.27,0.));
#3118 = DIRECTION('',(0.707106781187,-0.707106781187,0.));
#3119 = DIRECTION('',(-0.707106781187,-0.707106781187,0.));
#3120 = ADVANCED_FACE('',(#3121),#3146,.F.);
#3121 = FACE_BOUND('',#3122,.F.);
#3122 = EDGE_LOOP('',(#3123,#3133,#3139,#3140));
#3123 = ORIENTED_EDGE('',*,*,#3124,.T.);
#3124 = EDGE_CURVE('',#3125,#3127,#3129,.T.);
#3125 = VERTEX_POINT('',#3126);
#3126 = CARTESIAN_POINT('',(1.016,1.27,0.));
#3127 = VERTEX_POINT('',#3128);
#3128 = CARTESIAN_POINT('',(1.016,1.27,2.54));
#3129 = LINE('',#3130,#3131);
#3130 = CARTESIAN_POINT('',(1.016,1.27,0.));
#3131 = VECTOR('',#3132,1.);
#3132 = DIRECTION('',(0.,0.,1.));
#3133 = ORIENTED_EDGE('',*,*,#3134,.T.);
#3134 = EDGE_CURVE('',#3127,#3087,#3135,.T.);
#3135 = LINE('',#3136,#3137);
#3136 = CARTESIAN_POINT('',(1.016,1.27,2.54));
#3137 = VECTOR('',#3138,1.);
#3138 = DIRECTION('',(-1.,0.,0.));
#3139 = ORIENTED_EDGE('',*,*,#3084,.F.);
#3140 = ORIENTED_EDGE('',*,*,#3141,.F.);
#3141 = EDGE_CURVE('',#3125,#3085,#3142,.T.);
#3142 = LINE('',#3143,#3144);
#3143 = CARTESIAN_POINT('',(1.016,1.27,0.));
#3144 = VECTOR('',#3145,1.);
#3145 = DIRECTION('',(-1.,0.,0.));
#3146 = PLANE('',#3147);
#3147 = AXIS2_PLACEMENT_3D('',#3148,#3149,#3150);
#3148 = CARTESIAN_POINT('',(1.016,1.27,0.));
#3149 = DIRECTION('',(0.,-1.,0.));
#3150 = DIRECTION('',(-1.,0.,0.));
#3151 = ADVANCED_FACE('',(#3152),#3177,.F.);
#3152 = FACE_BOUND('',#3153,.F.);
#3153 = EDGE_LOOP('',(#3154,#3155,#3163,#3171));
#3154 = ORIENTED_EDGE('',*,*,#3102,.T.);
#3155 = ORIENTED_EDGE('',*,*,#3156,.T.);
#3156 = EDGE_CURVE('',#3095,#3157,#3159,.T.);
#3157 = VERTEX_POINT('',#3158);
#3158 = CARTESIAN_POINT('',(-1.27,-1.016,2.54));
#3159 = LINE('',#3160,#3161);
#3160 = CARTESIAN_POINT('',(-1.27,1.016,2.54));
#3161 = VECTOR('',#3162,1.);
#3162 = DIRECTION('',(0.,-1.,0.));
#3163 = ORIENTED_EDGE('',*,*,#3164,.F.);
#3164 = EDGE_CURVE('',#3165,#3157,#3167,.T.);
#3165 = VERTEX_POINT('',#3166);
#3166 = CARTESIAN_POINT('',(-1.27,-1.016,0.));
#3167 = LINE('',#3168,#3169);
#3168 = CARTESIAN_POINT('',(-1.27,-1.016,0.));
#3169 = VECTOR('',#3170,1.);
#3170 = DIRECTION('',(0.,0.,1.));
#3171 = ORIENTED_EDGE('',*,*,#3172,.F.);
#3172 = EDGE_CURVE('',#3103,#3165,#3173,.T.);
#3173 = LINE('',#3174,#3175);
#3174 = CARTESIAN_POINT('',(-1.27,1.016,0.));
#3175 = VECTOR('',#3176,1.);
#3176 = DIRECTION('',(0.,-1.,0.));
#3177 = PLANE('',#3178);
#3178 = AXIS2_PLACEMENT_3D('',#3179,#3180,#3181);
#3179 = CARTESIAN_POINT('',(-1.27,1.016,0.));
#3180 = DIRECTION('',(1.,0.,0.));
#3181 = DIRECTION('',(0.,-1.,0.));
#3182 = ADVANCED_FACE('',(#3183,#3322,#3356,#3390),#3424,.F.);
#3183 = FACE_BOUND('',#3184,.F.);
#3184 = EDGE_LOOP('',(#3185,#3186,#3187,#3195,#3203,#3211,#3219,#3227,
    #3235,#3243,#3251,#3259,#3267,#3275,#3283,#3291,#3299,#3307,#3315,
    #3321));
#3185 = ORIENTED_EDGE('',*,*,#3110,.T.);
#3186 = ORIENTED_EDGE('',*,*,#3172,.T.);
#3187 = ORIENTED_EDGE('',*,*,#3188,.T.);
#3188 = EDGE_CURVE('',#3165,#3189,#3191,.T.);
#3189 = VERTEX_POINT('',#3190);
#3190 = CARTESIAN_POINT('',(-1.016,-1.27,0.));
#3191 = LINE('',#3192,#3193);
#3192 = CARTESIAN_POINT('',(-1.27,-1.016,0.));
#3193 = VECTOR('',#3194,1.);
#3194 = DIRECTION('',(0.707106781187,-0.707106781187,0.));
#3195 = ORIENTED_EDGE('',*,*,#3196,.T.);
#3196 = EDGE_CURVE('',#3189,#3197,#3199,.T.);
#3197 = VERTEX_POINT('',#3198);
#3198 = CARTESIAN_POINT('',(-1.27,-1.524,0.));
#3199 = LINE('',#3200,#3201);
#3200 = CARTESIAN_POINT('',(-1.016,-1.27,0.));
#3201 = VECTOR('',#3202,1.);
#3202 = DIRECTION('',(-0.707106781187,-0.707106781187,0.));
#3203 = ORIENTED_EDGE('',*,*,#3204,.T.);
#3204 = EDGE_CURVE('',#3197,#3205,#3207,.T.);
#3205 = VERTEX_POINT('',#3206);
#3206 = CARTESIAN_POINT('',(-1.27,-3.556,0.));
#3207 = LINE('',#3208,#3209);
#3208 = CARTESIAN_POINT('',(-1.27,-1.524,0.));
#3209 = VECTOR('',#3210,1.);
#3210 = DIRECTION('',(0.,-1.,0.));
#3211 = ORIENTED_EDGE('',*,*,#3212,.T.);
#3212 = EDGE_CURVE('',#3205,#3213,#3215,.T.);
#3213 = VERTEX_POINT('',#3214);
#3214 = CARTESIAN_POINT('',(-1.016,-3.81,0.));
#3215 = LINE('',#3216,#3217);
#3216 = CARTESIAN_POINT('',(-1.27,-3.556,0.));
#3217 = VECTOR('',#3218,1.);
#3218 = DIRECTION('',(0.707106781187,-0.707106781187,0.));
#3219 = ORIENTED_EDGE('',*,*,#3220,.T.);
#3220 = EDGE_CURVE('',#3213,#3221,#3223,.T.);
#3221 = VERTEX_POINT('',#3222);
#3222 = CARTESIAN_POINT('',(-1.27,-4.064,0.));
#3223 = LINE('',#3224,#3225);
#3224 = CARTESIAN_POINT('',(-1.016,-3.81,0.));
#3225 = VECTOR('',#3226,1.);
#3226 = DIRECTION('',(-0.707106781187,-0.707106781187,0.));
#3227 = ORIENTED_EDGE('',*,*,#3228,.T.);
#3228 = EDGE_CURVE('',#3221,#3229,#3231,.T.);
#3229 = VERTEX_POINT('',#3230);
#3230 = CARTESIAN_POINT('',(-1.27,-6.096,0.));
#3231 = LINE('',#3232,#3233);
#3232 = CARTESIAN_POINT('',(-1.27,-4.064,0.));
#3233 = VECTOR('',#3234,1.);
#3234 = DIRECTION('',(0.,-1.,0.));
#3235 = ORIENTED_EDGE('',*,*,#3236,.T.);
#3236 = EDGE_CURVE('',#3229,#3237,#3239,.T.);
#3237 = VERTEX_POINT('',#3238);
#3238 = CARTESIAN_POINT('',(-1.016,-6.35,0.));
#3239 = LINE('',#3240,#3241);
#3240 = CARTESIAN_POINT('',(-1.27,-6.096,0.));
#3241 = VECTOR('',#3242,1.);
#3242 = DIRECTION('',(0.707106781187,-0.707106781187,0.));
#3243 = ORIENTED_EDGE('',*,*,#3244,.T.);
#3244 = EDGE_CURVE('',#3237,#3245,#3247,.T.);
#3245 = VERTEX_POINT('',#3246);
#3246 = CARTESIAN_POINT('',(1.016,-6.35,0.));
#3247 = LINE('',#3248,#3249);
#3248 = CARTESIAN_POINT('',(-1.016,-6.35,0.));
#3249 = VECTOR('',#3250,1.);
#3250 = DIRECTION('',(1.,0.,0.));
#3251 = ORIENTED_EDGE('',*,*,#3252,.T.);
#3252 = EDGE_CURVE('',#3245,#3253,#3255,.T.);
#3253 = VERTEX_POINT('',#3254);
#3254 = CARTESIAN_POINT('',(1.27,-6.096,0.));
#3255 = LINE('',#3256,#3257);
#3256 = CARTESIAN_POINT('',(1.016,-6.35,0.));
#3257 = VECTOR('',#3258,1.);
#3258 = DIRECTION('',(0.707106781187,0.707106781187,0.));
#3259 = ORIENTED_EDGE('',*,*,#3260,.T.);
#3260 = EDGE_CURVE('',#3253,#3261,#3263,.T.);
#3261 = VERTEX_POINT('',#3262);
#3262 = CARTESIAN_POINT('',(1.27,-4.064,0.));
#3263 = LINE('',#3264,#3265);
#3264 = CARTESIAN_POINT('',(1.27,-6.096,0.));
#3265 = VECTOR('',#3266,1.);
#3266 = DIRECTION('',(0.,1.,0.));
#3267 = ORIENTED_EDGE('',*,*,#3268,.T.);
#3268 = EDGE_CURVE('',#3261,#3269,#3271,.T.);
#3269 = VERTEX_POINT('',#3270);
#3270 = CARTESIAN_POINT('',(1.016,-3.81,0.));
#3271 = LINE('',#3272,#3273);
#3272 = CARTESIAN_POINT('',(1.27,-4.064,0.));
#3273 = VECTOR('',#3274,1.);
#3274 = DIRECTION('',(-0.707106781187,0.707106781187,0.));
#3275 = ORIENTED_EDGE('',*,*,#3276,.T.);
#3276 = EDGE_CURVE('',#3269,#3277,#3279,.T.);
#3277 = VERTEX_POINT('',#3278);
#3278 = CARTESIAN_POINT('',(1.27,-3.556,0.));
#3279 = LINE('',#3280,#3281);
#3280 = CARTESIAN_POINT('',(1.016,-3.81,0.));
#3281 = VECTOR('',#3282,1.);
#3282 = DIRECTION('',(0.707106781187,0.707106781187,0.));
#3283 = ORIENTED_EDGE('',*,*,#3284,.T.);
#3284 = EDGE_CURVE('',#3277,#3285,#3287,.T.);
#3285 = VERTEX_POINT('',#3286);
#3286 = CARTESIAN_POINT('',(1.27,-1.524,0.));
#3287 = LINE('',#3288,#3289);
#3288 = CARTESIAN_POINT('',(1.27,-3.556,0.));
#3289 = VECTOR('',#3290,1.);
#3290 = DIRECTION('',(0.,1.,0.));
#3291 = ORIENTED_EDGE('',*,*,#3292,.T.);
#3292 = EDGE_CURVE('',#3285,#3293,#3295,.T.);
#3293 = VERTEX_POINT('',#3294);
#3294 = CARTESIAN_POINT('',(1.016,-1.27,0.));
#3295 = LINE('',#3296,#3297);
#3296 = CARTESIAN_POINT('',(1.27,-1.524,0.));
#3297 = VECTOR('',#3298,1.);
#3298 = DIRECTION('',(-0.707106781187,0.707106781187,0.));
#3299 = ORIENTED_EDGE('',*,*,#3300,.T.);
#3300 = EDGE_CURVE('',#3293,#3301,#3303,.T.);
#3301 = VERTEX_POINT('',#3302);
#3302 = CARTESIAN_POINT('',(1.27,-1.016,0.));
#3303 = LINE('',#3304,#3305);
#3304 = CARTESIAN_POINT('',(1.016,-1.27,0.));
#3305 = VECTOR('',#3306,1.);
#3306 = DIRECTION('',(0.707106781187,0.707106781187,0.));
#3307 = ORIENTED_EDGE('',*,*,#3308,.T.);
#3308 = EDGE_CURVE('',#3301,#3309,#3311,.T.);
#3309 = VERTEX_POINT('',#3310);
#3310 = CARTESIAN_POINT('',(1.27,1.016,0.));
#3311 = LINE('',#3312,#3313);
#3312 = CARTESIAN_POINT('',(1.27,-1.016,0.));
#3313 = VECTOR('',#3314,1.);
#3314 = DIRECTION('',(0.,1.,0.));
#3315 = ORIENTED_EDGE('',*,*,#3316,.T.);
#3316 = EDGE_CURVE('',#3309,#3125,#3317,.T.);
#3317 = LINE('',#3318,#3319);
#3318 = CARTESIAN_POINT('',(1.27,1.016,0.));
#3319 = VECTOR('',#3320,1.);
#3320 = DIRECTION('',(-0.707106781187,0.707106781187,0.));
#3321 = ORIENTED_EDGE('',*,*,#3141,.T.);
#3322 = FACE_BOUND('',#3323,.F.);
#3323 = EDGE_LOOP('',(#3324,#3334,#3342,#3350));
#3324 = ORIENTED_EDGE('',*,*,#3325,.F.);
#3325 = EDGE_CURVE('',#3326,#3328,#3330,.T.);
#3326 = VERTEX_POINT('',#3327);
#3327 = CARTESIAN_POINT('',(0.32,-0.32,0.));
#3328 = VERTEX_POINT('',#3329);
#3329 = CARTESIAN_POINT('',(0.32,0.32,0.));
#3330 = LINE('',#3331,#3332);
#3331 = CARTESIAN_POINT('',(0.32,-1.43,0.));
#3332 = VECTOR('',#3333,1.);
#3333 = DIRECTION('',(0.,1.,0.));
#3334 = ORIENTED_EDGE('',*,*,#3335,.T.);
#3335 = EDGE_CURVE('',#3326,#3336,#3338,.T.);
#3336 = VERTEX_POINT('',#3337);
#3337 = CARTESIAN_POINT('',(-0.32,-0.32,0.));
#3338 = LINE('',#3339,#3340);
#3339 = CARTESIAN_POINT('',(-0.16,-0.32,0.));
#3340 = VECTOR('',#3341,1.);
#3341 = DIRECTION('',(-1.,0.,0.));
#3342 = ORIENTED_EDGE('',*,*,#3343,.T.);
#3343 = EDGE_CURVE('',#3336,#3344,#3346,.T.);
#3344 = VERTEX_POINT('',#3345);
#3345 = CARTESIAN_POINT('',(-0.32,0.32,0.));
#3346 = LINE('',#3347,#3348);
#3347 = CARTESIAN_POINT('',(-0.32,-1.43,0.));
#3348 = VECTOR('',#3349,1.);
#3349 = DIRECTION('',(0.,1.,0.));
#3350 = ORIENTED_EDGE('',*,*,#3351,.F.);
#3351 = EDGE_CURVE('',#3328,#3344,#3352,.T.);
#3352 = LINE('',#3353,#3354);
#3353 = CARTESIAN_POINT('',(-0.16,0.32,0.));
#3354 = VECTOR('',#3355,1.);
#3355 = DIRECTION('',(-1.,0.,0.));
#3356 = FACE_BOUND('',#3357,.F.);
#3357 = EDGE_LOOP('',(#3358,#3368,#3376,#3384));
#3358 = ORIENTED_EDGE('',*,*,#3359,.T.);
#3359 = EDGE_CURVE('',#3360,#3362,#3364,.T.);
#3360 = VERTEX_POINT('',#3361);
#3361 = CARTESIAN_POINT('',(0.32,-2.86,0.));
#3362 = VERTEX_POINT('',#3363);
#3363 = CARTESIAN_POINT('',(-0.32,-2.86,0.));
#3364 = LINE('',#3365,#3366);
#3365 = CARTESIAN_POINT('',(-0.16,-2.86,0.));
#3366 = VECTOR('',#3367,1.);
#3367 = DIRECTION('',(-1.,0.,0.));
#3368 = ORIENTED_EDGE('',*,*,#3369,.T.);
#3369 = EDGE_CURVE('',#3362,#3370,#3372,.T.);
#3370 = VERTEX_POINT('',#3371);
#3371 = CARTESIAN_POINT('',(-0.32,-2.22,0.));
#3372 = LINE('',#3373,#3374);
#3373 = CARTESIAN_POINT('',(-0.32,-2.7,0.));
#3374 = VECTOR('',#3375,1.);
#3375 = DIRECTION('',(0.,1.,0.));
#3376 = ORIENTED_EDGE('',*,*,#3377,.F.);
#3377 = EDGE_CURVE('',#3378,#3370,#3380,.T.);
#3378 = VERTEX_POINT('',#3379);
#3379 = CARTESIAN_POINT('',(0.32,-2.22,0.));
#3380 = LINE('',#3381,#3382);
#3381 = CARTESIAN_POINT('',(-0.16,-2.22,0.));
#3382 = VECTOR('',#3383,1.);
#3383 = DIRECTION('',(-1.,0.,0.));
#3384 = ORIENTED_EDGE('',*,*,#3385,.F.);
#3385 = EDGE_CURVE('',#3360,#3378,#3386,.T.);
#3386 = LINE('',#3387,#3388);
#3387 = CARTESIAN_POINT('',(0.32,-2.7,0.));
#3388 = VECTOR('',#3389,1.);
#3389 = DIRECTION('',(0.,1.,0.));
#3390 = FACE_BOUND('',#3391,.F.);
#3391 = EDGE_LOOP('',(#3392,#3402,#3410,#3418));
#3392 = ORIENTED_EDGE('',*,*,#3393,.F.);
#3393 = EDGE_CURVE('',#3394,#3396,#3398,.T.);
#3394 = VERTEX_POINT('',#3395);
#3395 = CARTESIAN_POINT('',(0.32,-4.76,0.));
#3396 = VERTEX_POINT('',#3397);
#3397 = CARTESIAN_POINT('',(-0.32,-4.76,0.));
#3398 = LINE('',#3399,#3400);
#3399 = CARTESIAN_POINT('',(-0.16,-4.76,0.));
#3400 = VECTOR('',#3401,1.);
#3401 = DIRECTION('',(-1.,0.,0.));
#3402 = ORIENTED_EDGE('',*,*,#3403,.F.);
#3403 = EDGE_CURVE('',#3404,#3394,#3406,.T.);
#3404 = VERTEX_POINT('',#3405);
#3405 = CARTESIAN_POINT('',(0.32,-5.4,0.));
#3406 = LINE('',#3407,#3408);
#3407 = CARTESIAN_POINT('',(0.32,-3.97,0.));
#3408 = VECTOR('',#3409,1.);
#3409 = DIRECTION('',(0.,1.,0.));
#3410 = ORIENTED_EDGE('',*,*,#3411,.T.);
#3411 = EDGE_CURVE('',#3404,#3412,#3414,.T.);
#3412 = VERTEX_POINT('',#3413);
#3413 = CARTESIAN_POINT('',(-0.32,-5.4,0.));
#3414 = LINE('',#3415,#3416);
#3415 = CARTESIAN_POINT('',(-0.16,-5.4,0.));
#3416 = VECTOR('',#3417,1.);
#3417 = DIRECTION('',(-1.,0.,0.));
#3418 = ORIENTED_EDGE('',*,*,#3419,.T.);
#3419 = EDGE_CURVE('',#3412,#3396,#3420,.T.);
#3420 = LINE('',#3421,#3422);
#3421 = CARTESIAN_POINT('',(-0.32,-3.97,0.));
#3422 = VECTOR('',#3423,1.);
#3423 = DIRECTION('',(0.,1.,0.));
#3424 = PLANE('',#3425);
#3425 = AXIS2_PLACEMENT_3D('',#3426,#3427,#3428);
#3426 = CARTESIAN_POINT('',(5.E-17,-2.54,0.));
#3427 = DIRECTION('',(0.,0.,1.));
#3428 = DIRECTION('',(1.,0.,-0.));
#3429 = ADVANCED_FACE('',(#3430,#3569,#3603,#3637),#3671,.T.);
#3430 = FACE_BOUND('',#3431,.T.);
#3431 = EDGE_LOOP('',(#3432,#3433,#3434,#3442,#3450,#3458,#3466,#3474,
    #3482,#3490,#3498,#3506,#3514,#3522,#3530,#3538,#3546,#3554,#3562,
    #3568));
#3432 = ORIENTED_EDGE('',*,*,#3094,.T.);
#3433 = ORIENTED_EDGE('',*,*,#3156,.T.);
#3434 = ORIENTED_EDGE('',*,*,#3435,.T.);
#3435 = EDGE_CURVE('',#3157,#3436,#3438,.T.);
#3436 = VERTEX_POINT('',#3437);
#3437 = CARTESIAN_POINT('',(-1.016,-1.27,2.54));
#3438 = LINE('',#3439,#3440);
#3439 = CARTESIAN_POINT('',(-1.27,-1.016,2.54));
#3440 = VECTOR('',#3441,1.);
#3441 = DIRECTION('',(0.707106781187,-0.707106781187,0.));
#3442 = ORIENTED_EDGE('',*,*,#3443,.T.);
#3443 = EDGE_CURVE('',#3436,#3444,#3446,.T.);
#3444 = VERTEX_POINT('',#3445);
#3445 = CARTESIAN_POINT('',(-1.27,-1.524,2.54));
#3446 = LINE('',#3447,#3448);
#3447 = CARTESIAN_POINT('',(-1.016,-1.27,2.54));
#3448 = VECTOR('',#3449,1.);
#3449 = DIRECTION('',(-0.707106781187,-0.707106781187,0.));
#3450 = ORIENTED_EDGE('',*,*,#3451,.T.);
#3451 = EDGE_CURVE('',#3444,#3452,#3454,.T.);
#3452 = VERTEX_POINT('',#3453);
#3453 = CARTESIAN_POINT('',(-1.27,-3.556,2.54));
#3454 = LINE('',#3455,#3456);
#3455 = CARTESIAN_POINT('',(-1.27,-1.524,2.54));
#3456 = VECTOR('',#3457,1.);
#3457 = DIRECTION('',(0.,-1.,0.));
#3458 = ORIENTED_EDGE('',*,*,#3459,.T.);
#3459 = EDGE_CURVE('',#3452,#3460,#3462,.T.);
#3460 = VERTEX_POINT('',#3461);
#3461 = CARTESIAN_POINT('',(-1.016,-3.81,2.54));
#3462 = LINE('',#3463,#3464);
#3463 = CARTESIAN_POINT('',(-1.27,-3.556,2.54));
#3464 = VECTOR('',#3465,1.);
#3465 = DIRECTION('',(0.707106781187,-0.707106781187,0.));
#3466 = ORIENTED_EDGE('',*,*,#3467,.T.);
#3467 = EDGE_CURVE('',#3460,#3468,#3470,.T.);
#3468 = VERTEX_POINT('',#3469);
#3469 = CARTESIAN_POINT('',(-1.27,-4.064,2.54));
#3470 = LINE('',#3471,#3472);
#3471 = CARTESIAN_POINT('',(-1.016,-3.81,2.54));
#3472 = VECTOR('',#3473,1.);
#3473 = DIRECTION('',(-0.707106781187,-0.707106781187,0.));
#3474 = ORIENTED_EDGE('',*,*,#3475,.T.);
#3475 = EDGE_CURVE('',#3468,#3476,#3478,.T.);
#3476 = VERTEX_POINT('',#3477);
#3477 = CARTESIAN_POINT('',(-1.27,-6.096,2.54));
#3478 = LINE('',#3479,#3480);
#3479 = CARTESIAN_POINT('',(-1.27,-4.064,2.54));
#3480 = VECTOR('',#3481,1.);
#3481 = DIRECTION('',(0.,-1.,0.));
#3482 = ORIENTED_EDGE('',*,*,#3483,.T.);
#3483 = EDGE_CURVE('',#3476,#3484,#3486,.T.);
#3484 = VERTEX_POINT('',#3485);
#3485 = CARTESIAN_POINT('',(-1.016,-6.35,2.54));
#3486 = LINE('',#3487,#3488);
#3487 = CARTESIAN_POINT('',(-1.27,-6.096,2.54));
#3488 = VECTOR('',#3489,1.);
#3489 = DIRECTION('',(0.707106781187,-0.707106781187,0.));
#3490 = ORIENTED_EDGE('',*,*,#3491,.T.);
#3491 = EDGE_CURVE('',#3484,#3492,#3494,.T.);
#3492 = VERTEX_POINT('',#3493);
#3493 = CARTESIAN_POINT('',(1.016,-6.35,2.54));
#3494 = LINE('',#3495,#3496);
#3495 = CARTESIAN_POINT('',(-1.016,-6.35,2.54));
#3496 = VECTOR('',#3497,1.);
#3497 = DIRECTION('',(1.,0.,0.));
#3498 = ORIENTED_EDGE('',*,*,#3499,.T.);
#3499 = EDGE_CURVE('',#3492,#3500,#3502,.T.);
#3500 = VERTEX_POINT('',#3501);
#3501 = CARTESIAN_POINT('',(1.27,-6.096,2.54));
#3502 = LINE('',#3503,#3504);
#3503 = CARTESIAN_POINT('',(1.016,-6.35,2.54));
#3504 = VECTOR('',#3505,1.);
#3505 = DIRECTION('',(0.707106781187,0.707106781187,0.));
#3506 = ORIENTED_EDGE('',*,*,#3507,.T.);
#3507 = EDGE_CURVE('',#3500,#3508,#3510,.T.);
#3508 = VERTEX_POINT('',#3509);
#3509 = CARTESIAN_POINT('',(1.27,-4.064,2.54));
#3510 = LINE('',#3511,#3512);
#3511 = CARTESIAN_POINT('',(1.27,-6.096,2.54));
#3512 = VECTOR('',#3513,1.);
#3513 = DIRECTION('',(0.,1.,0.));
#3514 = ORIENTED_EDGE('',*,*,#3515,.T.);
#3515 = EDGE_CURVE('',#3508,#3516,#3518,.T.);
#3516 = VERTEX_POINT('',#3517);
#3517 = CARTESIAN_POINT('',(1.016,-3.81,2.54));
#3518 = LINE('',#3519,#3520);
#3519 = CARTESIAN_POINT('',(1.27,-4.064,2.54));
#3520 = VECTOR('',#3521,1.);
#3521 = DIRECTION('',(-0.707106781187,0.707106781187,0.));
#3522 = ORIENTED_EDGE('',*,*,#3523,.T.);
#3523 = EDGE_CURVE('',#3516,#3524,#3526,.T.);
#3524 = VERTEX_POINT('',#3525);
#3525 = CARTESIAN_POINT('',(1.27,-3.556,2.54));
#3526 = LINE('',#3527,#3528);
#3527 = CARTESIAN_POINT('',(1.016,-3.81,2.54));
#3528 = VECTOR('',#3529,1.);
#3529 = DIRECTION('',(0.707106781187,0.707106781187,0.));
#3530 = ORIENTED_EDGE('',*,*,#3531,.T.);
#3531 = EDGE_CURVE('',#3524,#3532,#3534,.T.);
#3532 = VERTEX_POINT('',#3533);
#3533 = CARTESIAN_POINT('',(1.27,-1.524,2.54));
#3534 = LINE('',#3535,#3536);
#3535 = CARTESIAN_POINT('',(1.27,-3.556,2.54));
#3536 = VECTOR('',#3537,1.);
#3537 = DIRECTION('',(0.,1.,0.));
#3538 = ORIENTED_EDGE('',*,*,#3539,.T.);
#3539 = EDGE_CURVE('',#3532,#3540,#3542,.T.);
#3540 = VERTEX_POINT('',#3541);
#3541 = CARTESIAN_POINT('',(1.016,-1.27,2.54));
#3542 = LINE('',#3543,#3544);
#3543 = CARTESIAN_POINT('',(1.27,-1.524,2.54));
#3544 = VECTOR('',#3545,1.);
#3545 = DIRECTION('',(-0.707106781187,0.707106781187,0.));
#3546 = ORIENTED_EDGE('',*,*,#3547,.T.);
#3547 = EDGE_CURVE('',#3540,#3548,#3550,.T.);
#3548 = VERTEX_POINT('',#3549);
#3549 = CARTESIAN_POINT('',(1.27,-1.016,2.54));
#3550 = LINE('',#3551,#3552);
#3551 = CARTESIAN_POINT('',(1.016,-1.27,2.54));
#3552 = VECTOR('',#3553,1.);
#3553 = DIRECTION('',(0.707106781187,0.707106781187,0.));
#3554 = ORIENTED_EDGE('',*,*,#3555,.T.);
#3555 = EDGE_CURVE('',#3548,#3556,#3558,.T.);
#3556 = VERTEX_POINT('',#3557);
#3557 = CARTESIAN_POINT('',(1.27,1.016,2.54));
#3558 = LINE('',#3559,#3560);
#3559 = CARTESIAN_POINT('',(1.27,-1.016,2.54));
#3560 = VECTOR('',#3561,1.);
#3561 = DIRECTION('',(0.,1.,0.));
#3562 = ORIENTED_EDGE('',*,*,#3563,.T.);
#3563 = EDGE_CURVE('',#3556,#3127,#3564,.T.);
#3564 = LINE('',#3565,#3566);
#3565 = CARTESIAN_POINT('',(1.27,1.016,2.54));
#3566 = VECTOR('',#3567,1.);
#3567 = DIRECTION('',(-0.707106781187,0.707106781187,0.));
#3568 = ORIENTED_EDGE('',*,*,#3134,.T.);
#3569 = FACE_BOUND('',#3570,.T.);
#3570 = EDGE_LOOP('',(#3571,#3581,#3589,#3597));
#3571 = ORIENTED_EDGE('',*,*,#3572,.F.);
#3572 = EDGE_CURVE('',#3573,#3575,#3577,.T.);
#3573 = VERTEX_POINT('',#3574);
#3574 = CARTESIAN_POINT('',(0.32,-0.32,2.54));
#3575 = VERTEX_POINT('',#3576);
#3576 = CARTESIAN_POINT('',(0.32,0.32,2.54));
#3577 = LINE('',#3578,#3579);
#3578 = CARTESIAN_POINT('',(0.32,-1.43,2.54));
#3579 = VECTOR('',#3580,1.);
#3580 = DIRECTION('',(0.,1.,0.));
#3581 = ORIENTED_EDGE('',*,*,#3582,.T.);
#3582 = EDGE_CURVE('',#3573,#3583,#3585,.T.);
#3583 = VERTEX_POINT('',#3584);
#3584 = CARTESIAN_POINT('',(-0.32,-0.32,2.54));
#3585 = LINE('',#3586,#3587);
#3586 = CARTESIAN_POINT('',(-0.16,-0.32,2.54));
#3587 = VECTOR('',#3588,1.);
#3588 = DIRECTION('',(-1.,0.,0.));
#3589 = ORIENTED_EDGE('',*,*,#3590,.T.);
#3590 = EDGE_CURVE('',#3583,#3591,#3593,.T.);
#3591 = VERTEX_POINT('',#3592);
#3592 = CARTESIAN_POINT('',(-0.32,0.32,2.54));
#3593 = LINE('',#3594,#3595);
#3594 = CARTESIAN_POINT('',(-0.32,-1.43,2.54));
#3595 = VECTOR('',#3596,1.);
#3596 = DIRECTION('',(0.,1.,0.));
#3597 = ORIENTED_EDGE('',*,*,#3598,.F.);
#3598 = EDGE_CURVE('',#3575,#3591,#3599,.T.);
#3599 = LINE('',#3600,#3601);
#3600 = CARTESIAN_POINT('',(-0.16,0.32,2.54));
#3601 = VECTOR('',#3602,1.);
#3602 = DIRECTION('',(-1.,0.,0.));
#3603 = FACE_BOUND('',#3604,.T.);
#3604 = EDGE_LOOP('',(#3605,#3615,#3623,#3631));
#3605 = ORIENTED_EDGE('',*,*,#3606,.T.);
#3606 = EDGE_CURVE('',#3607,#3609,#3611,.T.);
#3607 = VERTEX_POINT('',#3608);
#3608 = CARTESIAN_POINT('',(0.32,-2.86,2.54));
#3609 = VERTEX_POINT('',#3610);
#3610 = CARTESIAN_POINT('',(-0.32,-2.86,2.54));
#3611 = LINE('',#3612,#3613);
#3612 = CARTESIAN_POINT('',(-0.16,-2.86,2.54));
#3613 = VECTOR('',#3614,1.);
#3614 = DIRECTION('',(-1.,0.,0.));
#3615 = ORIENTED_EDGE('',*,*,#3616,.T.);
#3616 = EDGE_CURVE('',#3609,#3617,#3619,.T.);
#3617 = VERTEX_POINT('',#3618);
#3618 = CARTESIAN_POINT('',(-0.32,-2.22,2.54));
#3619 = LINE('',#3620,#3621);
#3620 = CARTESIAN_POINT('',(-0.32,-2.7,2.54));
#3621 = VECTOR('',#3622,1.);
#3622 = DIRECTION('',(0.,1.,0.));
#3623 = ORIENTED_EDGE('',*,*,#3624,.F.);
#3624 = EDGE_CURVE('',#3625,#3617,#3627,.T.);
#3625 = VERTEX_POINT('',#3626);
#3626 = CARTESIAN_POINT('',(0.32,-2.22,2.54));
#3627 = LINE('',#3628,#3629);
#3628 = CARTESIAN_POINT('',(-0.16,-2.22,2.54));
#3629 = VECTOR('',#3630,1.);
#3630 = DIRECTION('',(-1.,0.,0.));
#3631 = ORIENTED_EDGE('',*,*,#3632,.F.);
#3632 = EDGE_CURVE('',#3607,#3625,#3633,.T.);
#3633 = LINE('',#3634,#3635);
#3634 = CARTESIAN_POINT('',(0.32,-2.7,2.54));
#3635 = VECTOR('',#3636,1.);
#3636 = DIRECTION('',(0.,1.,0.));
#3637 = FACE_BOUND('',#3638,.T.);
#3638 = EDGE_LOOP('',(#3639,#3649,#3657,#3665));
#3639 = ORIENTED_EDGE('',*,*,#3640,.F.);
#3640 = EDGE_CURVE('',#3641,#3643,#3645,.T.);
#3641 = VERTEX_POINT('',#3642);
#3642 = CARTESIAN_POINT('',(0.32,-4.76,2.54));
#3643 = VERTEX_POINT('',#3644);
#3644 = CARTESIAN_POINT('',(-0.32,-4.76,2.54));
#3645 = LINE('',#3646,#3647);
#3646 = CARTESIAN_POINT('',(-0.16,-4.76,2.54));
#3647 = VECTOR('',#3648,1.);
#3648 = DIRECTION('',(-1.,0.,0.));
#3649 = ORIENTED_EDGE('',*,*,#3650,.F.);
#3650 = EDGE_CURVE('',#3651,#3641,#3653,.T.);
#3651 = VERTEX_POINT('',#3652);
#3652 = CARTESIAN_POINT('',(0.32,-5.4,2.54));
#3653 = LINE('',#3654,#3655);
#3654 = CARTESIAN_POINT('',(0.32,-3.97,2.54));
#3655 = VECTOR('',#3656,1.);
#3656 = DIRECTION('',(0.,1.,0.));
#3657 = ORIENTED_EDGE('',*,*,#3658,.T.);
#3658 = EDGE_CURVE('',#3651,#3659,#3661,.T.);
#3659 = VERTEX_POINT('',#3660);
#3660 = CARTESIAN_POINT('',(-0.32,-5.4,2.54));
#3661 = LINE('',#3662,#3663);
#3662 = CARTESIAN_POINT('',(-0.16,-5.4,2.54));
#3663 = VECTOR('',#3664,1.);
#3664 = DIRECTION('',(-1.,0.,0.));
#3665 = ORIENTED_EDGE('',*,*,#3666,.T.);
#3666 = EDGE_CURVE('',#3659,#3643,#3667,.T.);
#3667 = LINE('',#3668,#3669);
#3668 = CARTESIAN_POINT('',(-0.32,-3.97,2.54));
#3669 = VECTOR('',#3670,1.);
#3670 = DIRECTION('',(0.,1.,0.));
#3671 = PLANE('',#3672);
#3672 = AXIS2_PLACEMENT_3D('',#3673,#3674,#3675);
#3673 = CARTESIAN_POINT('',(5.E-17,-2.54,2.54));
#3674 = DIRECTION('',(0.,0.,1.));
#3675 = DIRECTION('',(1.,0.,-0.));
#3676 = ADVANCED_FACE('',(#3677),#3688,.F.);
#3677 = FACE_BOUND('',#3678,.F.);
#3678 = EDGE_LOOP('',(#3679,#3685,#3686,#3687));
#3679 = ORIENTED_EDGE('',*,*,#3680,.T.);
#3680 = EDGE_CURVE('',#3309,#3556,#3681,.T.);
#3681 = LINE('',#3682,#3683);
#3682 = CARTESIAN_POINT('',(1.27,1.016,0.));
#3683 = VECTOR('',#3684,1.);
#3684 = DIRECTION('',(0.,0.,1.));
#3685 = ORIENTED_EDGE('',*,*,#3563,.T.);
#3686 = ORIENTED_EDGE('',*,*,#3124,.F.);
#3687 = ORIENTED_EDGE('',*,*,#3316,.F.);
#3688 = PLANE('',#3689);
#3689 = AXIS2_PLACEMENT_3D('',#3690,#3691,#3692);
#3690 = CARTESIAN_POINT('',(1.27,1.016,0.));
#3691 = DIRECTION('',(-0.707106781187,-0.707106781187,0.));
#3692 = DIRECTION('',(-0.707106781187,0.707106781187,0.));
#3693 = ADVANCED_FACE('',(#3694),#3705,.F.);
#3694 = FACE_BOUND('',#3695,.F.);
#3695 = EDGE_LOOP('',(#3696,#3697,#3698,#3704));
#3696 = ORIENTED_EDGE('',*,*,#3164,.T.);
#3697 = ORIENTED_EDGE('',*,*,#3435,.T.);
#3698 = ORIENTED_EDGE('',*,*,#3699,.F.);
#3699 = EDGE_CURVE('',#3189,#3436,#3700,.T.);
#3700 = LINE('',#3701,#3702);
#3701 = CARTESIAN_POINT('',(-1.016,-1.27,0.));
#3702 = VECTOR('',#3703,1.);
#3703 = DIRECTION('',(0.,0.,1.));
#3704 = ORIENTED_EDGE('',*,*,#3188,.F.);
#3705 = PLANE('',#3706);
#3706 = AXIS2_PLACEMENT_3D('',#3707,#3708,#3709);
#3707 = CARTESIAN_POINT('',(-1.27,-1.016,0.));
#3708 = DIRECTION('',(0.707106781187,0.707106781187,0.));
#3709 = DIRECTION('',(0.707106781187,-0.707106781187,0.));
#3710 = ADVANCED_FACE('',(#3711),#3722,.F.);
#3711 = FACE_BOUND('',#3712,.F.);
#3712 = EDGE_LOOP('',(#3713,#3719,#3720,#3721));
#3713 = ORIENTED_EDGE('',*,*,#3714,.T.);
#3714 = EDGE_CURVE('',#3301,#3548,#3715,.T.);
#3715 = LINE('',#3716,#3717);
#3716 = CARTESIAN_POINT('',(1.27,-1.016,0.));
#3717 = VECTOR('',#3718,1.);
#3718 = DIRECTION('',(0.,0.,1.));
#3719 = ORIENTED_EDGE('',*,*,#3555,.T.);
#3720 = ORIENTED_EDGE('',*,*,#3680,.F.);
#3721 = ORIENTED_EDGE('',*,*,#3308,.F.);
#3722 = PLANE('',#3723);
#3723 = AXIS2_PLACEMENT_3D('',#3724,#3725,#3726);
#3724 = CARTESIAN_POINT('',(1.27,-1.016,0.));
#3725 = DIRECTION('',(-1.,0.,0.));
#3726 = DIRECTION('',(0.,1.,0.));
#3727 = ADVANCED_FACE('',(#3728),#3739,.F.);
#3728 = FACE_BOUND('',#3729,.F.);
#3729 = EDGE_LOOP('',(#3730,#3731,#3732,#3738));
#3730 = ORIENTED_EDGE('',*,*,#3699,.T.);
#3731 = ORIENTED_EDGE('',*,*,#3443,.T.);
#3732 = ORIENTED_EDGE('',*,*,#3733,.F.);
#3733 = EDGE_CURVE('',#3197,#3444,#3734,.T.);
#3734 = LINE('',#3735,#3736);
#3735 = CARTESIAN_POINT('',(-1.27,-1.524,0.));
#3736 = VECTOR('',#3737,1.);
#3737 = DIRECTION('',(0.,0.,1.));
#3738 = ORIENTED_EDGE('',*,*,#3196,.F.);
#3739 = PLANE('',#3740);
#3740 = AXIS2_PLACEMENT_3D('',#3741,#3742,#3743);
#3741 = CARTESIAN_POINT('',(-1.016,-1.27,0.));
#3742 = DIRECTION('',(0.707106781187,-0.707106781187,0.));
#3743 = DIRECTION('',(-0.707106781187,-0.707106781187,0.));
#3744 = ADVANCED_FACE('',(#3745),#3756,.F.);
#3745 = FACE_BOUND('',#3746,.F.);
#3746 = EDGE_LOOP('',(#3747,#3753,#3754,#3755));
#3747 = ORIENTED_EDGE('',*,*,#3748,.T.);
#3748 = EDGE_CURVE('',#3293,#3540,#3749,.T.);
#3749 = LINE('',#3750,#3751);
#3750 = CARTESIAN_POINT('',(1.016,-1.27,0.));
#3751 = VECTOR('',#3752,1.);
#3752 = DIRECTION('',(0.,0.,1.));
#3753 = ORIENTED_EDGE('',*,*,#3547,.T.);
#3754 = ORIENTED_EDGE('',*,*,#3714,.F.);
#3755 = ORIENTED_EDGE('',*,*,#3300,.F.);
#3756 = PLANE('',#3757);
#3757 = AXIS2_PLACEMENT_3D('',#3758,#3759,#3760);
#3758 = CARTESIAN_POINT('',(1.016,-1.27,0.));
#3759 = DIRECTION('',(-0.707106781187,0.707106781187,0.));
#3760 = DIRECTION('',(0.707106781187,0.707106781187,0.));
#3761 = ADVANCED_FACE('',(#3762),#3773,.F.);
#3762 = FACE_BOUND('',#3763,.F.);
#3763 = EDGE_LOOP('',(#3764,#3765,#3766,#3772));
#3764 = ORIENTED_EDGE('',*,*,#3733,.T.);
#3765 = ORIENTED_EDGE('',*,*,#3451,.T.);
#3766 = ORIENTED_EDGE('',*,*,#3767,.F.);
#3767 = EDGE_CURVE('',#3205,#3452,#3768,.T.);
#3768 = LINE('',#3769,#3770);
#3769 = CARTESIAN_POINT('',(-1.27,-3.556,0.));
#3770 = VECTOR('',#3771,1.);
#3771 = DIRECTION('',(0.,0.,1.));
#3772 = ORIENTED_EDGE('',*,*,#3204,.F.);
#3773 = PLANE('',#3774);
#3774 = AXIS2_PLACEMENT_3D('',#3775,#3776,#3777);
#3775 = CARTESIAN_POINT('',(-1.27,-1.524,0.));
#3776 = DIRECTION('',(1.,0.,0.));
#3777 = DIRECTION('',(0.,-1.,0.));
#3778 = ADVANCED_FACE('',(#3779),#3790,.F.);
#3779 = FACE_BOUND('',#3780,.F.);
#3780 = EDGE_LOOP('',(#3781,#3787,#3788,#3789));
#3781 = ORIENTED_EDGE('',*,*,#3782,.T.);
#3782 = EDGE_CURVE('',#3285,#3532,#3783,.T.);
#3783 = LINE('',#3784,#3785);
#3784 = CARTESIAN_POINT('',(1.27,-1.524,0.));
#3785 = VECTOR('',#3786,1.);
#3786 = DIRECTION('',(0.,0.,1.));
#3787 = ORIENTED_EDGE('',*,*,#3539,.T.);
#3788 = ORIENTED_EDGE('',*,*,#3748,.F.);
#3789 = ORIENTED_EDGE('',*,*,#3292,.F.);
#3790 = PLANE('',#3791);
#3791 = AXIS2_PLACEMENT_3D('',#3792,#3793,#3794);
#3792 = CARTESIAN_POINT('',(1.27,-1.524,0.));
#3793 = DIRECTION('',(-0.707106781187,-0.707106781187,0.));
#3794 = DIRECTION('',(-0.707106781187,0.707106781187,0.));
#3795 = ADVANCED_FACE('',(#3796),#3807,.F.);
#3796 = FACE_BOUND('',#3797,.F.);
#3797 = EDGE_LOOP('',(#3798,#3799,#3800,#3806));
#3798 = ORIENTED_EDGE('',*,*,#3767,.T.);
#3799 = ORIENTED_EDGE('',*,*,#3459,.T.);
#3800 = ORIENTED_EDGE('',*,*,#3801,.F.);
#3801 = EDGE_CURVE('',#3213,#3460,#3802,.T.);
#3802 = LINE('',#3803,#3804);
#3803 = CARTESIAN_POINT('',(-1.016,-3.81,0.));
#3804 = VECTOR('',#3805,1.);
#3805 = DIRECTION('',(0.,0.,1.));
#3806 = ORIENTED_EDGE('',*,*,#3212,.F.);
#3807 = PLANE('',#3808);
#3808 = AXIS2_PLACEMENT_3D('',#3809,#3810,#3811);
#3809 = CARTESIAN_POINT('',(-1.27,-3.556,0.));
#3810 = DIRECTION('',(0.707106781187,0.707106781187,0.));
#3811 = DIRECTION('',(0.707106781187,-0.707106781187,0.));
#3812 = ADVANCED_FACE('',(#3813),#3824,.F.);
#3813 = FACE_BOUND('',#3814,.F.);
#3814 = EDGE_LOOP('',(#3815,#3821,#3822,#3823));
#3815 = ORIENTED_EDGE('',*,*,#3816,.T.);
#3816 = EDGE_CURVE('',#3277,#3524,#3817,.T.);
#3817 = LINE('',#3818,#3819);
#3818 = CARTESIAN_POINT('',(1.27,-3.556,0.));
#3819 = VECTOR('',#3820,1.);
#3820 = DIRECTION('',(0.,0.,1.));
#3821 = ORIENTED_EDGE('',*,*,#3531,.T.);
#3822 = ORIENTED_EDGE('',*,*,#3782,.F.);
#3823 = ORIENTED_EDGE('',*,*,#3284,.F.);
#3824 = PLANE('',#3825);
#3825 = AXIS2_PLACEMENT_3D('',#3826,#3827,#3828);
#3826 = CARTESIAN_POINT('',(1.27,-3.556,0.));
#3827 = DIRECTION('',(-1.,0.,0.));
#3828 = DIRECTION('',(0.,1.,0.));
#3829 = ADVANCED_FACE('',(#3830),#3841,.F.);
#3830 = FACE_BOUND('',#3831,.F.);
#3831 = EDGE_LOOP('',(#3832,#3833,#3834,#3840));
#3832 = ORIENTED_EDGE('',*,*,#3801,.T.);
#3833 = ORIENTED_EDGE('',*,*,#3467,.T.);
#3834 = ORIENTED_EDGE('',*,*,#3835,.F.);
#3835 = EDGE_CURVE('',#3221,#3468,#3836,.T.);
#3836 = LINE('',#3837,#3838);
#3837 = CARTESIAN_POINT('',(-1.27,-4.064,0.));
#3838 = VECTOR('',#3839,1.);
#3839 = DIRECTION('',(0.,0.,1.));
#3840 = ORIENTED_EDGE('',*,*,#3220,.F.);
#3841 = PLANE('',#3842);
#3842 = AXIS2_PLACEMENT_3D('',#3843,#3844,#3845);
#3843 = CARTESIAN_POINT('',(-1.016,-3.81,0.));
#3844 = DIRECTION('',(0.707106781187,-0.707106781187,0.));
#3845 = DIRECTION('',(-0.707106781187,-0.707106781187,0.));
#3846 = ADVANCED_FACE('',(#3847),#3858,.F.);
#3847 = FACE_BOUND('',#3848,.F.);
#3848 = EDGE_LOOP('',(#3849,#3855,#3856,#3857));
#3849 = ORIENTED_EDGE('',*,*,#3850,.T.);
#3850 = EDGE_CURVE('',#3269,#3516,#3851,.T.);
#3851 = LINE('',#3852,#3853);
#3852 = CARTESIAN_POINT('',(1.016,-3.81,0.));
#3853 = VECTOR('',#3854,1.);
#3854 = DIRECTION('',(0.,0.,1.));
#3855 = ORIENTED_EDGE('',*,*,#3523,.T.);
#3856 = ORIENTED_EDGE('',*,*,#3816,.F.);
#3857 = ORIENTED_EDGE('',*,*,#3276,.F.);
#3858 = PLANE('',#3859);
#3859 = AXIS2_PLACEMENT_3D('',#3860,#3861,#3862);
#3860 = CARTESIAN_POINT('',(1.016,-3.81,0.));
#3861 = DIRECTION('',(-0.707106781187,0.707106781187,0.));
#3862 = DIRECTION('',(0.707106781187,0.707106781187,0.));
#3863 = ADVANCED_FACE('',(#3864),#3875,.F.);
#3864 = FACE_BOUND('',#3865,.F.);
#3865 = EDGE_LOOP('',(#3866,#3867,#3868,#3874));
#3866 = ORIENTED_EDGE('',*,*,#3835,.T.);
#3867 = ORIENTED_EDGE('',*,*,#3475,.T.);
#3868 = ORIENTED_EDGE('',*,*,#3869,.F.);
#3869 = EDGE_CURVE('',#3229,#3476,#3870,.T.);
#3870 = LINE('',#3871,#3872);
#3871 = CARTESIAN_POINT('',(-1.27,-6.096,0.));
#3872 = VECTOR('',#3873,1.);
#3873 = DIRECTION('',(0.,0.,1.));
#3874 = ORIENTED_EDGE('',*,*,#3228,.F.);
#3875 = PLANE('',#3876);
#3876 = AXIS2_PLACEMENT_3D('',#3877,#3878,#3879);
#3877 = CARTESIAN_POINT('',(-1.27,-4.064,0.));
#3878 = DIRECTION('',(1.,0.,0.));
#3879 = DIRECTION('',(0.,-1.,0.));
#3880 = ADVANCED_FACE('',(#3881),#3892,.F.);
#3881 = FACE_BOUND('',#3882,.F.);
#3882 = EDGE_LOOP('',(#3883,#3889,#3890,#3891));
#3883 = ORIENTED_EDGE('',*,*,#3884,.T.);
#3884 = EDGE_CURVE('',#3261,#3508,#3885,.T.);
#3885 = LINE('',#3886,#3887);
#3886 = CARTESIAN_POINT('',(1.27,-4.064,0.));
#3887 = VECTOR('',#3888,1.);
#3888 = DIRECTION('',(0.,0.,1.));
#3889 = ORIENTED_EDGE('',*,*,#3515,.T.);
#3890 = ORIENTED_EDGE('',*,*,#3850,.F.);
#3891 = ORIENTED_EDGE('',*,*,#3268,.F.);
#3892 = PLANE('',#3893);
#3893 = AXIS2_PLACEMENT_3D('',#3894,#3895,#3896);
#3894 = CARTESIAN_POINT('',(1.27,-4.064,0.));
#3895 = DIRECTION('',(-0.707106781187,-0.707106781187,0.));
#3896 = DIRECTION('',(-0.707106781187,0.707106781187,0.));
#3897 = ADVANCED_FACE('',(#3898),#3909,.F.);
#3898 = FACE_BOUND('',#3899,.F.);
#3899 = EDGE_LOOP('',(#3900,#3901,#3902,#3908));
#3900 = ORIENTED_EDGE('',*,*,#3869,.T.);
#3901 = ORIENTED_EDGE('',*,*,#3483,.T.);
#3902 = ORIENTED_EDGE('',*,*,#3903,.F.);
#3903 = EDGE_CURVE('',#3237,#3484,#3904,.T.);
#3904 = LINE('',#3905,#3906);
#3905 = CARTESIAN_POINT('',(-1.016,-6.35,0.));
#3906 = VECTOR('',#3907,1.);
#3907 = DIRECTION('',(0.,0.,1.));
#3908 = ORIENTED_EDGE('',*,*,#3236,.F.);
#3909 = PLANE('',#3910);
#3910 = AXIS2_PLACEMENT_3D('',#3911,#3912,#3913);
#3911 = CARTESIAN_POINT('',(-1.27,-6.096,0.));
#3912 = DIRECTION('',(0.707106781187,0.707106781187,0.));
#3913 = DIRECTION('',(0.707106781187,-0.707106781187,0.));
#3914 = ADVANCED_FACE('',(#3915),#3926,.F.);
#3915 = FACE_BOUND('',#3916,.F.);
#3916 = EDGE_LOOP('',(#3917,#3923,#3924,#3925));
#3917 = ORIENTED_EDGE('',*,*,#3918,.T.);
#3918 = EDGE_CURVE('',#3253,#3500,#3919,.T.);
#3919 = LINE('',#3920,#3921);
#3920 = CARTESIAN_POINT('',(1.27,-6.096,0.));
#3921 = VECTOR('',#3922,1.);
#3922 = DIRECTION('',(0.,0.,1.));
#3923 = ORIENTED_EDGE('',*,*,#3507,.T.);
#3924 = ORIENTED_EDGE('',*,*,#3884,.F.);
#3925 = ORIENTED_EDGE('',*,*,#3260,.F.);
#3926 = PLANE('',#3927);
#3927 = AXIS2_PLACEMENT_3D('',#3928,#3929,#3930);
#3928 = CARTESIAN_POINT('',(1.27,-6.096,0.));
#3929 = DIRECTION('',(-1.,0.,0.));
#3930 = DIRECTION('',(0.,1.,0.));
#3931 = ADVANCED_FACE('',(#3932),#3943,.F.);
#3932 = FACE_BOUND('',#3933,.F.);
#3933 = EDGE_LOOP('',(#3934,#3935,#3936,#3942));
#3934 = ORIENTED_EDGE('',*,*,#3903,.T.);
#3935 = ORIENTED_EDGE('',*,*,#3491,.T.);
#3936 = ORIENTED_EDGE('',*,*,#3937,.F.);
#3937 = EDGE_CURVE('',#3245,#3492,#3938,.T.);
#3938 = LINE('',#3939,#3940);
#3939 = CARTESIAN_POINT('',(1.016,-6.35,0.));
#3940 = VECTOR('',#3941,1.);
#3941 = DIRECTION('',(0.,0.,1.));
#3942 = ORIENTED_EDGE('',*,*,#3244,.F.);
#3943 = PLANE('',#3944);
#3944 = AXIS2_PLACEMENT_3D('',#3945,#3946,#3947);
#3945 = CARTESIAN_POINT('',(-1.016,-6.35,0.));
#3946 = DIRECTION('',(0.,1.,0.));
#3947 = DIRECTION('',(1.,0.,0.));
#3948 = ADVANCED_FACE('',(#3949),#3955,.F.);
#3949 = FACE_BOUND('',#3950,.F.);
#3950 = EDGE_LOOP('',(#3951,#3952,#3953,#3954));
#3951 = ORIENTED_EDGE('',*,*,#3937,.T.);
#3952 = ORIENTED_EDGE('',*,*,#3499,.T.);
#3953 = ORIENTED_EDGE('',*,*,#3918,.F.);
#3954 = ORIENTED_EDGE('',*,*,#3252,.F.);
#3955 = PLANE('',#3956);
#3956 = AXIS2_PLACEMENT_3D('',#3957,#3958,#3959);
#3957 = CARTESIAN_POINT('',(1.016,-6.35,0.));
#3958 = DIRECTION('',(-0.707106781187,0.707106781187,0.));
#3959 = DIRECTION('',(0.707106781187,0.707106781187,0.));
#3960 = ADVANCED_FACE('',(#3961),#3986,.T.);
#3961 = FACE_BOUND('',#3962,.T.);
#3962 = EDGE_LOOP('',(#3963,#3971,#3979,#3985));
#3963 = ORIENTED_EDGE('',*,*,#3964,.F.);
#3964 = EDGE_CURVE('',#3965,#3326,#3967,.T.);
#3965 = VERTEX_POINT('',#3966);
#3966 = CARTESIAN_POINT('',(0.32,-0.32,-2.84));
#3967 = LINE('',#3968,#3969);
#3968 = CARTESIAN_POINT('',(0.32,-0.32,-3.));
#3969 = VECTOR('',#3970,1.);
#3970 = DIRECTION('',(0.,0.,1.));
#3971 = ORIENTED_EDGE('',*,*,#3972,.T.);
#3972 = EDGE_CURVE('',#3965,#3973,#3975,.T.);
#3973 = VERTEX_POINT('',#3974);
#3974 = CARTESIAN_POINT('',(0.32,0.32,-2.84));
#3975 = LINE('',#3976,#3977);
#3976 = CARTESIAN_POINT('',(0.32,-0.32,-2.84));
#3977 = VECTOR('',#3978,1.);
#3978 = DIRECTION('',(0.,1.,0.));
#3979 = ORIENTED_EDGE('',*,*,#3980,.T.);
#3980 = EDGE_CURVE('',#3973,#3328,#3981,.T.);
#3981 = LINE('',#3982,#3983);
#3982 = CARTESIAN_POINT('',(0.32,0.32,-3.));
#3983 = VECTOR('',#3984,1.);
#3984 = DIRECTION('',(0.,0.,1.));
#3985 = ORIENTED_EDGE('',*,*,#3325,.F.);
#3986 = PLANE('',#3987);
#3987 = AXIS2_PLACEMENT_3D('',#3988,#3989,#3990);
#3988 = CARTESIAN_POINT('',(0.32,-0.32,-3.));
#3989 = DIRECTION('',(1.,0.,0.));
#3990 = DIRECTION('',(0.,0.,1.));
#3991 = ADVANCED_FACE('',(#3992),#4010,.T.);
#3992 = FACE_BOUND('',#3993,.T.);
#3993 = EDGE_LOOP('',(#3994,#3995,#4003,#4009));
#3994 = ORIENTED_EDGE('',*,*,#3980,.F.);
#3995 = ORIENTED_EDGE('',*,*,#3996,.F.);
#3996 = EDGE_CURVE('',#3997,#3973,#3999,.T.);
#3997 = VERTEX_POINT('',#3998);
#3998 = CARTESIAN_POINT('',(-0.32,0.32,-2.84));
#3999 = LINE('',#4000,#4001);
#4000 = CARTESIAN_POINT('',(-0.32,0.32,-2.84));
#4001 = VECTOR('',#4002,1.);
#4002 = DIRECTION('',(1.,0.,0.));
#4003 = ORIENTED_EDGE('',*,*,#4004,.T.);
#4004 = EDGE_CURVE('',#3997,#3344,#4005,.T.);
#4005 = LINE('',#4006,#4007);
#4006 = CARTESIAN_POINT('',(-0.32,0.32,-3.));
#4007 = VECTOR('',#4008,1.);
#4008 = DIRECTION('',(0.,0.,1.));
#4009 = ORIENTED_EDGE('',*,*,#3351,.F.);
#4010 = PLANE('',#4011);
#4011 = AXIS2_PLACEMENT_3D('',#4012,#4013,#4014);
#4012 = CARTESIAN_POINT('',(-0.32,0.32,-3.));
#4013 = DIRECTION('',(0.,1.,0.));
#4014 = DIRECTION('',(0.,-0.,1.));
#4015 = ADVANCED_FACE('',(#4016),#4034,.F.);
#4016 = FACE_BOUND('',#4017,.F.);
#4017 = EDGE_LOOP('',(#4018,#4026,#4032,#4033));
#4018 = ORIENTED_EDGE('',*,*,#4019,.F.);
#4019 = EDGE_CURVE('',#4020,#3336,#4022,.T.);
#4020 = VERTEX_POINT('',#4021);
#4021 = CARTESIAN_POINT('',(-0.32,-0.32,-2.84));
#4022 = LINE('',#4023,#4024);
#4023 = CARTESIAN_POINT('',(-0.32,-0.32,-3.));
#4024 = VECTOR('',#4025,1.);
#4025 = DIRECTION('',(0.,0.,1.));
#4026 = ORIENTED_EDGE('',*,*,#4027,.T.);
#4027 = EDGE_CURVE('',#4020,#3997,#4028,.T.);
#4028 = LINE('',#4029,#4030);
#4029 = CARTESIAN_POINT('',(-0.32,-0.32,-2.84));
#4030 = VECTOR('',#4031,1.);
#4031 = DIRECTION('',(0.,1.,0.));
#4032 = ORIENTED_EDGE('',*,*,#4004,.T.);
#4033 = ORIENTED_EDGE('',*,*,#3343,.F.);
#4034 = PLANE('',#4035);
#4035 = AXIS2_PLACEMENT_3D('',#4036,#4037,#4038);
#4036 = CARTESIAN_POINT('',(-0.32,-0.32,-3.));
#4037 = DIRECTION('',(1.,0.,0.));
#4038 = DIRECTION('',(0.,0.,1.));
#4039 = ADVANCED_FACE('',(#4040),#4051,.F.);
#4040 = FACE_BOUND('',#4041,.F.);
#4041 = EDGE_LOOP('',(#4042,#4043,#4049,#4050));
#4042 = ORIENTED_EDGE('',*,*,#3964,.F.);
#4043 = ORIENTED_EDGE('',*,*,#4044,.F.);
#4044 = EDGE_CURVE('',#4020,#3965,#4045,.T.);
#4045 = LINE('',#4046,#4047);
#4046 = CARTESIAN_POINT('',(-0.32,-0.32,-2.84));
#4047 = VECTOR('',#4048,1.);
#4048 = DIRECTION('',(1.,0.,0.));
#4049 = ORIENTED_EDGE('',*,*,#4019,.T.);
#4050 = ORIENTED_EDGE('',*,*,#3335,.F.);
#4051 = PLANE('',#4052);
#4052 = AXIS2_PLACEMENT_3D('',#4053,#4054,#4055);
#4053 = CARTESIAN_POINT('',(-0.32,-0.32,-3.));
#4054 = DIRECTION('',(0.,1.,0.));
#4055 = DIRECTION('',(0.,-0.,1.));
#4056 = ADVANCED_FACE('',(#4057),#4082,.F.);
#4057 = FACE_BOUND('',#4058,.F.);
#4058 = EDGE_LOOP('',(#4059,#4067,#4075,#4081));
#4059 = ORIENTED_EDGE('',*,*,#4060,.F.);
#4060 = EDGE_CURVE('',#4061,#3360,#4063,.T.);
#4061 = VERTEX_POINT('',#4062);
#4062 = CARTESIAN_POINT('',(0.32,-2.86,-2.84));
#4063 = LINE('',#4064,#4065);
#4064 = CARTESIAN_POINT('',(0.32,-2.86,-3.));
#4065 = VECTOR('',#4066,1.);
#4066 = DIRECTION('',(0.,0.,1.));
#4067 = ORIENTED_EDGE('',*,*,#4068,.F.);
#4068 = EDGE_CURVE('',#4069,#4061,#4071,.T.);
#4069 = VERTEX_POINT('',#4070);
#4070 = CARTESIAN_POINT('',(-0.32,-2.86,-2.84));
#4071 = LINE('',#4072,#4073);
#4072 = CARTESIAN_POINT('',(-0.32,-2.86,-2.84));
#4073 = VECTOR('',#4074,1.);
#4074 = DIRECTION('',(1.,0.,0.));
#4075 = ORIENTED_EDGE('',*,*,#4076,.T.);
#4076 = EDGE_CURVE('',#4069,#3362,#4077,.T.);
#4077 = LINE('',#4078,#4079);
#4078 = CARTESIAN_POINT('',(-0.32,-2.86,-3.));
#4079 = VECTOR('',#4080,1.);
#4080 = DIRECTION('',(0.,0.,1.));
#4081 = ORIENTED_EDGE('',*,*,#3359,.F.);
#4082 = PLANE('',#4083);
#4083 = AXIS2_PLACEMENT_3D('',#4084,#4085,#4086);
#4084 = CARTESIAN_POINT('',(-0.32,-2.86,-3.));
#4085 = DIRECTION('',(0.,1.,0.));
#4086 = DIRECTION('',(0.,-0.,1.));
#4087 = ADVANCED_FACE('',(#4088),#4106,.T.);
#4088 = FACE_BOUND('',#4089,.T.);
#4089 = EDGE_LOOP('',(#4090,#4091,#4099,#4105));
#4090 = ORIENTED_EDGE('',*,*,#4060,.F.);
#4091 = ORIENTED_EDGE('',*,*,#4092,.T.);
#4092 = EDGE_CURVE('',#4061,#4093,#4095,.T.);
#4093 = VERTEX_POINT('',#4094);
#4094 = CARTESIAN_POINT('',(0.32,-2.22,-2.84));
#4095 = LINE('',#4096,#4097);
#4096 = CARTESIAN_POINT('',(0.32,-2.86,-2.84));
#4097 = VECTOR('',#4098,1.);
#4098 = DIRECTION('',(0.,1.,0.));
#4099 = ORIENTED_EDGE('',*,*,#4100,.T.);
#4100 = EDGE_CURVE('',#4093,#3378,#4101,.T.);
#4101 = LINE('',#4102,#4103);
#4102 = CARTESIAN_POINT('',(0.32,-2.22,-3.));
#4103 = VECTOR('',#4104,1.);
#4104 = DIRECTION('',(0.,0.,1.));
#4105 = ORIENTED_EDGE('',*,*,#3385,.F.);
#4106 = PLANE('',#4107);
#4107 = AXIS2_PLACEMENT_3D('',#4108,#4109,#4110);
#4108 = CARTESIAN_POINT('',(0.32,-2.86,-3.));
#4109 = DIRECTION('',(1.,0.,0.));
#4110 = DIRECTION('',(0.,0.,1.));
#4111 = ADVANCED_FACE('',(#4112),#4130,.T.);
#4112 = FACE_BOUND('',#4113,.T.);
#4113 = EDGE_LOOP('',(#4114,#4115,#4123,#4129));
#4114 = ORIENTED_EDGE('',*,*,#4100,.F.);
#4115 = ORIENTED_EDGE('',*,*,#4116,.F.);
#4116 = EDGE_CURVE('',#4117,#4093,#4119,.T.);
#4117 = VERTEX_POINT('',#4118);
#4118 = CARTESIAN_POINT('',(-0.32,-2.22,-2.84));
#4119 = LINE('',#4120,#4121);
#4120 = CARTESIAN_POINT('',(-0.32,-2.22,-2.84));
#4121 = VECTOR('',#4122,1.);
#4122 = DIRECTION('',(1.,0.,0.));
#4123 = ORIENTED_EDGE('',*,*,#4124,.T.);
#4124 = EDGE_CURVE('',#4117,#3370,#4125,.T.);
#4125 = LINE('',#4126,#4127);
#4126 = CARTESIAN_POINT('',(-0.32,-2.22,-3.));
#4127 = VECTOR('',#4128,1.);
#4128 = DIRECTION('',(0.,0.,1.));
#4129 = ORIENTED_EDGE('',*,*,#3377,.F.);
#4130 = PLANE('',#4131);
#4131 = AXIS2_PLACEMENT_3D('',#4132,#4133,#4134);
#4132 = CARTESIAN_POINT('',(-0.32,-2.22,-3.));
#4133 = DIRECTION('',(0.,1.,0.));
#4134 = DIRECTION('',(0.,-0.,1.));
#4135 = ADVANCED_FACE('',(#4136),#4147,.F.);
#4136 = FACE_BOUND('',#4137,.F.);
#4137 = EDGE_LOOP('',(#4138,#4139,#4145,#4146));
#4138 = ORIENTED_EDGE('',*,*,#4076,.F.);
#4139 = ORIENTED_EDGE('',*,*,#4140,.T.);
#4140 = EDGE_CURVE('',#4069,#4117,#4141,.T.);
#4141 = LINE('',#4142,#4143);
#4142 = CARTESIAN_POINT('',(-0.32,-2.86,-2.84));
#4143 = VECTOR('',#4144,1.);
#4144 = DIRECTION('',(0.,1.,0.));
#4145 = ORIENTED_EDGE('',*,*,#4124,.T.);
#4146 = ORIENTED_EDGE('',*,*,#3369,.F.);
#4147 = PLANE('',#4148);
#4148 = AXIS2_PLACEMENT_3D('',#4149,#4150,#4151);
#4149 = CARTESIAN_POINT('',(-0.32,-2.86,-3.));
#4150 = DIRECTION('',(1.,0.,0.));
#4151 = DIRECTION('',(0.,0.,1.));
#4152 = ADVANCED_FACE('',(#4153),#4178,.T.);
#4153 = FACE_BOUND('',#4154,.T.);
#4154 = EDGE_LOOP('',(#4155,#4163,#4171,#4177));
#4155 = ORIENTED_EDGE('',*,*,#4156,.F.);
#4156 = EDGE_CURVE('',#4157,#3394,#4159,.T.);
#4157 = VERTEX_POINT('',#4158);
#4158 = CARTESIAN_POINT('',(0.32,-4.76,-2.84));
#4159 = LINE('',#4160,#4161);
#4160 = CARTESIAN_POINT('',(0.32,-4.76,-3.));
#4161 = VECTOR('',#4162,1.);
#4162 = DIRECTION('',(0.,0.,1.));
#4163 = ORIENTED_EDGE('',*,*,#4164,.F.);
#4164 = EDGE_CURVE('',#4165,#4157,#4167,.T.);
#4165 = VERTEX_POINT('',#4166);
#4166 = CARTESIAN_POINT('',(-0.32,-4.76,-2.84));
#4167 = LINE('',#4168,#4169);
#4168 = CARTESIAN_POINT('',(-0.32,-4.76,-2.84));
#4169 = VECTOR('',#4170,1.);
#4170 = DIRECTION('',(1.,0.,0.));
#4171 = ORIENTED_EDGE('',*,*,#4172,.T.);
#4172 = EDGE_CURVE('',#4165,#3396,#4173,.T.);
#4173 = LINE('',#4174,#4175);
#4174 = CARTESIAN_POINT('',(-0.32,-4.76,-3.));
#4175 = VECTOR('',#4176,1.);
#4176 = DIRECTION('',(0.,0.,1.));
#4177 = ORIENTED_EDGE('',*,*,#3393,.F.);
#4178 = PLANE('',#4179);
#4179 = AXIS2_PLACEMENT_3D('',#4180,#4181,#4182);
#4180 = CARTESIAN_POINT('',(-0.32,-4.76,-3.));
#4181 = DIRECTION('',(0.,1.,0.));
#4182 = DIRECTION('',(0.,-0.,1.));
#4183 = ADVANCED_FACE('',(#4184),#4202,.F.);
#4184 = FACE_BOUND('',#4185,.F.);
#4185 = EDGE_LOOP('',(#4186,#4194,#4200,#4201));
#4186 = ORIENTED_EDGE('',*,*,#4187,.F.);
#4187 = EDGE_CURVE('',#4188,#3412,#4190,.T.);
#4188 = VERTEX_POINT('',#4189);
#4189 = CARTESIAN_POINT('',(-0.32,-5.4,-2.84));
#4190 = LINE('',#4191,#4192);
#4191 = CARTESIAN_POINT('',(-0.32,-5.4,-3.));
#4192 = VECTOR('',#4193,1.);
#4193 = DIRECTION('',(0.,0.,1.));
#4194 = ORIENTED_EDGE('',*,*,#4195,.T.);
#4195 = EDGE_CURVE('',#4188,#4165,#4196,.T.);
#4196 = LINE('',#4197,#4198);
#4197 = CARTESIAN_POINT('',(-0.32,-5.4,-2.84));
#4198 = VECTOR('',#4199,1.);
#4199 = DIRECTION('',(0.,1.,0.));
#4200 = ORIENTED_EDGE('',*,*,#4172,.T.);
#4201 = ORIENTED_EDGE('',*,*,#3419,.F.);
#4202 = PLANE('',#4203);
#4203 = AXIS2_PLACEMENT_3D('',#4204,#4205,#4206);
#4204 = CARTESIAN_POINT('',(-0.32,-5.4,-3.));
#4205 = DIRECTION('',(1.,0.,0.));
#4206 = DIRECTION('',(0.,0.,1.));
#4207 = ADVANCED_FACE('',(#4208),#4226,.F.);
#4208 = FACE_BOUND('',#4209,.F.);
#4209 = EDGE_LOOP('',(#4210,#4218,#4224,#4225));
#4210 = ORIENTED_EDGE('',*,*,#4211,.F.);
#4211 = EDGE_CURVE('',#4212,#3404,#4214,.T.);
#4212 = VERTEX_POINT('',#4213);
#4213 = CARTESIAN_POINT('',(0.32,-5.4,-2.84));
#4214 = LINE('',#4215,#4216);
#4215 = CARTESIAN_POINT('',(0.32,-5.4,-3.));
#4216 = VECTOR('',#4217,1.);
#4217 = DIRECTION('',(0.,0.,1.));
#4218 = ORIENTED_EDGE('',*,*,#4219,.F.);
#4219 = EDGE_CURVE('',#4188,#4212,#4220,.T.);
#4220 = LINE('',#4221,#4222);
#4221 = CARTESIAN_POINT('',(-0.32,-5.4,-2.84));
#4222 = VECTOR('',#4223,1.);
#4223 = DIRECTION('',(1.,0.,0.));
#4224 = ORIENTED_EDGE('',*,*,#4187,.T.);
#4225 = ORIENTED_EDGE('',*,*,#3411,.F.);
#4226 = PLANE('',#4227);
#4227 = AXIS2_PLACEMENT_3D('',#4228,#4229,#4230);
#4228 = CARTESIAN_POINT('',(-0.32,-5.4,-3.));
#4229 = DIRECTION('',(0.,1.,0.));
#4230 = DIRECTION('',(0.,-0.,1.));
#4231 = ADVANCED_FACE('',(#4232),#4243,.T.);
#4232 = FACE_BOUND('',#4233,.T.);
#4233 = EDGE_LOOP('',(#4234,#4235,#4241,#4242));
#4234 = ORIENTED_EDGE('',*,*,#4211,.F.);
#4235 = ORIENTED_EDGE('',*,*,#4236,.T.);
#4236 = EDGE_CURVE('',#4212,#4157,#4237,.T.);
#4237 = LINE('',#4238,#4239);
#4238 = CARTESIAN_POINT('',(0.32,-5.4,-2.84));
#4239 = VECTOR('',#4240,1.);
#4240 = DIRECTION('',(0.,1.,0.));
#4241 = ORIENTED_EDGE('',*,*,#4156,.T.);
#4242 = ORIENTED_EDGE('',*,*,#3403,.F.);
#4243 = PLANE('',#4244);
#4244 = AXIS2_PLACEMENT_3D('',#4245,#4246,#4247);
#4245 = CARTESIAN_POINT('',(0.32,-5.4,-3.));
#4246 = DIRECTION('',(1.,0.,0.));
#4247 = DIRECTION('',(0.,0.,1.));
#4248 = ADVANCED_FACE('',(#4249),#4274,.T.);
#4249 = FACE_BOUND('',#4250,.T.);
#4250 = EDGE_LOOP('',(#4251,#4259,#4260,#4268));
#4251 = ORIENTED_EDGE('',*,*,#4252,.F.);
#4252 = EDGE_CURVE('',#3573,#4253,#4255,.T.);
#4253 = VERTEX_POINT('',#4254);
#4254 = CARTESIAN_POINT('',(0.32,-0.32,8.38));
#4255 = LINE('',#4256,#4257);
#4256 = CARTESIAN_POINT('',(0.32,-0.32,-3.));
#4257 = VECTOR('',#4258,1.);
#4258 = DIRECTION('',(0.,0.,1.));
#4259 = ORIENTED_EDGE('',*,*,#3572,.T.);
#4260 = ORIENTED_EDGE('',*,*,#4261,.T.);
#4261 = EDGE_CURVE('',#3575,#4262,#4264,.T.);
#4262 = VERTEX_POINT('',#4263);
#4263 = CARTESIAN_POINT('',(0.32,0.32,8.38));
#4264 = LINE('',#4265,#4266);
#4265 = CARTESIAN_POINT('',(0.32,0.32,-3.));
#4266 = VECTOR('',#4267,1.);
#4267 = DIRECTION('',(0.,0.,1.));
#4268 = ORIENTED_EDGE('',*,*,#4269,.F.);
#4269 = EDGE_CURVE('',#4253,#4262,#4270,.T.);
#4270 = LINE('',#4271,#4272);
#4271 = CARTESIAN_POINT('',(0.32,-0.32,8.38));
#4272 = VECTOR('',#4273,1.);
#4273 = DIRECTION('',(0.,1.,0.));
#4274 = PLANE('',#4275);
#4275 = AXIS2_PLACEMENT_3D('',#4276,#4277,#4278);
#4276 = CARTESIAN_POINT('',(0.32,-0.32,-3.));
#4277 = DIRECTION('',(1.,0.,0.));
#4278 = DIRECTION('',(0.,0.,1.));
#4279 = ADVANCED_FACE('',(#4280),#4298,.T.);
#4280 = FACE_BOUND('',#4281,.T.);
#4281 = EDGE_LOOP('',(#4282,#4283,#4284,#4292));
#4282 = ORIENTED_EDGE('',*,*,#4261,.F.);
#4283 = ORIENTED_EDGE('',*,*,#3598,.T.);
#4284 = ORIENTED_EDGE('',*,*,#4285,.T.);
#4285 = EDGE_CURVE('',#3591,#4286,#4288,.T.);
#4286 = VERTEX_POINT('',#4287);
#4287 = CARTESIAN_POINT('',(-0.32,0.32,8.38));
#4288 = LINE('',#4289,#4290);
#4289 = CARTESIAN_POINT('',(-0.32,0.32,-3.));
#4290 = VECTOR('',#4291,1.);
#4291 = DIRECTION('',(0.,0.,1.));
#4292 = ORIENTED_EDGE('',*,*,#4293,.T.);
#4293 = EDGE_CURVE('',#4286,#4262,#4294,.T.);
#4294 = LINE('',#4295,#4296);
#4295 = CARTESIAN_POINT('',(-0.32,0.32,8.38));
#4296 = VECTOR('',#4297,1.);
#4297 = DIRECTION('',(1.,0.,0.));
#4298 = PLANE('',#4299);
#4299 = AXIS2_PLACEMENT_3D('',#4300,#4301,#4302);
#4300 = CARTESIAN_POINT('',(-0.32,0.32,-3.));
#4301 = DIRECTION('',(0.,1.,0.));
#4302 = DIRECTION('',(0.,-0.,1.));
#4303 = ADVANCED_FACE('',(#4304),#4322,.F.);
#4304 = FACE_BOUND('',#4305,.F.);
#4305 = EDGE_LOOP('',(#4306,#4314,#4315,#4316));
#4306 = ORIENTED_EDGE('',*,*,#4307,.F.);
#4307 = EDGE_CURVE('',#3583,#4308,#4310,.T.);
#4308 = VERTEX_POINT('',#4309);
#4309 = CARTESIAN_POINT('',(-0.32,-0.32,8.38));
#4310 = LINE('',#4311,#4312);
#4311 = CARTESIAN_POINT('',(-0.32,-0.32,-3.));
#4312 = VECTOR('',#4313,1.);
#4313 = DIRECTION('',(0.,0.,1.));
#4314 = ORIENTED_EDGE('',*,*,#3590,.T.);
#4315 = ORIENTED_EDGE('',*,*,#4285,.T.);
#4316 = ORIENTED_EDGE('',*,*,#4317,.F.);
#4317 = EDGE_CURVE('',#4308,#4286,#4318,.T.);
#4318 = LINE('',#4319,#4320);
#4319 = CARTESIAN_POINT('',(-0.32,-0.32,8.38));
#4320 = VECTOR('',#4321,1.);
#4321 = DIRECTION('',(0.,1.,0.));
#4322 = PLANE('',#4323);
#4323 = AXIS2_PLACEMENT_3D('',#4324,#4325,#4326);
#4324 = CARTESIAN_POINT('',(-0.32,-0.32,-3.));
#4325 = DIRECTION('',(1.,0.,0.));
#4326 = DIRECTION('',(0.,0.,1.));
#4327 = ADVANCED_FACE('',(#4328),#4339,.F.);
#4328 = FACE_BOUND('',#4329,.F.);
#4329 = EDGE_LOOP('',(#4330,#4331,#4332,#4333));
#4330 = ORIENTED_EDGE('',*,*,#4252,.F.);
#4331 = ORIENTED_EDGE('',*,*,#3582,.T.);
#4332 = ORIENTED_EDGE('',*,*,#4307,.T.);
#4333 = ORIENTED_EDGE('',*,*,#4334,.T.);
#4334 = EDGE_CURVE('',#4308,#4253,#4335,.T.);
#4335 = LINE('',#4336,#4337);
#4336 = CARTESIAN_POINT('',(-0.32,-0.32,8.38));
#4337 = VECTOR('',#4338,1.);
#4338 = DIRECTION('',(1.,0.,0.));
#4339 = PLANE('',#4340);
#4340 = AXIS2_PLACEMENT_3D('',#4341,#4342,#4343);
#4341 = CARTESIAN_POINT('',(-0.32,-0.32,-3.));
#4342 = DIRECTION('',(0.,1.,0.));
#4343 = DIRECTION('',(0.,-0.,1.));
#4344 = ADVANCED_FACE('',(#4345),#4370,.F.);
#4345 = FACE_BOUND('',#4346,.F.);
#4346 = EDGE_LOOP('',(#4347,#4355,#4356,#4364));
#4347 = ORIENTED_EDGE('',*,*,#4348,.F.);
#4348 = EDGE_CURVE('',#3607,#4349,#4351,.T.);
#4349 = VERTEX_POINT('',#4350);
#4350 = CARTESIAN_POINT('',(0.32,-2.86,8.38));
#4351 = LINE('',#4352,#4353);
#4352 = CARTESIAN_POINT('',(0.32,-2.86,-3.));
#4353 = VECTOR('',#4354,1.);
#4354 = DIRECTION('',(0.,0.,1.));
#4355 = ORIENTED_EDGE('',*,*,#3606,.T.);
#4356 = ORIENTED_EDGE('',*,*,#4357,.T.);
#4357 = EDGE_CURVE('',#3609,#4358,#4360,.T.);
#4358 = VERTEX_POINT('',#4359);
#4359 = CARTESIAN_POINT('',(-0.32,-2.86,8.38));
#4360 = LINE('',#4361,#4362);
#4361 = CARTESIAN_POINT('',(-0.32,-2.86,-3.));
#4362 = VECTOR('',#4363,1.);
#4363 = DIRECTION('',(0.,0.,1.));
#4364 = ORIENTED_EDGE('',*,*,#4365,.T.);
#4365 = EDGE_CURVE('',#4358,#4349,#4366,.T.);
#4366 = LINE('',#4367,#4368);
#4367 = CARTESIAN_POINT('',(-0.32,-2.86,8.38));
#4368 = VECTOR('',#4369,1.);
#4369 = DIRECTION('',(1.,0.,0.));
#4370 = PLANE('',#4371);
#4371 = AXIS2_PLACEMENT_3D('',#4372,#4373,#4374);
#4372 = CARTESIAN_POINT('',(-0.32,-2.86,-3.));
#4373 = DIRECTION('',(0.,1.,0.));
#4374 = DIRECTION('',(0.,-0.,1.));
#4375 = ADVANCED_FACE('',(#4376),#4394,.T.);
#4376 = FACE_BOUND('',#4377,.T.);
#4377 = EDGE_LOOP('',(#4378,#4379,#4380,#4388));
#4378 = ORIENTED_EDGE('',*,*,#4348,.F.);
#4379 = ORIENTED_EDGE('',*,*,#3632,.T.);
#4380 = ORIENTED_EDGE('',*,*,#4381,.T.);
#4381 = EDGE_CURVE('',#3625,#4382,#4384,.T.);
#4382 = VERTEX_POINT('',#4383);
#4383 = CARTESIAN_POINT('',(0.32,-2.22,8.38));
#4384 = LINE('',#4385,#4386);
#4385 = CARTESIAN_POINT('',(0.32,-2.22,-3.));
#4386 = VECTOR('',#4387,1.);
#4387 = DIRECTION('',(0.,0.,1.));
#4388 = ORIENTED_EDGE('',*,*,#4389,.F.);
#4389 = EDGE_CURVE('',#4349,#4382,#4390,.T.);
#4390 = LINE('',#4391,#4392);
#4391 = CARTESIAN_POINT('',(0.32,-2.86,8.38));
#4392 = VECTOR('',#4393,1.);
#4393 = DIRECTION('',(0.,1.,0.));
#4394 = PLANE('',#4395);
#4395 = AXIS2_PLACEMENT_3D('',#4396,#4397,#4398);
#4396 = CARTESIAN_POINT('',(0.32,-2.86,-3.));
#4397 = DIRECTION('',(1.,0.,0.));
#4398 = DIRECTION('',(0.,0.,1.));
#4399 = ADVANCED_FACE('',(#4400),#4418,.T.);
#4400 = FACE_BOUND('',#4401,.T.);
#4401 = EDGE_LOOP('',(#4402,#4403,#4404,#4412));
#4402 = ORIENTED_EDGE('',*,*,#4381,.F.);
#4403 = ORIENTED_EDGE('',*,*,#3624,.T.);
#4404 = ORIENTED_EDGE('',*,*,#4405,.T.);
#4405 = EDGE_CURVE('',#3617,#4406,#4408,.T.);
#4406 = VERTEX_POINT('',#4407);
#4407 = CARTESIAN_POINT('',(-0.32,-2.22,8.38));
#4408 = LINE('',#4409,#4410);
#4409 = CARTESIAN_POINT('',(-0.32,-2.22,-3.));
#4410 = VECTOR('',#4411,1.);
#4411 = DIRECTION('',(0.,0.,1.));
#4412 = ORIENTED_EDGE('',*,*,#4413,.T.);
#4413 = EDGE_CURVE('',#4406,#4382,#4414,.T.);
#4414 = LINE('',#4415,#4416);
#4415 = CARTESIAN_POINT('',(-0.32,-2.22,8.38));
#4416 = VECTOR('',#4417,1.);
#4417 = DIRECTION('',(1.,0.,0.));
#4418 = PLANE('',#4419);
#4419 = AXIS2_PLACEMENT_3D('',#4420,#4421,#4422);
#4420 = CARTESIAN_POINT('',(-0.32,-2.22,-3.));
#4421 = DIRECTION('',(0.,1.,0.));
#4422 = DIRECTION('',(0.,-0.,1.));
#4423 = ADVANCED_FACE('',(#4424),#4435,.F.);
#4424 = FACE_BOUND('',#4425,.F.);
#4425 = EDGE_LOOP('',(#4426,#4427,#4428,#4429));
#4426 = ORIENTED_EDGE('',*,*,#4357,.F.);
#4427 = ORIENTED_EDGE('',*,*,#3616,.T.);
#4428 = ORIENTED_EDGE('',*,*,#4405,.T.);
#4429 = ORIENTED_EDGE('',*,*,#4430,.F.);
#4430 = EDGE_CURVE('',#4358,#4406,#4431,.T.);
#4431 = LINE('',#4432,#4433);
#4432 = CARTESIAN_POINT('',(-0.32,-2.86,8.38));
#4433 = VECTOR('',#4434,1.);
#4434 = DIRECTION('',(0.,1.,0.));
#4435 = PLANE('',#4436);
#4436 = AXIS2_PLACEMENT_3D('',#4437,#4438,#4439);
#4437 = CARTESIAN_POINT('',(-0.32,-2.86,-3.));
#4438 = DIRECTION('',(1.,0.,0.));
#4439 = DIRECTION('',(0.,0.,1.));
#4440 = ADVANCED_FACE('',(#4441),#4466,.T.);
#4441 = FACE_BOUND('',#4442,.T.);
#4442 = EDGE_LOOP('',(#4443,#4451,#4452,#4460));
#4443 = ORIENTED_EDGE('',*,*,#4444,.F.);
#4444 = EDGE_CURVE('',#3641,#4445,#4447,.T.);
#4445 = VERTEX_POINT('',#4446);
#4446 = CARTESIAN_POINT('',(0.32,-4.76,8.38));
#4447 = LINE('',#4448,#4449);
#4448 = CARTESIAN_POINT('',(0.32,-4.76,-3.));
#4449 = VECTOR('',#4450,1.);
#4450 = DIRECTION('',(0.,0.,1.));
#4451 = ORIENTED_EDGE('',*,*,#3640,.T.);
#4452 = ORIENTED_EDGE('',*,*,#4453,.T.);
#4453 = EDGE_CURVE('',#3643,#4454,#4456,.T.);
#4454 = VERTEX_POINT('',#4455);
#4455 = CARTESIAN_POINT('',(-0.32,-4.76,8.38));
#4456 = LINE('',#4457,#4458);
#4457 = CARTESIAN_POINT('',(-0.32,-4.76,-3.));
#4458 = VECTOR('',#4459,1.);
#4459 = DIRECTION('',(0.,0.,1.));
#4460 = ORIENTED_EDGE('',*,*,#4461,.T.);
#4461 = EDGE_CURVE('',#4454,#4445,#4462,.T.);
#4462 = LINE('',#4463,#4464);
#4463 = CARTESIAN_POINT('',(-0.32,-4.76,8.38));
#4464 = VECTOR('',#4465,1.);
#4465 = DIRECTION('',(1.,0.,0.));
#4466 = PLANE('',#4467);
#4467 = AXIS2_PLACEMENT_3D('',#4468,#4469,#4470);
#4468 = CARTESIAN_POINT('',(-0.32,-4.76,-3.));
#4469 = DIRECTION('',(0.,1.,0.));
#4470 = DIRECTION('',(0.,-0.,1.));
#4471 = ADVANCED_FACE('',(#4472),#4490,.F.);
#4472 = FACE_BOUND('',#4473,.F.);
#4473 = EDGE_LOOP('',(#4474,#4482,#4483,#4484));
#4474 = ORIENTED_EDGE('',*,*,#4475,.F.);
#4475 = EDGE_CURVE('',#3659,#4476,#4478,.T.);
#4476 = VERTEX_POINT('',#4477);
#4477 = CARTESIAN_POINT('',(-0.32,-5.4,8.38));
#4478 = LINE('',#4479,#4480);
#4479 = CARTESIAN_POINT('',(-0.32,-5.4,-3.));
#4480 = VECTOR('',#4481,1.);
#4481 = DIRECTION('',(0.,0.,1.));
#4482 = ORIENTED_EDGE('',*,*,#3666,.T.);
#4483 = ORIENTED_EDGE('',*,*,#4453,.T.);
#4484 = ORIENTED_EDGE('',*,*,#4485,.F.);
#4485 = EDGE_CURVE('',#4476,#4454,#4486,.T.);
#4486 = LINE('',#4487,#4488);
#4487 = CARTESIAN_POINT('',(-0.32,-5.4,8.38));
#4488 = VECTOR('',#4489,1.);
#4489 = DIRECTION('',(0.,1.,0.));
#4490 = PLANE('',#4491);
#4491 = AXIS2_PLACEMENT_3D('',#4492,#4493,#4494);
#4492 = CARTESIAN_POINT('',(-0.32,-5.4,-3.));
#4493 = DIRECTION('',(1.,0.,0.));
#4494 = DIRECTION('',(0.,0.,1.));
#4495 = ADVANCED_FACE('',(#4496),#4514,.F.);
#4496 = FACE_BOUND('',#4497,.F.);
#4497 = EDGE_LOOP('',(#4498,#4506,#4507,#4508));
#4498 = ORIENTED_EDGE('',*,*,#4499,.F.);
#4499 = EDGE_CURVE('',#3651,#4500,#4502,.T.);
#4500 = VERTEX_POINT('',#4501);
#4501 = CARTESIAN_POINT('',(0.32,-5.4,8.38));
#4502 = LINE('',#4503,#4504);
#4503 = CARTESIAN_POINT('',(0.32,-5.4,-3.));
#4504 = VECTOR('',#4505,1.);
#4505 = DIRECTION('',(0.,0.,1.));
#4506 = ORIENTED_EDGE('',*,*,#3658,.T.);
#4507 = ORIENTED_EDGE('',*,*,#4475,.T.);
#4508 = ORIENTED_EDGE('',*,*,#4509,.T.);
#4509 = EDGE_CURVE('',#4476,#4500,#4510,.T.);
#4510 = LINE('',#4511,#4512);
#4511 = CARTESIAN_POINT('',(-0.32,-5.4,8.38));
#4512 = VECTOR('',#4513,1.);
#4513 = DIRECTION('',(1.,0.,0.));
#4514 = PLANE('',#4515);
#4515 = AXIS2_PLACEMENT_3D('',#4516,#4517,#4518);
#4516 = CARTESIAN_POINT('',(-0.32,-5.4,-3.));
#4517 = DIRECTION('',(0.,1.,0.));
#4518 = DIRECTION('',(0.,-0.,1.));
#4519 = ADVANCED_FACE('',(#4520),#4531,.T.);
#4520 = FACE_BOUND('',#4521,.T.);
#4521 = EDGE_LOOP('',(#4522,#4523,#4524,#4525));
#4522 = ORIENTED_EDGE('',*,*,#4499,.F.);
#4523 = ORIENTED_EDGE('',*,*,#3650,.T.);
#4524 = ORIENTED_EDGE('',*,*,#4444,.T.);
#4525 = ORIENTED_EDGE('',*,*,#4526,.F.);
#4526 = EDGE_CURVE('',#4500,#4445,#4527,.T.);
#4527 = LINE('',#4528,#4529);
#4528 = CARTESIAN_POINT('',(0.32,-5.4,8.38));
#4529 = VECTOR('',#4530,1.);
#4530 = DIRECTION('',(0.,1.,0.));
#4531 = PLANE('',#4532);
#4532 = AXIS2_PLACEMENT_3D('',#4533,#4534,#4535);
#4533 = CARTESIAN_POINT('',(0.32,-5.4,-3.));
#4534 = DIRECTION('',(1.,0.,0.));
#4535 = DIRECTION('',(0.,0.,1.));
#4536 = ADVANCED_FACE('',(#4537),#4562,.F.);
#4537 = FACE_BOUND('',#4538,.F.);
#4538 = EDGE_LOOP('',(#4539,#4547,#4548,#4556));
#4539 = ORIENTED_EDGE('',*,*,#4540,.F.);
#4540 = EDGE_CURVE('',#3965,#4541,#4543,.T.);
#4541 = VERTEX_POINT('',#4542);
#4542 = CARTESIAN_POINT('',(0.16,-0.16,-3.));
#4543 = LINE('',#4544,#4545);
#4544 = CARTESIAN_POINT('',(0.16,-0.16,-3.));
#4545 = VECTOR('',#4546,1.);
#4546 = DIRECTION('',(-0.57735026919,0.57735026919,-0.57735026919));
#4547 = ORIENTED_EDGE('',*,*,#3972,.T.);
#4548 = ORIENTED_EDGE('',*,*,#4549,.T.);
#4549 = EDGE_CURVE('',#3973,#4550,#4552,.T.);
#4550 = VERTEX_POINT('',#4551);
#4551 = CARTESIAN_POINT('',(0.16,0.16,-3.));
#4552 = LINE('',#4553,#4554);
#4553 = CARTESIAN_POINT('',(5.333333333333E-02,5.333333333333E-02,
    -3.106666666667));
#4554 = VECTOR('',#4555,1.);
#4555 = DIRECTION('',(-0.57735026919,-0.57735026919,-0.57735026919));
#4556 = ORIENTED_EDGE('',*,*,#4557,.F.);
#4557 = EDGE_CURVE('',#4541,#4550,#4558,.T.);
#4558 = LINE('',#4559,#4560);
#4559 = CARTESIAN_POINT('',(0.16,-0.32,-3.));
#4560 = VECTOR('',#4561,1.);
#4561 = DIRECTION('',(0.,1.,0.));
#4562 = PLANE('',#4563);
#4563 = AXIS2_PLACEMENT_3D('',#4564,#4565,#4566);
#4564 = CARTESIAN_POINT('',(0.24,-0.32,-2.92));
#4565 = DIRECTION('',(-0.707106781187,0.,0.707106781187));
#4566 = DIRECTION('',(0.,1.,-0.));
#4567 = ADVANCED_FACE('',(#4568),#4586,.F.);
#4568 = FACE_BOUND('',#4569,.T.);
#4569 = EDGE_LOOP('',(#4570,#4578,#4579,#4580));
#4570 = ORIENTED_EDGE('',*,*,#4571,.F.);
#4571 = EDGE_CURVE('',#3997,#4572,#4574,.T.);
#4572 = VERTEX_POINT('',#4573);
#4573 = CARTESIAN_POINT('',(-0.16,0.16,-3.));
#4574 = LINE('',#4575,#4576);
#4575 = CARTESIAN_POINT('',(-0.16,0.16,-3.));
#4576 = VECTOR('',#4577,1.);
#4577 = DIRECTION('',(0.57735026919,-0.57735026919,-0.57735026919));
#4578 = ORIENTED_EDGE('',*,*,#3996,.T.);
#4579 = ORIENTED_EDGE('',*,*,#4549,.T.);
#4580 = ORIENTED_EDGE('',*,*,#4581,.F.);
#4581 = EDGE_CURVE('',#4572,#4550,#4582,.T.);
#4582 = LINE('',#4583,#4584);
#4583 = CARTESIAN_POINT('',(-0.32,0.16,-3.));
#4584 = VECTOR('',#4585,1.);
#4585 = DIRECTION('',(1.,0.,0.));
#4586 = PLANE('',#4587);
#4587 = AXIS2_PLACEMENT_3D('',#4588,#4589,#4590);
#4588 = CARTESIAN_POINT('',(-0.32,0.24,-2.92));
#4589 = DIRECTION('',(-0.,-0.707106781187,0.707106781187));
#4590 = DIRECTION('',(-1.,0.,0.));
#4591 = ADVANCED_FACE('',(#4592),#4610,.T.);
#4592 = FACE_BOUND('',#4593,.T.);
#4593 = EDGE_LOOP('',(#4594,#4602,#4603,#4604));
#4594 = ORIENTED_EDGE('',*,*,#4595,.F.);
#4595 = EDGE_CURVE('',#4020,#4596,#4598,.T.);
#4596 = VERTEX_POINT('',#4597);
#4597 = CARTESIAN_POINT('',(-0.16,-0.16,-3.));
#4598 = LINE('',#4599,#4600);
#4599 = CARTESIAN_POINT('',(-0.266666666667,-0.266666666667,
    -2.893333333333));
#4600 = VECTOR('',#4601,1.);
#4601 = DIRECTION('',(0.57735026919,0.57735026919,-0.57735026919));
#4602 = ORIENTED_EDGE('',*,*,#4027,.T.);
#4603 = ORIENTED_EDGE('',*,*,#4571,.T.);
#4604 = ORIENTED_EDGE('',*,*,#4605,.F.);
#4605 = EDGE_CURVE('',#4596,#4572,#4606,.T.);
#4606 = LINE('',#4607,#4608);
#4607 = CARTESIAN_POINT('',(-0.16,-0.32,-3.));
#4608 = VECTOR('',#4609,1.);
#4609 = DIRECTION('',(0.,1.,0.));
#4610 = PLANE('',#4611);
#4611 = AXIS2_PLACEMENT_3D('',#4612,#4613,#4614);
#4612 = CARTESIAN_POINT('',(-0.24,-0.32,-2.92));
#4613 = DIRECTION('',(-0.707106781187,-0.,-0.707106781187));
#4614 = DIRECTION('',(0.,1.,-0.));
#4615 = ADVANCED_FACE('',(#4616),#4627,.T.);
#4616 = FACE_BOUND('',#4617,.F.);
#4617 = EDGE_LOOP('',(#4618,#4619,#4620,#4621));
#4618 = ORIENTED_EDGE('',*,*,#4595,.F.);
#4619 = ORIENTED_EDGE('',*,*,#4044,.T.);
#4620 = ORIENTED_EDGE('',*,*,#4540,.T.);
#4621 = ORIENTED_EDGE('',*,*,#4622,.F.);
#4622 = EDGE_CURVE('',#4596,#4541,#4623,.T.);
#4623 = LINE('',#4624,#4625);
#4624 = CARTESIAN_POINT('',(-0.32,-0.16,-3.));
#4625 = VECTOR('',#4626,1.);
#4626 = DIRECTION('',(1.,0.,0.));
#4627 = PLANE('',#4628);
#4628 = AXIS2_PLACEMENT_3D('',#4629,#4630,#4631);
#4629 = CARTESIAN_POINT('',(-0.32,-0.24,-2.92));
#4630 = DIRECTION('',(0.,-0.707106781187,-0.707106781187));
#4631 = DIRECTION('',(-1.,-0.,0.));
#4632 = ADVANCED_FACE('',(#4633),#4658,.T.);
#4633 = FACE_BOUND('',#4634,.F.);
#4634 = EDGE_LOOP('',(#4635,#4643,#4644,#4652));
#4635 = ORIENTED_EDGE('',*,*,#4636,.F.);
#4636 = EDGE_CURVE('',#4069,#4637,#4639,.T.);
#4637 = VERTEX_POINT('',#4638);
#4638 = CARTESIAN_POINT('',(-0.16,-2.7,-3.));
#4639 = LINE('',#4640,#4641);
#4640 = CARTESIAN_POINT('',(-0.266666666667,-2.806666666667,
    -2.893333333333));
#4641 = VECTOR('',#4642,1.);
#4642 = DIRECTION('',(0.57735026919,0.57735026919,-0.57735026919));
#4643 = ORIENTED_EDGE('',*,*,#4068,.T.);
#4644 = ORIENTED_EDGE('',*,*,#4645,.T.);
#4645 = EDGE_CURVE('',#4061,#4646,#4648,.T.);
#4646 = VERTEX_POINT('',#4647);
#4647 = CARTESIAN_POINT('',(0.16,-2.7,-3.));
#4648 = LINE('',#4649,#4650);
#4649 = CARTESIAN_POINT('',(0.16,-2.7,-3.));
#4650 = VECTOR('',#4651,1.);
#4651 = DIRECTION('',(-0.57735026919,0.57735026919,-0.57735026919));
#4652 = ORIENTED_EDGE('',*,*,#4653,.F.);
#4653 = EDGE_CURVE('',#4637,#4646,#4654,.T.);
#4654 = LINE('',#4655,#4656);
#4655 = CARTESIAN_POINT('',(-0.32,-2.7,-3.));
#4656 = VECTOR('',#4657,1.);
#4657 = DIRECTION('',(1.,0.,0.));
#4658 = PLANE('',#4659);
#4659 = AXIS2_PLACEMENT_3D('',#4660,#4661,#4662);
#4660 = CARTESIAN_POINT('',(-0.32,-2.78,-2.92));
#4661 = DIRECTION('',(0.,-0.707106781187,-0.707106781187));
#4662 = DIRECTION('',(-1.,-0.,0.));
#4663 = ADVANCED_FACE('',(#4664),#4682,.F.);
#4664 = FACE_BOUND('',#4665,.F.);
#4665 = EDGE_LOOP('',(#4666,#4667,#4668,#4676));
#4666 = ORIENTED_EDGE('',*,*,#4645,.F.);
#4667 = ORIENTED_EDGE('',*,*,#4092,.T.);
#4668 = ORIENTED_EDGE('',*,*,#4669,.T.);
#4669 = EDGE_CURVE('',#4093,#4670,#4672,.T.);
#4670 = VERTEX_POINT('',#4671);
#4671 = CARTESIAN_POINT('',(0.16,-2.38,-3.));
#4672 = LINE('',#4673,#4674);
#4673 = CARTESIAN_POINT('',(5.333333333333E-02,-2.486666666667,
    -3.106666666667));
#4674 = VECTOR('',#4675,1.);
#4675 = DIRECTION('',(-0.57735026919,-0.57735026919,-0.57735026919));
#4676 = ORIENTED_EDGE('',*,*,#4677,.F.);
#4677 = EDGE_CURVE('',#4646,#4670,#4678,.T.);
#4678 = LINE('',#4679,#4680);
#4679 = CARTESIAN_POINT('',(0.16,-2.86,-3.));
#4680 = VECTOR('',#4681,1.);
#4681 = DIRECTION('',(0.,1.,0.));
#4682 = PLANE('',#4683);
#4683 = AXIS2_PLACEMENT_3D('',#4684,#4685,#4686);
#4684 = CARTESIAN_POINT('',(0.24,-2.86,-2.92));
#4685 = DIRECTION('',(-0.707106781187,0.,0.707106781187));
#4686 = DIRECTION('',(0.,1.,-0.));
#4687 = ADVANCED_FACE('',(#4688),#4706,.F.);
#4688 = FACE_BOUND('',#4689,.T.);
#4689 = EDGE_LOOP('',(#4690,#4698,#4699,#4700));
#4690 = ORIENTED_EDGE('',*,*,#4691,.F.);
#4691 = EDGE_CURVE('',#4117,#4692,#4694,.T.);
#4692 = VERTEX_POINT('',#4693);
#4693 = CARTESIAN_POINT('',(-0.16,-2.38,-3.));
#4694 = LINE('',#4695,#4696);
#4695 = CARTESIAN_POINT('',(-0.16,-2.38,-3.));
#4696 = VECTOR('',#4697,1.);
#4697 = DIRECTION('',(0.57735026919,-0.57735026919,-0.57735026919));
#4698 = ORIENTED_EDGE('',*,*,#4116,.T.);
#4699 = ORIENTED_EDGE('',*,*,#4669,.T.);
#4700 = ORIENTED_EDGE('',*,*,#4701,.F.);
#4701 = EDGE_CURVE('',#4692,#4670,#4702,.T.);
#4702 = LINE('',#4703,#4704);
#4703 = CARTESIAN_POINT('',(-0.32,-2.38,-3.));
#4704 = VECTOR('',#4705,1.);
#4705 = DIRECTION('',(1.,0.,0.));
#4706 = PLANE('',#4707);
#4707 = AXIS2_PLACEMENT_3D('',#4708,#4709,#4710);
#4708 = CARTESIAN_POINT('',(-0.32,-2.3,-2.92));
#4709 = DIRECTION('',(-0.,-0.707106781187,0.707106781187));
#4710 = DIRECTION('',(-1.,0.,0.));
#4711 = ADVANCED_FACE('',(#4712),#4723,.T.);
#4712 = FACE_BOUND('',#4713,.T.);
#4713 = EDGE_LOOP('',(#4714,#4715,#4716,#4717));
#4714 = ORIENTED_EDGE('',*,*,#4636,.F.);
#4715 = ORIENTED_EDGE('',*,*,#4140,.T.);
#4716 = ORIENTED_EDGE('',*,*,#4691,.T.);
#4717 = ORIENTED_EDGE('',*,*,#4718,.F.);
#4718 = EDGE_CURVE('',#4637,#4692,#4719,.T.);
#4719 = LINE('',#4720,#4721);
#4720 = CARTESIAN_POINT('',(-0.16,-2.86,-3.));
#4721 = VECTOR('',#4722,1.);
#4722 = DIRECTION('',(0.,1.,0.));
#4723 = PLANE('',#4724);
#4724 = AXIS2_PLACEMENT_3D('',#4725,#4726,#4727);
#4725 = CARTESIAN_POINT('',(-0.24,-2.86,-2.92));
#4726 = DIRECTION('',(-0.707106781187,-0.,-0.707106781187));
#4727 = DIRECTION('',(0.,1.,-0.));
#4728 = ADVANCED_FACE('',(#4729),#4754,.F.);
#4729 = FACE_BOUND('',#4730,.T.);
#4730 = EDGE_LOOP('',(#4731,#4739,#4740,#4748));
#4731 = ORIENTED_EDGE('',*,*,#4732,.F.);
#4732 = EDGE_CURVE('',#4165,#4733,#4735,.T.);
#4733 = VERTEX_POINT('',#4734);
#4734 = CARTESIAN_POINT('',(-0.16,-4.92,-3.));
#4735 = LINE('',#4736,#4737);
#4736 = CARTESIAN_POINT('',(-0.16,-4.92,-3.));
#4737 = VECTOR('',#4738,1.);
#4738 = DIRECTION('',(0.57735026919,-0.57735026919,-0.57735026919));
#4739 = ORIENTED_EDGE('',*,*,#4164,.T.);
#4740 = ORIENTED_EDGE('',*,*,#4741,.T.);
#4741 = EDGE_CURVE('',#4157,#4742,#4744,.T.);
#4742 = VERTEX_POINT('',#4743);
#4743 = CARTESIAN_POINT('',(0.16,-4.92,-3.));
#4744 = LINE('',#4745,#4746);
#4745 = CARTESIAN_POINT('',(5.333333333333E-02,-5.026666666667,
    -3.106666666667));
#4746 = VECTOR('',#4747,1.);
#4747 = DIRECTION('',(-0.57735026919,-0.57735026919,-0.57735026919));
#4748 = ORIENTED_EDGE('',*,*,#4749,.F.);
#4749 = EDGE_CURVE('',#4733,#4742,#4750,.T.);
#4750 = LINE('',#4751,#4752);
#4751 = CARTESIAN_POINT('',(-0.32,-4.92,-3.));
#4752 = VECTOR('',#4753,1.);
#4753 = DIRECTION('',(1.,0.,0.));
#4754 = PLANE('',#4755);
#4755 = AXIS2_PLACEMENT_3D('',#4756,#4757,#4758);
#4756 = CARTESIAN_POINT('',(-0.32,-4.84,-2.92));
#4757 = DIRECTION('',(-0.,-0.707106781187,0.707106781187));
#4758 = DIRECTION('',(-1.,0.,0.));
#4759 = ADVANCED_FACE('',(#4760),#4778,.T.);
#4760 = FACE_BOUND('',#4761,.T.);
#4761 = EDGE_LOOP('',(#4762,#4770,#4771,#4772));
#4762 = ORIENTED_EDGE('',*,*,#4763,.F.);
#4763 = EDGE_CURVE('',#4188,#4764,#4766,.T.);
#4764 = VERTEX_POINT('',#4765);
#4765 = CARTESIAN_POINT('',(-0.16,-5.24,-3.));
#4766 = LINE('',#4767,#4768);
#4767 = CARTESIAN_POINT('',(-0.266666666667,-5.346666666667,
    -2.893333333333));
#4768 = VECTOR('',#4769,1.);
#4769 = DIRECTION('',(0.57735026919,0.57735026919,-0.57735026919));
#4770 = ORIENTED_EDGE('',*,*,#4195,.T.);
#4771 = ORIENTED_EDGE('',*,*,#4732,.T.);
#4772 = ORIENTED_EDGE('',*,*,#4773,.F.);
#4773 = EDGE_CURVE('',#4764,#4733,#4774,.T.);
#4774 = LINE('',#4775,#4776);
#4775 = CARTESIAN_POINT('',(-0.16,-5.4,-3.));
#4776 = VECTOR('',#4777,1.);
#4777 = DIRECTION('',(0.,1.,0.));
#4778 = PLANE('',#4779);
#4779 = AXIS2_PLACEMENT_3D('',#4780,#4781,#4782);
#4780 = CARTESIAN_POINT('',(-0.24,-5.4,-2.92));
#4781 = DIRECTION('',(-0.707106781187,-0.,-0.707106781187));
#4782 = DIRECTION('',(0.,1.,-0.));
#4783 = ADVANCED_FACE('',(#4784),#4802,.T.);
#4784 = FACE_BOUND('',#4785,.F.);
#4785 = EDGE_LOOP('',(#4786,#4787,#4788,#4796));
#4786 = ORIENTED_EDGE('',*,*,#4763,.F.);
#4787 = ORIENTED_EDGE('',*,*,#4219,.T.);
#4788 = ORIENTED_EDGE('',*,*,#4789,.T.);
#4789 = EDGE_CURVE('',#4212,#4790,#4792,.T.);
#4790 = VERTEX_POINT('',#4791);
#4791 = CARTESIAN_POINT('',(0.16,-5.24,-3.));
#4792 = LINE('',#4793,#4794);
#4793 = CARTESIAN_POINT('',(0.16,-5.24,-3.));
#4794 = VECTOR('',#4795,1.);
#4795 = DIRECTION('',(-0.57735026919,0.57735026919,-0.57735026919));
#4796 = ORIENTED_EDGE('',*,*,#4797,.F.);
#4797 = EDGE_CURVE('',#4764,#4790,#4798,.T.);
#4798 = LINE('',#4799,#4800);
#4799 = CARTESIAN_POINT('',(-0.32,-5.24,-3.));
#4800 = VECTOR('',#4801,1.);
#4801 = DIRECTION('',(1.,0.,0.));
#4802 = PLANE('',#4803);
#4803 = AXIS2_PLACEMENT_3D('',#4804,#4805,#4806);
#4804 = CARTESIAN_POINT('',(-0.32,-5.32,-2.92));
#4805 = DIRECTION('',(0.,-0.707106781187,-0.707106781187));
#4806 = DIRECTION('',(-1.,-0.,0.));
#4807 = ADVANCED_FACE('',(#4808),#4819,.F.);
#4808 = FACE_BOUND('',#4809,.F.);
#4809 = EDGE_LOOP('',(#4810,#4811,#4812,#4813));
#4810 = ORIENTED_EDGE('',*,*,#4789,.F.);
#4811 = ORIENTED_EDGE('',*,*,#4236,.T.);
#4812 = ORIENTED_EDGE('',*,*,#4741,.T.);
#4813 = ORIENTED_EDGE('',*,*,#4814,.F.);
#4814 = EDGE_CURVE('',#4790,#4742,#4815,.T.);
#4815 = LINE('',#4816,#4817);
#4816 = CARTESIAN_POINT('',(0.16,-5.4,-3.));
#4817 = VECTOR('',#4818,1.);
#4818 = DIRECTION('',(0.,1.,0.));
#4819 = PLANE('',#4820);
#4820 = AXIS2_PLACEMENT_3D('',#4821,#4822,#4823);
#4821 = CARTESIAN_POINT('',(0.24,-5.4,-2.92));
#4822 = DIRECTION('',(-0.707106781187,0.,0.707106781187));
#4823 = DIRECTION('',(0.,1.,-0.));
#4824 = ADVANCED_FACE('',(#4825),#4850,.T.);
#4825 = FACE_BOUND('',#4826,.T.);
#4826 = EDGE_LOOP('',(#4827,#4835,#4836,#4844));
#4827 = ORIENTED_EDGE('',*,*,#4828,.F.);
#4828 = EDGE_CURVE('',#4253,#4829,#4831,.T.);
#4829 = VERTEX_POINT('',#4830);
#4830 = CARTESIAN_POINT('',(0.16,-0.16,8.54));
#4831 = LINE('',#4832,#4833);
#4832 = CARTESIAN_POINT('',(0.16,-0.16,8.54));
#4833 = VECTOR('',#4834,1.);
#4834 = DIRECTION('',(-0.57735026919,0.57735026919,0.57735026919));
#4835 = ORIENTED_EDGE('',*,*,#4269,.T.);
#4836 = ORIENTED_EDGE('',*,*,#4837,.T.);
#4837 = EDGE_CURVE('',#4262,#4838,#4840,.T.);
#4838 = VERTEX_POINT('',#4839);
#4839 = CARTESIAN_POINT('',(0.16,0.16,8.54));
#4840 = LINE('',#4841,#4842);
#4841 = CARTESIAN_POINT('',(5.333333333333E-02,5.333333333333E-02,
    8.646666666667));
#4842 = VECTOR('',#4843,1.);
#4843 = DIRECTION('',(-0.57735026919,-0.57735026919,0.57735026919));
#4844 = ORIENTED_EDGE('',*,*,#4845,.F.);
#4845 = EDGE_CURVE('',#4829,#4838,#4846,.T.);
#4846 = LINE('',#4847,#4848);
#4847 = CARTESIAN_POINT('',(0.16,-0.32,8.54));
#4848 = VECTOR('',#4849,1.);
#4849 = DIRECTION('',(0.,1.,0.));
#4850 = PLANE('',#4851);
#4851 = AXIS2_PLACEMENT_3D('',#4852,#4853,#4854);
#4852 = CARTESIAN_POINT('',(0.24,-0.32,8.46));
#4853 = DIRECTION('',(0.707106781187,-0.,0.707106781187));
#4854 = DIRECTION('',(0.,1.,0.));
#4855 = ADVANCED_FACE('',(#4856),#4874,.T.);
#4856 = FACE_BOUND('',#4857,.F.);
#4857 = EDGE_LOOP('',(#4858,#4866,#4867,#4868));
#4858 = ORIENTED_EDGE('',*,*,#4859,.F.);
#4859 = EDGE_CURVE('',#4286,#4860,#4862,.T.);
#4860 = VERTEX_POINT('',#4861);
#4861 = CARTESIAN_POINT('',(-0.16,0.16,8.54));
#4862 = LINE('',#4863,#4864);
#4863 = CARTESIAN_POINT('',(-0.16,0.16,8.54));
#4864 = VECTOR('',#4865,1.);
#4865 = DIRECTION('',(0.57735026919,-0.57735026919,0.57735026919));
#4866 = ORIENTED_EDGE('',*,*,#4293,.T.);
#4867 = ORIENTED_EDGE('',*,*,#4837,.T.);
#4868 = ORIENTED_EDGE('',*,*,#4869,.F.);
#4869 = EDGE_CURVE('',#4860,#4838,#4870,.T.);
#4870 = LINE('',#4871,#4872);
#4871 = CARTESIAN_POINT('',(-0.32,0.16,8.54));
#4872 = VECTOR('',#4873,1.);
#4873 = DIRECTION('',(1.,0.,0.));
#4874 = PLANE('',#4875);
#4875 = AXIS2_PLACEMENT_3D('',#4876,#4877,#4878);
#4876 = CARTESIAN_POINT('',(-0.32,0.24,8.46));
#4877 = DIRECTION('',(0.,0.707106781187,0.707106781187));
#4878 = DIRECTION('',(-1.,0.,0.));
#4879 = ADVANCED_FACE('',(#4880),#4898,.F.);
#4880 = FACE_BOUND('',#4881,.F.);
#4881 = EDGE_LOOP('',(#4882,#4890,#4891,#4892));
#4882 = ORIENTED_EDGE('',*,*,#4883,.F.);
#4883 = EDGE_CURVE('',#4308,#4884,#4886,.T.);
#4884 = VERTEX_POINT('',#4885);
#4885 = CARTESIAN_POINT('',(-0.16,-0.16,8.54));
#4886 = LINE('',#4887,#4888);
#4887 = CARTESIAN_POINT('',(-0.266666666667,-0.266666666667,
    8.433333333333));
#4888 = VECTOR('',#4889,1.);
#4889 = DIRECTION('',(0.57735026919,0.57735026919,0.57735026919));
#4890 = ORIENTED_EDGE('',*,*,#4317,.T.);
#4891 = ORIENTED_EDGE('',*,*,#4859,.T.);
#4892 = ORIENTED_EDGE('',*,*,#4893,.F.);
#4893 = EDGE_CURVE('',#4884,#4860,#4894,.T.);
#4894 = LINE('',#4895,#4896);
#4895 = CARTESIAN_POINT('',(-0.16,-0.32,8.54));
#4896 = VECTOR('',#4897,1.);
#4897 = DIRECTION('',(0.,1.,0.));
#4898 = PLANE('',#4899);
#4899 = AXIS2_PLACEMENT_3D('',#4900,#4901,#4902);
#4900 = CARTESIAN_POINT('',(-0.24,-0.32,8.46));
#4901 = DIRECTION('',(0.707106781187,0.,-0.707106781187));
#4902 = DIRECTION('',(0.,1.,0.));
#4903 = ADVANCED_FACE('',(#4904),#4915,.F.);
#4904 = FACE_BOUND('',#4905,.T.);
#4905 = EDGE_LOOP('',(#4906,#4907,#4908,#4909));
#4906 = ORIENTED_EDGE('',*,*,#4883,.F.);
#4907 = ORIENTED_EDGE('',*,*,#4334,.T.);
#4908 = ORIENTED_EDGE('',*,*,#4828,.T.);
#4909 = ORIENTED_EDGE('',*,*,#4910,.F.);
#4910 = EDGE_CURVE('',#4884,#4829,#4911,.T.);
#4911 = LINE('',#4912,#4913);
#4912 = CARTESIAN_POINT('',(-0.32,-0.16,8.54));
#4913 = VECTOR('',#4914,1.);
#4914 = DIRECTION('',(1.,0.,0.));
#4915 = PLANE('',#4916);
#4916 = AXIS2_PLACEMENT_3D('',#4917,#4918,#4919);
#4917 = CARTESIAN_POINT('',(-0.32,-0.24,8.46));
#4918 = DIRECTION('',(-0.,0.707106781187,-0.707106781187));
#4919 = DIRECTION('',(-1.,-0.,0.));
#4920 = ADVANCED_FACE('',(#4921),#4946,.F.);
#4921 = FACE_BOUND('',#4922,.T.);
#4922 = EDGE_LOOP('',(#4923,#4931,#4932,#4940));
#4923 = ORIENTED_EDGE('',*,*,#4924,.F.);
#4924 = EDGE_CURVE('',#4358,#4925,#4927,.T.);
#4925 = VERTEX_POINT('',#4926);
#4926 = CARTESIAN_POINT('',(-0.16,-2.7,8.54));
#4927 = LINE('',#4928,#4929);
#4928 = CARTESIAN_POINT('',(-0.266666666667,-2.806666666667,
    8.433333333333));
#4929 = VECTOR('',#4930,1.);
#4930 = DIRECTION('',(0.57735026919,0.57735026919,0.57735026919));
#4931 = ORIENTED_EDGE('',*,*,#4365,.T.);
#4932 = ORIENTED_EDGE('',*,*,#4933,.T.);
#4933 = EDGE_CURVE('',#4349,#4934,#4936,.T.);
#4934 = VERTEX_POINT('',#4935);
#4935 = CARTESIAN_POINT('',(0.16,-2.7,8.54));
#4936 = LINE('',#4937,#4938);
#4937 = CARTESIAN_POINT('',(0.16,-2.7,8.54));
#4938 = VECTOR('',#4939,1.);
#4939 = DIRECTION('',(-0.57735026919,0.57735026919,0.57735026919));
#4940 = ORIENTED_EDGE('',*,*,#4941,.F.);
#4941 = EDGE_CURVE('',#4925,#4934,#4942,.T.);
#4942 = LINE('',#4943,#4944);
#4943 = CARTESIAN_POINT('',(-0.32,-2.7,8.54));
#4944 = VECTOR('',#4945,1.);
#4945 = DIRECTION('',(1.,0.,0.));
#4946 = PLANE('',#4947);
#4947 = AXIS2_PLACEMENT_3D('',#4948,#4949,#4950);
#4948 = CARTESIAN_POINT('',(-0.32,-2.78,8.46));
#4949 = DIRECTION('',(-0.,0.707106781187,-0.707106781187));
#4950 = DIRECTION('',(-1.,-0.,0.));
#4951 = ADVANCED_FACE('',(#4952),#4970,.T.);
#4952 = FACE_BOUND('',#4953,.T.);
#4953 = EDGE_LOOP('',(#4954,#4955,#4956,#4964));
#4954 = ORIENTED_EDGE('',*,*,#4933,.F.);
#4955 = ORIENTED_EDGE('',*,*,#4389,.T.);
#4956 = ORIENTED_EDGE('',*,*,#4957,.T.);
#4957 = EDGE_CURVE('',#4382,#4958,#4960,.T.);
#4958 = VERTEX_POINT('',#4959);
#4959 = CARTESIAN_POINT('',(0.16,-2.38,8.54));
#4960 = LINE('',#4961,#4962);
#4961 = CARTESIAN_POINT('',(5.333333333333E-02,-2.486666666667,
    8.646666666667));
#4962 = VECTOR('',#4963,1.);
#4963 = DIRECTION('',(-0.57735026919,-0.57735026919,0.57735026919));
#4964 = ORIENTED_EDGE('',*,*,#4965,.F.);
#4965 = EDGE_CURVE('',#4934,#4958,#4966,.T.);
#4966 = LINE('',#4967,#4968);
#4967 = CARTESIAN_POINT('',(0.16,-2.86,8.54));
#4968 = VECTOR('',#4969,1.);
#4969 = DIRECTION('',(0.,1.,0.));
#4970 = PLANE('',#4971);
#4971 = AXIS2_PLACEMENT_3D('',#4972,#4973,#4974);
#4972 = CARTESIAN_POINT('',(0.24,-2.86,8.46));
#4973 = DIRECTION('',(0.707106781187,-0.,0.707106781187));
#4974 = DIRECTION('',(0.,1.,0.));
#4975 = ADVANCED_FACE('',(#4976),#4994,.T.);
#4976 = FACE_BOUND('',#4977,.F.);
#4977 = EDGE_LOOP('',(#4978,#4986,#4987,#4988));
#4978 = ORIENTED_EDGE('',*,*,#4979,.F.);
#4979 = EDGE_CURVE('',#4406,#4980,#4982,.T.);
#4980 = VERTEX_POINT('',#4981);
#4981 = CARTESIAN_POINT('',(-0.16,-2.38,8.54));
#4982 = LINE('',#4983,#4984);
#4983 = CARTESIAN_POINT('',(-0.16,-2.38,8.54));
#4984 = VECTOR('',#4985,1.);
#4985 = DIRECTION('',(0.57735026919,-0.57735026919,0.57735026919));
#4986 = ORIENTED_EDGE('',*,*,#4413,.T.);
#4987 = ORIENTED_EDGE('',*,*,#4957,.T.);
#4988 = ORIENTED_EDGE('',*,*,#4989,.F.);
#4989 = EDGE_CURVE('',#4980,#4958,#4990,.T.);
#4990 = LINE('',#4991,#4992);
#4991 = CARTESIAN_POINT('',(-0.32,-2.38,8.54));
#4992 = VECTOR('',#4993,1.);
#4993 = DIRECTION('',(1.,0.,0.));
#4994 = PLANE('',#4995);
#4995 = AXIS2_PLACEMENT_3D('',#4996,#4997,#4998);
#4996 = CARTESIAN_POINT('',(-0.32,-2.3,8.46));
#4997 = DIRECTION('',(0.,0.707106781187,0.707106781187));
#4998 = DIRECTION('',(-1.,0.,0.));
#4999 = ADVANCED_FACE('',(#5000),#5011,.F.);
#5000 = FACE_BOUND('',#5001,.F.);
#5001 = EDGE_LOOP('',(#5002,#5003,#5004,#5005));
#5002 = ORIENTED_EDGE('',*,*,#4924,.F.);
#5003 = ORIENTED_EDGE('',*,*,#4430,.T.);
#5004 = ORIENTED_EDGE('',*,*,#4979,.T.);
#5005 = ORIENTED_EDGE('',*,*,#5006,.F.);
#5006 = EDGE_CURVE('',#4925,#4980,#5007,.T.);
#5007 = LINE('',#5008,#5009);
#5008 = CARTESIAN_POINT('',(-0.16,-2.86,8.54));
#5009 = VECTOR('',#5010,1.);
#5010 = DIRECTION('',(0.,1.,0.));
#5011 = PLANE('',#5012);
#5012 = AXIS2_PLACEMENT_3D('',#5013,#5014,#5015);
#5013 = CARTESIAN_POINT('',(-0.24,-2.86,8.46));
#5014 = DIRECTION('',(0.707106781187,0.,-0.707106781187));
#5015 = DIRECTION('',(0.,1.,0.));
#5016 = ADVANCED_FACE('',(#5017),#5042,.T.);
#5017 = FACE_BOUND('',#5018,.F.);
#5018 = EDGE_LOOP('',(#5019,#5027,#5028,#5036));
#5019 = ORIENTED_EDGE('',*,*,#5020,.F.);
#5020 = EDGE_CURVE('',#4454,#5021,#5023,.T.);
#5021 = VERTEX_POINT('',#5022);
#5022 = CARTESIAN_POINT('',(-0.16,-4.92,8.54));
#5023 = LINE('',#5024,#5025);
#5024 = CARTESIAN_POINT('',(-0.16,-4.92,8.54));
#5025 = VECTOR('',#5026,1.);
#5026 = DIRECTION('',(0.57735026919,-0.57735026919,0.57735026919));
#5027 = ORIENTED_EDGE('',*,*,#4461,.T.);
#5028 = ORIENTED_EDGE('',*,*,#5029,.T.);
#5029 = EDGE_CURVE('',#4445,#5030,#5032,.T.);
#5030 = VERTEX_POINT('',#5031);
#5031 = CARTESIAN_POINT('',(0.16,-4.92,8.54));
#5032 = LINE('',#5033,#5034);
#5033 = CARTESIAN_POINT('',(5.333333333333E-02,-5.026666666667,
    8.646666666667));
#5034 = VECTOR('',#5035,1.);
#5035 = DIRECTION('',(-0.57735026919,-0.57735026919,0.57735026919));
#5036 = ORIENTED_EDGE('',*,*,#5037,.F.);
#5037 = EDGE_CURVE('',#5021,#5030,#5038,.T.);
#5038 = LINE('',#5039,#5040);
#5039 = CARTESIAN_POINT('',(-0.32,-4.92,8.54));
#5040 = VECTOR('',#5041,1.);
#5041 = DIRECTION('',(1.,0.,0.));
#5042 = PLANE('',#5043);
#5043 = AXIS2_PLACEMENT_3D('',#5044,#5045,#5046);
#5044 = CARTESIAN_POINT('',(-0.32,-4.84,8.46));
#5045 = DIRECTION('',(0.,0.707106781187,0.707106781187));
#5046 = DIRECTION('',(-1.,0.,0.));
#5047 = ADVANCED_FACE('',(#5048),#5066,.F.);
#5048 = FACE_BOUND('',#5049,.F.);
#5049 = EDGE_LOOP('',(#5050,#5058,#5059,#5060));
#5050 = ORIENTED_EDGE('',*,*,#5051,.F.);
#5051 = EDGE_CURVE('',#4476,#5052,#5054,.T.);
#5052 = VERTEX_POINT('',#5053);
#5053 = CARTESIAN_POINT('',(-0.16,-5.24,8.54));
#5054 = LINE('',#5055,#5056);
#5055 = CARTESIAN_POINT('',(-0.266666666667,-5.346666666667,
    8.433333333333));
#5056 = VECTOR('',#5057,1.);
#5057 = DIRECTION('',(0.57735026919,0.57735026919,0.57735026919));
#5058 = ORIENTED_EDGE('',*,*,#4485,.T.);
#5059 = ORIENTED_EDGE('',*,*,#5020,.T.);
#5060 = ORIENTED_EDGE('',*,*,#5061,.F.);
#5061 = EDGE_CURVE('',#5052,#5021,#5062,.T.);
#5062 = LINE('',#5063,#5064);
#5063 = CARTESIAN_POINT('',(-0.16,-5.4,8.54));
#5064 = VECTOR('',#5065,1.);
#5065 = DIRECTION('',(0.,1.,0.));
#5066 = PLANE('',#5067);
#5067 = AXIS2_PLACEMENT_3D('',#5068,#5069,#5070);
#5068 = CARTESIAN_POINT('',(-0.24,-5.4,8.46));
#5069 = DIRECTION('',(0.707106781187,0.,-0.707106781187));
#5070 = DIRECTION('',(0.,1.,0.));
#5071 = ADVANCED_FACE('',(#5072),#5090,.F.);
#5072 = FACE_BOUND('',#5073,.T.);
#5073 = EDGE_LOOP('',(#5074,#5075,#5076,#5084));
#5074 = ORIENTED_EDGE('',*,*,#5051,.F.);
#5075 = ORIENTED_EDGE('',*,*,#4509,.T.);
#5076 = ORIENTED_EDGE('',*,*,#5077,.T.);
#5077 = EDGE_CURVE('',#4500,#5078,#5080,.T.);
#5078 = VERTEX_POINT('',#5079);
#5079 = CARTESIAN_POINT('',(0.16,-5.24,8.54));
#5080 = LINE('',#5081,#5082);
#5081 = CARTESIAN_POINT('',(0.16,-5.24,8.54));
#5082 = VECTOR('',#5083,1.);
#5083 = DIRECTION('',(-0.57735026919,0.57735026919,0.57735026919));
#5084 = ORIENTED_EDGE('',*,*,#5085,.F.);
#5085 = EDGE_CURVE('',#5052,#5078,#5086,.T.);
#5086 = LINE('',#5087,#5088);
#5087 = CARTESIAN_POINT('',(-0.32,-5.24,8.54));
#5088 = VECTOR('',#5089,1.);
#5089 = DIRECTION('',(1.,0.,0.));
#5090 = PLANE('',#5091);
#5091 = AXIS2_PLACEMENT_3D('',#5092,#5093,#5094);
#5092 = CARTESIAN_POINT('',(-0.32,-5.32,8.46));
#5093 = DIRECTION('',(-0.,0.707106781187,-0.707106781187));
#5094 = DIRECTION('',(-1.,-0.,0.));
#5095 = ADVANCED_FACE('',(#5096),#5107,.T.);
#5096 = FACE_BOUND('',#5097,.T.);
#5097 = EDGE_LOOP('',(#5098,#5099,#5100,#5101));
#5098 = ORIENTED_EDGE('',*,*,#5077,.F.);
#5099 = ORIENTED_EDGE('',*,*,#4526,.T.);
#5100 = ORIENTED_EDGE('',*,*,#5029,.T.);
#5101 = ORIENTED_EDGE('',*,*,#5102,.F.);
#5102 = EDGE_CURVE('',#5078,#5030,#5103,.T.);
#5103 = LINE('',#5104,#5105);
#5104 = CARTESIAN_POINT('',(0.16,-5.4,8.54));
#5105 = VECTOR('',#5106,1.);
#5106 = DIRECTION('',(0.,1.,0.));
#5107 = PLANE('',#5108);
#5108 = AXIS2_PLACEMENT_3D('',#5109,#5110,#5111);
#5109 = CARTESIAN_POINT('',(0.24,-5.4,8.46));
#5110 = DIRECTION('',(0.707106781187,-0.,0.707106781187));
#5111 = DIRECTION('',(0.,1.,0.));
#5112 = ADVANCED_FACE('',(#5113),#5119,.F.);
#5113 = FACE_BOUND('',#5114,.F.);
#5114 = EDGE_LOOP('',(#5115,#5116,#5117,#5118));
#5115 = ORIENTED_EDGE('',*,*,#4581,.F.);
#5116 = ORIENTED_EDGE('',*,*,#4605,.F.);
#5117 = ORIENTED_EDGE('',*,*,#4622,.T.);
#5118 = ORIENTED_EDGE('',*,*,#4557,.T.);
#5119 = PLANE('',#5120);
#5120 = AXIS2_PLACEMENT_3D('',#5121,#5122,#5123);
#5121 = CARTESIAN_POINT('',(-0.32,-0.32,-3.));
#5122 = DIRECTION('',(0.,0.,1.));
#5123 = DIRECTION('',(1.,0.,-0.));
#5124 = ADVANCED_FACE('',(#5125),#5131,.F.);
#5125 = FACE_BOUND('',#5126,.F.);
#5126 = EDGE_LOOP('',(#5127,#5128,#5129,#5130));
#5127 = ORIENTED_EDGE('',*,*,#4701,.F.);
#5128 = ORIENTED_EDGE('',*,*,#4718,.F.);
#5129 = ORIENTED_EDGE('',*,*,#4653,.T.);
#5130 = ORIENTED_EDGE('',*,*,#4677,.T.);
#5131 = PLANE('',#5132);
#5132 = AXIS2_PLACEMENT_3D('',#5133,#5134,#5135);
#5133 = CARTESIAN_POINT('',(-0.32,-2.86,-3.));
#5134 = DIRECTION('',(0.,0.,1.));
#5135 = DIRECTION('',(1.,0.,-0.));
#5136 = ADVANCED_FACE('',(#5137),#5143,.F.);
#5137 = FACE_BOUND('',#5138,.F.);
#5138 = EDGE_LOOP('',(#5139,#5140,#5141,#5142));
#5139 = ORIENTED_EDGE('',*,*,#4749,.F.);
#5140 = ORIENTED_EDGE('',*,*,#4773,.F.);
#5141 = ORIENTED_EDGE('',*,*,#4797,.T.);
#5142 = ORIENTED_EDGE('',*,*,#4814,.T.);
#5143 = PLANE('',#5144);
#5144 = AXIS2_PLACEMENT_3D('',#5145,#5146,#5147);
#5145 = CARTESIAN_POINT('',(-0.32,-5.4,-3.));
#5146 = DIRECTION('',(0.,0.,1.));
#5147 = DIRECTION('',(1.,0.,-0.));
#5148 = ADVANCED_FACE('',(#5149),#5155,.T.);
#5149 = FACE_BOUND('',#5150,.T.);
#5150 = EDGE_LOOP('',(#5151,#5152,#5153,#5154));
#5151 = ORIENTED_EDGE('',*,*,#4910,.T.);
#5152 = ORIENTED_EDGE('',*,*,#4845,.T.);
#5153 = ORIENTED_EDGE('',*,*,#4869,.F.);
#5154 = ORIENTED_EDGE('',*,*,#4893,.F.);
#5155 = PLANE('',#5156);
#5156 = AXIS2_PLACEMENT_3D('',#5157,#5158,#5159);
#5157 = CARTESIAN_POINT('',(-0.32,-0.32,8.54));
#5158 = DIRECTION('',(0.,0.,1.));
#5159 = DIRECTION('',(1.,0.,-0.));
#5160 = ADVANCED_FACE('',(#5161),#5167,.T.);
#5161 = FACE_BOUND('',#5162,.T.);
#5162 = EDGE_LOOP('',(#5163,#5164,#5165,#5166));
#5163 = ORIENTED_EDGE('',*,*,#4941,.T.);
#5164 = ORIENTED_EDGE('',*,*,#4965,.T.);
#5165 = ORIENTED_EDGE('',*,*,#4989,.F.);
#5166 = ORIENTED_EDGE('',*,*,#5006,.F.);
#5167 = PLANE('',#5168);
#5168 = AXIS2_PLACEMENT_3D('',#5169,#5170,#5171);
#5169 = CARTESIAN_POINT('',(-0.32,-2.86,8.54));
#5170 = DIRECTION('',(0.,0.,1.));
#5171 = DIRECTION('',(1.,0.,-0.));
#5172 = ADVANCED_FACE('',(#5173),#5179,.T.);
#5173 = FACE_BOUND('',#5174,.T.);
#5174 = EDGE_LOOP('',(#5175,#5176,#5177,#5178));
#5175 = ORIENTED_EDGE('',*,*,#5085,.T.);
#5176 = ORIENTED_EDGE('',*,*,#5102,.T.);
#5177 = ORIENTED_EDGE('',*,*,#5037,.F.);
#5178 = ORIENTED_EDGE('',*,*,#5061,.F.);
#5179 = PLANE('',#5180);
#5180 = AXIS2_PLACEMENT_3D('',#5181,#5182,#5183);
#5181 = CARTESIAN_POINT('',(-0.32,-5.4,8.54));
#5182 = DIRECTION('',(0.,0.,1.));
#5183 = DIRECTION('',(1.,0.,-0.));
#5184 = ( GEOMETRIC_REPRESENTATION_CONTEXT(3) 
GLOBAL_UNCERTAINTY_ASSIGNED_CONTEXT((#5188)) 
GLOBAL_UNIT_ASSIGNED_CONTEXT((#5185,#5186,#5187)) REPRESENTATION_CONTEXT
('Context #1','3D Context with UNIT and UNCERTAINTY') );
#5185 = ( LENGTH_UNIT() NAMED_UNIT(*) SI_UNIT(.MILLI.,.METRE.) );
#5186 = ( NAMED_UNIT(*) PLANE_ANGLE_UNIT() SI_UNIT($,.RADIAN.) );
#5187 = ( NAMED_UNIT(*) SI_UNIT($,.STERADIAN.) SOLID_ANGLE_UNIT() );
#5188 = UNCERTAINTY_MEASURE_WITH_UNIT(LENGTH_MEASURE(1.E-07),#5185,
  'distance_accuracy_value','confusion accuracy');
#5189 = CONTEXT_DEPENDENT_SHAPE_REPRESENTATION(#5190,#5192);
#5190 = ( REPRESENTATION_RELATIONSHIP('','',#3077,#3054) 
REPRESENTATION_RELATIONSHIP_WITH_TRANSFORMATION(#5191) 
SHAPE_REPRESENTATION_RELATIONSHIP() );
#5191 = ITEM_DEFINED_TRANSFORMATION('','',#11,#3055);
#5192 = PRODUCT_DEFINITION_SHAPE('Placement','Placement of an item',
  #5193);
#5193 = NEXT_ASSEMBLY_USAGE_OCCURRENCE('7',
  'PinHeader_1x03_P254mm_Vertical001','',#3049,#3072,$);
#5194 = PRODUCT_RELATED_PRODUCT_CATEGORY('part',$,(#3074));
#5195 = SHAPE_DEFINITION_REPRESENTATION(#5196,#5202);
#5196 = PRODUCT_DEFINITION_SHAPE('','',#5197);
#5197 = PRODUCT_DEFINITION('design','',#5198,#5201);
#5198 = PRODUCT_DEFINITION_FORMATION('','',#5199);
#5199 = PRODUCT('DesD4A8_PCB','DesD4A8_PCB','',(#5200));
#5200 = PRODUCT_CONTEXT('',#2,'mechanical');
#5201 = PRODUCT_DEFINITION_CONTEXT('part definition',#2,'design');
#5202 = ADVANCED_BREP_SHAPE_REPRESENTATION('',(#11,#5203),#7209);
#5203 = MANIFOLD_SOLID_BREP('',#5204);
#5204 = CLOSED_SHELL('',(#5205,#5247,#5278,#5309,#5845,#6381,#6398,#6415
    ,#6432,#6449,#6461,#6478,#6495,#6512,#6529,#6546,#6563,#6580,#6597,
    #6614,#6631,#6648,#6665,#6682,#6699,#6716,#6733,#6750,#6767,#6784,
    #6801,#6818,#6835,#6852,#6869,#6886,#6903,#6920,#6937,#6954,#6971,
    #6988,#7005,#7022,#7039,#7056,#7073,#7090,#7107,#7124,#7141,#7158,
    #7175,#7192));
#5205 = ADVANCED_FACE('',(#5206),#5242,.T.);
#5206 = FACE_BOUND('',#5207,.T.);
#5207 = EDGE_LOOP('',(#5208,#5218,#5227,#5235));
#5208 = ORIENTED_EDGE('',*,*,#5209,.T.);
#5209 = EDGE_CURVE('',#5210,#5212,#5214,.T.);
#5210 = VERTEX_POINT('',#5211);
#5211 = CARTESIAN_POINT('',(158.25,-63.,0.));
#5212 = VERTEX_POINT('',#5213);
#5213 = CARTESIAN_POINT('',(158.25,-63.,1.51));
#5214 = LINE('',#5215,#5216);
#5215 = CARTESIAN_POINT('',(158.25,-63.,0.));
#5216 = VECTOR('',#5217,1.);
#5217 = DIRECTION('',(0.,0.,1.));
#5218 = ORIENTED_EDGE('',*,*,#5219,.T.);
#5219 = EDGE_CURVE('',#5212,#5220,#5222,.T.);
#5220 = VERTEX_POINT('',#5221);
#5221 = CARTESIAN_POINT('',(163.25,-68.,1.51));
#5222 = CIRCLE('',#5223,4.999999678834);
#5223 = AXIS2_PLACEMENT_3D('',#5224,#5225,#5226);
#5224 = CARTESIAN_POINT('',(158.25000032116,-67.99999967883,1.51));
#5225 = DIRECTION('',(0.,0.,-1.));
#5226 = DIRECTION('',(-6.423314134E-08,1.,0.));
#5227 = ORIENTED_EDGE('',*,*,#5228,.F.);
#5228 = EDGE_CURVE('',#5229,#5220,#5231,.T.);
#5229 = VERTEX_POINT('',#5230);
#5230 = CARTESIAN_POINT('',(163.25,-68.,0.));
#5231 = LINE('',#5232,#5233);
#5232 = CARTESIAN_POINT('',(163.25,-68.,0.));
#5233 = VECTOR('',#5234,1.);
#5234 = DIRECTION('',(0.,0.,1.));
#5235 = ORIENTED_EDGE('',*,*,#5236,.F.);
#5236 = EDGE_CURVE('',#5210,#5229,#5237,.T.);
#5237 = CIRCLE('',#5238,4.999999678834);
#5238 = AXIS2_PLACEMENT_3D('',#5239,#5240,#5241);
#5239 = CARTESIAN_POINT('',(158.25000032116,-67.99999967883,0.));
#5240 = DIRECTION('',(0.,0.,-1.));
#5241 = DIRECTION('',(-6.423314134E-08,1.,0.));
#5242 = CYLINDRICAL_SURFACE('',#5243,4.999999678834);
#5243 = AXIS2_PLACEMENT_3D('',#5244,#5245,#5246);
#5244 = CARTESIAN_POINT('',(158.25000032116,-67.99999967883,0.));
#5245 = DIRECTION('',(0.,0.,-1.));
#5246 = DIRECTION('',(-6.423314134E-08,1.,0.));
#5247 = ADVANCED_FACE('',(#5248),#5273,.T.);
#5248 = FACE_BOUND('',#5249,.T.);
#5249 = EDGE_LOOP('',(#5250,#5260,#5266,#5267));
#5250 = ORIENTED_EDGE('',*,*,#5251,.T.);
#5251 = EDGE_CURVE('',#5252,#5254,#5256,.T.);
#5252 = VERTEX_POINT('',#5253);
#5253 = CARTESIAN_POINT('',(76.75,-63.,0.));
#5254 = VERTEX_POINT('',#5255);
#5255 = CARTESIAN_POINT('',(76.75,-63.,1.51));
#5256 = LINE('',#5257,#5258);
#5257 = CARTESIAN_POINT('',(76.75,-63.,0.));
#5258 = VECTOR('',#5259,1.);
#5259 = DIRECTION('',(0.,0.,1.));
#5260 = ORIENTED_EDGE('',*,*,#5261,.T.);
#5261 = EDGE_CURVE('',#5254,#5212,#5262,.T.);
#5262 = LINE('',#5263,#5264);
#5263 = CARTESIAN_POINT('',(76.75,-63.,1.51));
#5264 = VECTOR('',#5265,1.);
#5265 = DIRECTION('',(1.,0.,0.));
#5266 = ORIENTED_EDGE('',*,*,#5209,.F.);
#5267 = ORIENTED_EDGE('',*,*,#5268,.F.);
#5268 = EDGE_CURVE('',#5252,#5210,#5269,.T.);
#5269 = LINE('',#5270,#5271);
#5270 = CARTESIAN_POINT('',(76.75,-63.,0.));
#5271 = VECTOR('',#5272,1.);
#5272 = DIRECTION('',(1.,0.,0.));
#5273 = PLANE('',#5274);
#5274 = AXIS2_PLACEMENT_3D('',#5275,#5276,#5277);
#5275 = CARTESIAN_POINT('',(76.75,-63.,0.));
#5276 = DIRECTION('',(0.,1.,0.));
#5277 = DIRECTION('',(1.,0.,0.));
#5278 = ADVANCED_FACE('',(#5279),#5304,.T.);
#5279 = FACE_BOUND('',#5280,.T.);
#5280 = EDGE_LOOP('',(#5281,#5282,#5290,#5298));
#5281 = ORIENTED_EDGE('',*,*,#5228,.T.);
#5282 = ORIENTED_EDGE('',*,*,#5283,.T.);
#5283 = EDGE_CURVE('',#5220,#5284,#5286,.T.);
#5284 = VERTEX_POINT('',#5285);
#5285 = CARTESIAN_POINT('',(163.25,-117.5,1.51));
#5286 = LINE('',#5287,#5288);
#5287 = CARTESIAN_POINT('',(163.25,-68.,1.51));
#5288 = VECTOR('',#5289,1.);
#5289 = DIRECTION('',(0.,-1.,0.));
#5290 = ORIENTED_EDGE('',*,*,#5291,.F.);
#5291 = EDGE_CURVE('',#5292,#5284,#5294,.T.);
#5292 = VERTEX_POINT('',#5293);
#5293 = CARTESIAN_POINT('',(163.25,-117.5,0.));
#5294 = LINE('',#5295,#5296);
#5295 = CARTESIAN_POINT('',(163.25,-117.5,0.));
#5296 = VECTOR('',#5297,1.);
#5297 = DIRECTION('',(0.,0.,1.));
#5298 = ORIENTED_EDGE('',*,*,#5299,.F.);
#5299 = EDGE_CURVE('',#5229,#5292,#5300,.T.);
#5300 = LINE('',#5301,#5302);
#5301 = CARTESIAN_POINT('',(163.25,-68.,0.));
#5302 = VECTOR('',#5303,1.);
#5303 = DIRECTION('',(0.,-1.,0.));
#5304 = PLANE('',#5305);
#5305 = AXIS2_PLACEMENT_3D('',#5306,#5307,#5308);
#5306 = CARTESIAN_POINT('',(163.25,-68.,0.));
#5307 = DIRECTION('',(1.,0.,-0.));
#5308 = DIRECTION('',(0.,-1.,0.));
#5309 = ADVANCED_FACE('',(#5310,#5356,#5367,#5378,#5389,#5400,#5411,
    #5422,#5433,#5444,#5455,#5466,#5477,#5488,#5499,#5510,#5521,#5532,
    #5543,#5554,#5565,#5576,#5587,#5598,#5609,#5620,#5631,#5642,#5653,
    #5664,#5675,#5686,#5697,#5708,#5719,#5730,#5741,#5752,#5763,#5774,
    #5785,#5796,#5807,#5818,#5829),#5840,.F.);
#5310 = FACE_BOUND('',#5311,.F.);
#5311 = EDGE_LOOP('',(#5312,#5313,#5314,#5323,#5331,#5340,#5348,#5355));
#5312 = ORIENTED_EDGE('',*,*,#5236,.F.);
#5313 = ORIENTED_EDGE('',*,*,#5268,.F.);
#5314 = ORIENTED_EDGE('',*,*,#5315,.F.);
#5315 = EDGE_CURVE('',#5316,#5252,#5318,.T.);
#5316 = VERTEX_POINT('',#5317);
#5317 = CARTESIAN_POINT('',(71.75,-68.,0.));
#5318 = CIRCLE('',#5319,4.999999678834);
#5319 = AXIS2_PLACEMENT_3D('',#5320,#5321,#5322);
#5320 = CARTESIAN_POINT('',(76.749999678834,-67.99999967883,0.));
#5321 = DIRECTION('',(0.,0.,-1.));
#5322 = DIRECTION('',(-1.,-6.423314134E-08,-0.));
#5323 = ORIENTED_EDGE('',*,*,#5324,.F.);
#5324 = EDGE_CURVE('',#5325,#5316,#5327,.T.);
#5325 = VERTEX_POINT('',#5326);
#5326 = CARTESIAN_POINT('',(71.75,-117.5,0.));
#5327 = LINE('',#5328,#5329);
#5328 = CARTESIAN_POINT('',(71.75,-117.5,0.));
#5329 = VECTOR('',#5330,1.);
#5330 = DIRECTION('',(0.,1.,0.));
#5331 = ORIENTED_EDGE('',*,*,#5332,.F.);
#5332 = EDGE_CURVE('',#5333,#5325,#5335,.T.);
#5333 = VERTEX_POINT('',#5334);
#5334 = CARTESIAN_POINT('',(76.75,-122.5,0.));
#5335 = CIRCLE('',#5336,4.999999678834);
#5336 = AXIS2_PLACEMENT_3D('',#5337,#5338,#5339);
#5337 = CARTESIAN_POINT('',(76.749999678834,-117.5000003211,0.));
#5338 = DIRECTION('',(0.,0.,-1.));
#5339 = DIRECTION('',(6.423314134E-08,-1.,0.));
#5340 = ORIENTED_EDGE('',*,*,#5341,.F.);
#5341 = EDGE_CURVE('',#5342,#5333,#5344,.T.);
#5342 = VERTEX_POINT('',#5343);
#5343 = CARTESIAN_POINT('',(158.25,-122.5,0.));
#5344 = LINE('',#5345,#5346);
#5345 = CARTESIAN_POINT('',(158.25,-122.5,0.));
#5346 = VECTOR('',#5347,1.);
#5347 = DIRECTION('',(-1.,0.,0.));
#5348 = ORIENTED_EDGE('',*,*,#5349,.F.);
#5349 = EDGE_CURVE('',#5292,#5342,#5350,.T.);
#5350 = CIRCLE('',#5351,4.999999678834);
#5351 = AXIS2_PLACEMENT_3D('',#5352,#5353,#5354);
#5352 = CARTESIAN_POINT('',(158.25000032116,-117.5000003211,0.));
#5353 = DIRECTION('',(0.,0.,-1.));
#5354 = DIRECTION('',(1.,6.423314702E-08,0.));
#5355 = ORIENTED_EDGE('',*,*,#5299,.F.);
#5356 = FACE_BOUND('',#5357,.F.);
#5357 = EDGE_LOOP('',(#5358));
#5358 = ORIENTED_EDGE('',*,*,#5359,.T.);
#5359 = EDGE_CURVE('',#5360,#5360,#5362,.T.);
#5360 = VERTEX_POINT('',#5361);
#5361 = CARTESIAN_POINT('',(82.75,-114.33,0.));
#5362 = CIRCLE('',#5363,0.5);
#5363 = AXIS2_PLACEMENT_3D('',#5364,#5365,#5366);
#5364 = CARTESIAN_POINT('',(82.75,-113.83,0.));
#5365 = DIRECTION('',(-0.,0.,-1.));
#5366 = DIRECTION('',(-0.,-1.,0.));
#5367 = FACE_BOUND('',#5368,.F.);
#5368 = EDGE_LOOP('',(#5369));
#5369 = ORIENTED_EDGE('',*,*,#5370,.T.);
#5370 = EDGE_CURVE('',#5371,#5371,#5373,.T.);
#5371 = VERTEX_POINT('',#5372);
#5372 = CARTESIAN_POINT('',(82.75,-111.79,0.));
#5373 = CIRCLE('',#5374,0.5);
#5374 = AXIS2_PLACEMENT_3D('',#5375,#5376,#5377);
#5375 = CARTESIAN_POINT('',(82.75,-111.29,0.));
#5376 = DIRECTION('',(-0.,0.,-1.));
#5377 = DIRECTION('',(-0.,-1.,0.));
#5378 = FACE_BOUND('',#5379,.F.);
#5379 = EDGE_LOOP('',(#5380));
#5380 = ORIENTED_EDGE('',*,*,#5381,.T.);
#5381 = EDGE_CURVE('',#5382,#5382,#5384,.T.);
#5382 = VERTEX_POINT('',#5383);
#5383 = CARTESIAN_POINT('',(82.75,-109.25,0.));
#5384 = CIRCLE('',#5385,0.5);
#5385 = AXIS2_PLACEMENT_3D('',#5386,#5387,#5388);
#5386 = CARTESIAN_POINT('',(82.75,-108.75,0.));
#5387 = DIRECTION('',(-0.,0.,-1.));
#5388 = DIRECTION('',(-0.,-1.,0.));
#5389 = FACE_BOUND('',#5390,.F.);
#5390 = EDGE_LOOP('',(#5391));
#5391 = ORIENTED_EDGE('',*,*,#5392,.T.);
#5392 = EDGE_CURVE('',#5393,#5393,#5395,.T.);
#5393 = VERTEX_POINT('',#5394);
#5394 = CARTESIAN_POINT('',(99.505,-117.325,0.));
#5395 = CIRCLE('',#5396,0.5);
#5396 = AXIS2_PLACEMENT_3D('',#5397,#5398,#5399);
#5397 = CARTESIAN_POINT('',(99.505,-116.825,0.));
#5398 = DIRECTION('',(-0.,0.,-1.));
#5399 = DIRECTION('',(-0.,-1.,0.));
#5400 = FACE_BOUND('',#5401,.F.);
#5401 = EDGE_LOOP('',(#5402));
#5402 = ORIENTED_EDGE('',*,*,#5403,.T.);
#5403 = EDGE_CURVE('',#5404,#5404,#5406,.T.);
#5404 = VERTEX_POINT('',#5405);
#5405 = CARTESIAN_POINT('',(102.045,-117.325,0.));
#5406 = CIRCLE('',#5407,0.5);
#5407 = AXIS2_PLACEMENT_3D('',#5408,#5409,#5410);
#5408 = CARTESIAN_POINT('',(102.045,-116.825,0.));
#5409 = DIRECTION('',(-0.,0.,-1.));
#5410 = DIRECTION('',(-0.,-1.,0.));
#5411 = FACE_BOUND('',#5412,.F.);
#5412 = EDGE_LOOP('',(#5413));
#5413 = ORIENTED_EDGE('',*,*,#5414,.T.);
#5414 = EDGE_CURVE('',#5415,#5415,#5417,.T.);
#5415 = VERTEX_POINT('',#5416);
#5416 = CARTESIAN_POINT('',(104.585,-117.325,0.));
#5417 = CIRCLE('',#5418,0.5);
#5418 = AXIS2_PLACEMENT_3D('',#5419,#5420,#5421);
#5419 = CARTESIAN_POINT('',(104.585,-116.825,0.));
#5420 = DIRECTION('',(-0.,0.,-1.));
#5421 = DIRECTION('',(-0.,-1.,0.));
#5422 = FACE_BOUND('',#5423,.F.);
#5423 = EDGE_LOOP('',(#5424));
#5424 = ORIENTED_EDGE('',*,*,#5425,.T.);
#5425 = EDGE_CURVE('',#5426,#5426,#5428,.T.);
#5426 = VERTEX_POINT('',#5427);
#5427 = CARTESIAN_POINT('',(107.125,-117.325,0.));
#5428 = CIRCLE('',#5429,0.5);
#5429 = AXIS2_PLACEMENT_3D('',#5430,#5431,#5432);
#5430 = CARTESIAN_POINT('',(107.125,-116.825,0.));
#5431 = DIRECTION('',(-0.,0.,-1.));
#5432 = DIRECTION('',(-0.,-1.,0.));
#5433 = FACE_BOUND('',#5434,.F.);
#5434 = EDGE_LOOP('',(#5435));
#5435 = ORIENTED_EDGE('',*,*,#5436,.T.);
#5436 = EDGE_CURVE('',#5437,#5437,#5439,.T.);
#5437 = VERTEX_POINT('',#5438);
#5438 = CARTESIAN_POINT('',(109.665,-117.325,0.));
#5439 = CIRCLE('',#5440,0.5);
#5440 = AXIS2_PLACEMENT_3D('',#5441,#5442,#5443);
#5441 = CARTESIAN_POINT('',(109.665,-116.825,0.));
#5442 = DIRECTION('',(-0.,0.,-1.));
#5443 = DIRECTION('',(-0.,-1.,0.));
#5444 = FACE_BOUND('',#5445,.F.);
#5445 = EDGE_LOOP('',(#5446));
#5446 = ORIENTED_EDGE('',*,*,#5447,.T.);
#5447 = EDGE_CURVE('',#5448,#5448,#5450,.T.);
#5448 = VERTEX_POINT('',#5449);
#5449 = CARTESIAN_POINT('',(102.7,-107.25,0.));
#5450 = CIRCLE('',#5451,0.5);
#5451 = AXIS2_PLACEMENT_3D('',#5452,#5453,#5454);
#5452 = CARTESIAN_POINT('',(102.7,-106.75,0.));
#5453 = DIRECTION('',(-0.,0.,-1.));
#5454 = DIRECTION('',(-0.,-1.,0.));
#5455 = FACE_BOUND('',#5456,.F.);
#5456 = EDGE_LOOP('',(#5457));
#5457 = ORIENTED_EDGE('',*,*,#5458,.T.);
#5458 = EDGE_CURVE('',#5459,#5459,#5461,.T.);
#5459 = VERTEX_POINT('',#5460);
#5460 = CARTESIAN_POINT('',(75.5,-96.5,0.));
#5461 = CIRCLE('',#5462,0.6);
#5462 = AXIS2_PLACEMENT_3D('',#5463,#5464,#5465);
#5463 = CARTESIAN_POINT('',(75.5,-95.9,0.));
#5464 = DIRECTION('',(-0.,0.,-1.));
#5465 = DIRECTION('',(-0.,-1.,0.));
#5466 = FACE_BOUND('',#5467,.F.);
#5467 = EDGE_LOOP('',(#5468));
#5468 = ORIENTED_EDGE('',*,*,#5469,.T.);
#5469 = EDGE_CURVE('',#5470,#5470,#5472,.T.);
#5470 = VERTEX_POINT('',#5471);
#5471 = CARTESIAN_POINT('',(112.205,-117.325,0.));
#5472 = CIRCLE('',#5473,0.5);
#5473 = AXIS2_PLACEMENT_3D('',#5474,#5475,#5476);
#5474 = CARTESIAN_POINT('',(112.205,-116.825,0.));
#5475 = DIRECTION('',(-0.,0.,-1.));
#5476 = DIRECTION('',(-0.,-1.,0.));
#5477 = FACE_BOUND('',#5478,.F.);
#5478 = EDGE_LOOP('',(#5479));
#5479 = ORIENTED_EDGE('',*,*,#5480,.T.);
#5480 = EDGE_CURVE('',#5481,#5481,#5483,.T.);
#5481 = VERTEX_POINT('',#5482);
#5482 = CARTESIAN_POINT('',(114.745,-117.325,0.));
#5483 = CIRCLE('',#5484,0.5);
#5484 = AXIS2_PLACEMENT_3D('',#5485,#5486,#5487);
#5485 = CARTESIAN_POINT('',(114.745,-116.825,0.));
#5486 = DIRECTION('',(-0.,0.,-1.));
#5487 = DIRECTION('',(-0.,-1.,0.));
#5488 = FACE_BOUND('',#5489,.F.);
#5489 = EDGE_LOOP('',(#5490));
#5490 = ORIENTED_EDGE('',*,*,#5491,.T.);
#5491 = EDGE_CURVE('',#5492,#5492,#5494,.T.);
#5492 = VERTEX_POINT('',#5493);
#5493 = CARTESIAN_POINT('',(117.285,-117.325,0.));
#5494 = CIRCLE('',#5495,0.5);
#5495 = AXIS2_PLACEMENT_3D('',#5496,#5497,#5498);
#5496 = CARTESIAN_POINT('',(117.285,-116.825,0.));
#5497 = DIRECTION('',(-0.,0.,-1.));
#5498 = DIRECTION('',(-0.,-1.,0.));
#5499 = FACE_BOUND('',#5500,.F.);
#5500 = EDGE_LOOP('',(#5501));
#5501 = ORIENTED_EDGE('',*,*,#5502,.T.);
#5502 = EDGE_CURVE('',#5503,#5503,#5505,.T.);
#5503 = VERTEX_POINT('',#5504);
#5504 = CARTESIAN_POINT('',(121.345,-117.325,0.));
#5505 = CIRCLE('',#5506,0.5);
#5506 = AXIS2_PLACEMENT_3D('',#5507,#5508,#5509);
#5507 = CARTESIAN_POINT('',(121.345,-116.825,0.));
#5508 = DIRECTION('',(-0.,0.,-1.));
#5509 = DIRECTION('',(-0.,-1.,0.));
#5510 = FACE_BOUND('',#5511,.F.);
#5511 = EDGE_LOOP('',(#5512));
#5512 = ORIENTED_EDGE('',*,*,#5513,.T.);
#5513 = EDGE_CURVE('',#5514,#5514,#5516,.T.);
#5514 = VERTEX_POINT('',#5515);
#5515 = CARTESIAN_POINT('',(123.885,-117.325,0.));
#5516 = CIRCLE('',#5517,0.5);
#5517 = AXIS2_PLACEMENT_3D('',#5518,#5519,#5520);
#5518 = CARTESIAN_POINT('',(123.885,-116.825,0.));
#5519 = DIRECTION('',(-0.,0.,-1.));
#5520 = DIRECTION('',(-0.,-1.,0.));
#5521 = FACE_BOUND('',#5522,.F.);
#5522 = EDGE_LOOP('',(#5523));
#5523 = ORIENTED_EDGE('',*,*,#5524,.T.);
#5524 = EDGE_CURVE('',#5525,#5525,#5527,.T.);
#5525 = VERTEX_POINT('',#5526);
#5526 = CARTESIAN_POINT('',(126.425,-117.325,0.));
#5527 = CIRCLE('',#5528,0.5);
#5528 = AXIS2_PLACEMENT_3D('',#5529,#5530,#5531);
#5529 = CARTESIAN_POINT('',(126.425,-116.825,0.));
#5530 = DIRECTION('',(-0.,0.,-1.));
#5531 = DIRECTION('',(-0.,-1.,0.));
#5532 = FACE_BOUND('',#5533,.F.);
#5533 = EDGE_LOOP('',(#5534));
#5534 = ORIENTED_EDGE('',*,*,#5535,.T.);
#5535 = EDGE_CURVE('',#5536,#5536,#5538,.T.);
#5536 = VERTEX_POINT('',#5537);
#5537 = CARTESIAN_POINT('',(110.3,-107.25,0.));
#5538 = CIRCLE('',#5539,0.5);
#5539 = AXIS2_PLACEMENT_3D('',#5540,#5541,#5542);
#5540 = CARTESIAN_POINT('',(110.3,-106.75,0.));
#5541 = DIRECTION('',(-0.,0.,-1.));
#5542 = DIRECTION('',(-0.,-1.,0.));
#5543 = FACE_BOUND('',#5544,.F.);
#5544 = EDGE_LOOP('',(#5545));
#5545 = ORIENTED_EDGE('',*,*,#5546,.T.);
#5546 = EDGE_CURVE('',#5547,#5547,#5549,.T.);
#5547 = VERTEX_POINT('',#5548);
#5548 = CARTESIAN_POINT('',(128.965,-117.325,0.));
#5549 = CIRCLE('',#5550,0.5);
#5550 = AXIS2_PLACEMENT_3D('',#5551,#5552,#5553);
#5551 = CARTESIAN_POINT('',(128.965,-116.825,0.));
#5552 = DIRECTION('',(-0.,0.,-1.));
#5553 = DIRECTION('',(-0.,-1.,0.));
#5554 = FACE_BOUND('',#5555,.F.);
#5555 = EDGE_LOOP('',(#5556));
#5556 = ORIENTED_EDGE('',*,*,#5557,.T.);
#5557 = EDGE_CURVE('',#5558,#5558,#5560,.T.);
#5558 = VERTEX_POINT('',#5559);
#5559 = CARTESIAN_POINT('',(131.505,-117.325,0.));
#5560 = CIRCLE('',#5561,0.5);
#5561 = AXIS2_PLACEMENT_3D('',#5562,#5563,#5564);
#5562 = CARTESIAN_POINT('',(131.505,-116.825,0.));
#5563 = DIRECTION('',(-0.,0.,-1.));
#5564 = DIRECTION('',(-0.,-1.,0.));
#5565 = FACE_BOUND('',#5566,.F.);
#5566 = EDGE_LOOP('',(#5567));
#5567 = ORIENTED_EDGE('',*,*,#5568,.T.);
#5568 = EDGE_CURVE('',#5569,#5569,#5571,.T.);
#5569 = VERTEX_POINT('',#5570);
#5570 = CARTESIAN_POINT('',(134.045,-117.325,0.));
#5571 = CIRCLE('',#5572,0.5);
#5572 = AXIS2_PLACEMENT_3D('',#5573,#5574,#5575);
#5573 = CARTESIAN_POINT('',(134.045,-116.825,0.));
#5574 = DIRECTION('',(-0.,0.,-1.));
#5575 = DIRECTION('',(-0.,-1.,0.));
#5576 = FACE_BOUND('',#5577,.F.);
#5577 = EDGE_LOOP('',(#5578));
#5578 = ORIENTED_EDGE('',*,*,#5579,.T.);
#5579 = EDGE_CURVE('',#5580,#5580,#5582,.T.);
#5580 = VERTEX_POINT('',#5581);
#5581 = CARTESIAN_POINT('',(136.585,-117.325,0.));
#5582 = CIRCLE('',#5583,0.5);
#5583 = AXIS2_PLACEMENT_3D('',#5584,#5585,#5586);
#5584 = CARTESIAN_POINT('',(136.585,-116.825,0.));
#5585 = DIRECTION('',(-0.,0.,-1.));
#5586 = DIRECTION('',(-0.,-1.,0.));
#5587 = FACE_BOUND('',#5588,.F.);
#5588 = EDGE_LOOP('',(#5589));
#5589 = ORIENTED_EDGE('',*,*,#5590,.T.);
#5590 = EDGE_CURVE('',#5591,#5591,#5593,.T.);
#5591 = VERTEX_POINT('',#5592);
#5592 = CARTESIAN_POINT('',(139.125,-117.325,0.));
#5593 = CIRCLE('',#5594,0.5);
#5594 = AXIS2_PLACEMENT_3D('',#5595,#5596,#5597);
#5595 = CARTESIAN_POINT('',(139.125,-116.825,0.));
#5596 = DIRECTION('',(-0.,0.,-1.));
#5597 = DIRECTION('',(-0.,-1.,0.));
#5598 = FACE_BOUND('',#5599,.F.);
#5599 = EDGE_LOOP('',(#5600));
#5600 = ORIENTED_EDGE('',*,*,#5601,.T.);
#5601 = EDGE_CURVE('',#5602,#5602,#5604,.T.);
#5602 = VERTEX_POINT('',#5603);
#5603 = CARTESIAN_POINT('',(141.665,-117.325,0.));
#5604 = CIRCLE('',#5605,0.5);
#5605 = AXIS2_PLACEMENT_3D('',#5606,#5607,#5608);
#5606 = CARTESIAN_POINT('',(141.665,-116.825,0.));
#5607 = DIRECTION('',(-0.,0.,-1.));
#5608 = DIRECTION('',(-0.,-1.,0.));
#5609 = FACE_BOUND('',#5610,.F.);
#5610 = EDGE_LOOP('',(#5611));
#5611 = ORIENTED_EDGE('',*,*,#5612,.T.);
#5612 = EDGE_CURVE('',#5613,#5613,#5615,.T.);
#5613 = VERTEX_POINT('',#5614);
#5614 = CARTESIAN_POINT('',(144.205,-117.325,0.));
#5615 = CIRCLE('',#5616,0.5);
#5616 = AXIS2_PLACEMENT_3D('',#5617,#5618,#5619);
#5617 = CARTESIAN_POINT('',(144.205,-116.825,0.));
#5618 = DIRECTION('',(-0.,0.,-1.));
#5619 = DIRECTION('',(-0.,-1.,0.));
#5620 = FACE_BOUND('',#5621,.F.);
#5621 = EDGE_LOOP('',(#5622));
#5622 = ORIENTED_EDGE('',*,*,#5623,.T.);
#5623 = EDGE_CURVE('',#5624,#5624,#5626,.T.);
#5624 = VERTEX_POINT('',#5625);
#5625 = CARTESIAN_POINT('',(140.,-112.65,0.));
#5626 = CIRCLE('',#5627,0.4);
#5627 = AXIS2_PLACEMENT_3D('',#5628,#5629,#5630);
#5628 = CARTESIAN_POINT('',(140.,-112.25,0.));
#5629 = DIRECTION('',(-0.,0.,-1.));
#5630 = DIRECTION('',(-0.,-1.,0.));
#5631 = FACE_BOUND('',#5632,.F.);
#5632 = EDGE_LOOP('',(#5633));
#5633 = ORIENTED_EDGE('',*,*,#5634,.T.);
#5634 = EDGE_CURVE('',#5635,#5635,#5637,.T.);
#5635 = VERTEX_POINT('',#5636);
#5636 = CARTESIAN_POINT('',(145.,-112.65,0.));
#5637 = CIRCLE('',#5638,0.4);
#5638 = AXIS2_PLACEMENT_3D('',#5639,#5640,#5641);
#5639 = CARTESIAN_POINT('',(145.,-112.25,0.));
#5640 = DIRECTION('',(-0.,0.,-1.));
#5641 = DIRECTION('',(-0.,-1.,0.));
#5642 = FACE_BOUND('',#5643,.F.);
#5643 = EDGE_LOOP('',(#5644));
#5644 = ORIENTED_EDGE('',*,*,#5645,.T.);
#5645 = EDGE_CURVE('',#5646,#5646,#5648,.T.);
#5646 = VERTEX_POINT('',#5647);
#5647 = CARTESIAN_POINT('',(75.5,-91.2,0.));
#5648 = CIRCLE('',#5649,0.6);
#5649 = AXIS2_PLACEMENT_3D('',#5650,#5651,#5652);
#5650 = CARTESIAN_POINT('',(75.5,-90.6,0.));
#5651 = DIRECTION('',(-0.,0.,-1.));
#5652 = DIRECTION('',(-0.,-1.,0.));
#5653 = FACE_BOUND('',#5654,.F.);
#5654 = EDGE_LOOP('',(#5655));
#5655 = ORIENTED_EDGE('',*,*,#5656,.T.);
#5656 = EDGE_CURVE('',#5657,#5657,#5659,.T.);
#5657 = VERTEX_POINT('',#5658);
#5658 = CARTESIAN_POINT('',(83.25,-77.58,0.));
#5659 = CIRCLE('',#5660,0.5);
#5660 = AXIS2_PLACEMENT_3D('',#5661,#5662,#5663);
#5661 = CARTESIAN_POINT('',(83.25,-77.08,0.));
#5662 = DIRECTION('',(-0.,0.,-1.));
#5663 = DIRECTION('',(-0.,-1.,0.));
#5664 = FACE_BOUND('',#5665,.F.);
#5665 = EDGE_LOOP('',(#5666));
#5666 = ORIENTED_EDGE('',*,*,#5667,.T.);
#5667 = EDGE_CURVE('',#5668,#5668,#5670,.T.);
#5668 = VERTEX_POINT('',#5669);
#5669 = CARTESIAN_POINT('',(83.25,-75.04,0.));
#5670 = CIRCLE('',#5671,0.5);
#5671 = AXIS2_PLACEMENT_3D('',#5672,#5673,#5674);
#5672 = CARTESIAN_POINT('',(83.25,-74.54,0.));
#5673 = DIRECTION('',(-0.,0.,-1.));
#5674 = DIRECTION('',(-0.,-1.,0.));
#5675 = FACE_BOUND('',#5676,.F.);
#5676 = EDGE_LOOP('',(#5677));
#5677 = ORIENTED_EDGE('',*,*,#5678,.T.);
#5678 = EDGE_CURVE('',#5679,#5679,#5681,.T.);
#5679 = VERTEX_POINT('',#5680);
#5680 = CARTESIAN_POINT('',(83.25,-72.5,0.));
#5681 = CIRCLE('',#5682,0.5);
#5682 = AXIS2_PLACEMENT_3D('',#5683,#5684,#5685);
#5683 = CARTESIAN_POINT('',(83.25,-72.,0.));
#5684 = DIRECTION('',(-0.,0.,-1.));
#5685 = DIRECTION('',(-0.,-1.,0.));
#5686 = FACE_BOUND('',#5687,.F.);
#5687 = EDGE_LOOP('',(#5688));
#5688 = ORIENTED_EDGE('',*,*,#5689,.T.);
#5689 = EDGE_CURVE('',#5690,#5690,#5692,.T.);
#5690 = VERTEX_POINT('',#5691);
#5691 = CARTESIAN_POINT('',(99.505,-69.065,0.));
#5692 = CIRCLE('',#5693,0.5);
#5693 = AXIS2_PLACEMENT_3D('',#5694,#5695,#5696);
#5694 = CARTESIAN_POINT('',(99.505,-68.565,0.));
#5695 = DIRECTION('',(-0.,0.,-1.));
#5696 = DIRECTION('',(-0.,-1.,0.));
#5697 = FACE_BOUND('',#5698,.F.);
#5698 = EDGE_LOOP('',(#5699));
#5699 = ORIENTED_EDGE('',*,*,#5700,.T.);
#5700 = EDGE_CURVE('',#5701,#5701,#5703,.T.);
#5701 = VERTEX_POINT('',#5702);
#5702 = CARTESIAN_POINT('',(102.045,-69.065,0.));
#5703 = CIRCLE('',#5704,0.5);
#5704 = AXIS2_PLACEMENT_3D('',#5705,#5706,#5707);
#5705 = CARTESIAN_POINT('',(102.045,-68.565,0.));
#5706 = DIRECTION('',(-0.,0.,-1.));
#5707 = DIRECTION('',(-0.,-1.,0.));
#5708 = FACE_BOUND('',#5709,.F.);
#5709 = EDGE_LOOP('',(#5710));
#5710 = ORIENTED_EDGE('',*,*,#5711,.T.);
#5711 = EDGE_CURVE('',#5712,#5712,#5714,.T.);
#5712 = VERTEX_POINT('',#5713);
#5713 = CARTESIAN_POINT('',(104.585,-69.065,0.));
#5714 = CIRCLE('',#5715,0.5);
#5715 = AXIS2_PLACEMENT_3D('',#5716,#5717,#5718);
#5716 = CARTESIAN_POINT('',(104.585,-68.565,0.));
#5717 = DIRECTION('',(-0.,0.,-1.));
#5718 = DIRECTION('',(-0.,-1.,0.));
#5719 = FACE_BOUND('',#5720,.F.);
#5720 = EDGE_LOOP('',(#5721));
#5721 = ORIENTED_EDGE('',*,*,#5722,.T.);
#5722 = EDGE_CURVE('',#5723,#5723,#5725,.T.);
#5723 = VERTEX_POINT('',#5724);
#5724 = CARTESIAN_POINT('',(107.125,-69.065,0.));
#5725 = CIRCLE('',#5726,0.5);
#5726 = AXIS2_PLACEMENT_3D('',#5727,#5728,#5729);
#5727 = CARTESIAN_POINT('',(107.125,-68.565,0.));
#5728 = DIRECTION('',(-0.,0.,-1.));
#5729 = DIRECTION('',(-0.,-1.,0.));
#5730 = FACE_BOUND('',#5731,.F.);
#5731 = EDGE_LOOP('',(#5732));
#5732 = ORIENTED_EDGE('',*,*,#5733,.T.);
#5733 = EDGE_CURVE('',#5734,#5734,#5736,.T.);
#5734 = VERTEX_POINT('',#5735);
#5735 = CARTESIAN_POINT('',(109.665,-69.065,0.));
#5736 = CIRCLE('',#5737,0.5);
#5737 = AXIS2_PLACEMENT_3D('',#5738,#5739,#5740);
#5738 = CARTESIAN_POINT('',(109.665,-68.565,0.));
#5739 = DIRECTION('',(-0.,0.,-1.));
#5740 = DIRECTION('',(-0.,-1.,0.));
#5741 = FACE_BOUND('',#5742,.F.);
#5742 = EDGE_LOOP('',(#5743));
#5743 = ORIENTED_EDGE('',*,*,#5744,.T.);
#5744 = EDGE_CURVE('',#5745,#5745,#5747,.T.);
#5745 = VERTEX_POINT('',#5746);
#5746 = CARTESIAN_POINT('',(112.205,-69.065,0.));
#5747 = CIRCLE('',#5748,0.5);
#5748 = AXIS2_PLACEMENT_3D('',#5749,#5750,#5751);
#5749 = CARTESIAN_POINT('',(112.205,-68.565,0.));
#5750 = DIRECTION('',(-0.,0.,-1.));
#5751 = DIRECTION('',(-0.,-1.,0.));
#5752 = FACE_BOUND('',#5753,.F.);
#5753 = EDGE_LOOP('',(#5754));
#5754 = ORIENTED_EDGE('',*,*,#5755,.T.);
#5755 = EDGE_CURVE('',#5756,#5756,#5758,.T.);
#5756 = VERTEX_POINT('',#5757);
#5757 = CARTESIAN_POINT('',(117.285,-69.065,0.));
#5758 = CIRCLE('',#5759,0.5);
#5759 = AXIS2_PLACEMENT_3D('',#5760,#5761,#5762);
#5760 = CARTESIAN_POINT('',(117.285,-68.565,0.));
#5761 = DIRECTION('',(-0.,0.,-1.));
#5762 = DIRECTION('',(-0.,-1.,0.));
#5763 = FACE_BOUND('',#5764,.F.);
#5764 = EDGE_LOOP('',(#5765));
#5765 = ORIENTED_EDGE('',*,*,#5766,.T.);
#5766 = EDGE_CURVE('',#5767,#5767,#5769,.T.);
#5767 = VERTEX_POINT('',#5768);
#5768 = CARTESIAN_POINT('',(119.825,-69.065,0.));
#5769 = CIRCLE('',#5770,0.5);
#5770 = AXIS2_PLACEMENT_3D('',#5771,#5772,#5773);
#5771 = CARTESIAN_POINT('',(119.825,-68.565,0.));
#5772 = DIRECTION('',(-0.,0.,-1.));
#5773 = DIRECTION('',(-0.,-1.,0.));
#5774 = FACE_BOUND('',#5775,.F.);
#5775 = EDGE_LOOP('',(#5776));
#5776 = ORIENTED_EDGE('',*,*,#5777,.T.);
#5777 = EDGE_CURVE('',#5778,#5778,#5780,.T.);
#5778 = VERTEX_POINT('',#5779);
#5779 = CARTESIAN_POINT('',(122.365,-69.065,0.));
#5780 = CIRCLE('',#5781,0.5);
#5781 = AXIS2_PLACEMENT_3D('',#5782,#5783,#5784);
#5782 = CARTESIAN_POINT('',(122.365,-68.565,0.));
#5783 = DIRECTION('',(-0.,0.,-1.));
#5784 = DIRECTION('',(-0.,-1.,0.));
#5785 = FACE_BOUND('',#5786,.F.);
#5786 = EDGE_LOOP('',(#5787));
#5787 = ORIENTED_EDGE('',*,*,#5788,.T.);
#5788 = EDGE_CURVE('',#5789,#5789,#5791,.T.);
#5789 = VERTEX_POINT('',#5790);
#5790 = CARTESIAN_POINT('',(124.905,-69.065,0.));
#5791 = CIRCLE('',#5792,0.5);
#5792 = AXIS2_PLACEMENT_3D('',#5793,#5794,#5795);
#5793 = CARTESIAN_POINT('',(124.905,-68.565,0.));
#5794 = DIRECTION('',(-0.,0.,-1.));
#5795 = DIRECTION('',(-0.,-1.,0.));
#5796 = FACE_BOUND('',#5797,.F.);
#5797 = EDGE_LOOP('',(#5798));
#5798 = ORIENTED_EDGE('',*,*,#5799,.T.);
#5799 = EDGE_CURVE('',#5800,#5800,#5802,.T.);
#5800 = VERTEX_POINT('',#5801);
#5801 = CARTESIAN_POINT('',(127.445,-69.065,0.));
#5802 = CIRCLE('',#5803,0.5);
#5803 = AXIS2_PLACEMENT_3D('',#5804,#5805,#5806);
#5804 = CARTESIAN_POINT('',(127.445,-68.565,0.));
#5805 = DIRECTION('',(-0.,0.,-1.));
#5806 = DIRECTION('',(-0.,-1.,0.));
#5807 = FACE_BOUND('',#5808,.F.);
#5808 = EDGE_LOOP('',(#5809));
#5809 = ORIENTED_EDGE('',*,*,#5810,.T.);
#5810 = EDGE_CURVE('',#5811,#5811,#5813,.T.);
#5811 = VERTEX_POINT('',#5812);
#5812 = CARTESIAN_POINT('',(129.985,-69.065,0.));
#5813 = CIRCLE('',#5814,0.5);
#5814 = AXIS2_PLACEMENT_3D('',#5815,#5816,#5817);
#5815 = CARTESIAN_POINT('',(129.985,-68.565,0.));
#5816 = DIRECTION('',(-0.,0.,-1.));
#5817 = DIRECTION('',(-0.,-1.,0.));
#5818 = FACE_BOUND('',#5819,.F.);
#5819 = EDGE_LOOP('',(#5820));
#5820 = ORIENTED_EDGE('',*,*,#5821,.T.);
#5821 = EDGE_CURVE('',#5822,#5822,#5824,.T.);
#5822 = VERTEX_POINT('',#5823);
#5823 = CARTESIAN_POINT('',(132.525,-69.065,0.));
#5824 = CIRCLE('',#5825,0.5);
#5825 = AXIS2_PLACEMENT_3D('',#5826,#5827,#5828);
#5826 = CARTESIAN_POINT('',(132.525,-68.565,0.));
#5827 = DIRECTION('',(-0.,0.,-1.));
#5828 = DIRECTION('',(-0.,-1.,0.));
#5829 = FACE_BOUND('',#5830,.F.);
#5830 = EDGE_LOOP('',(#5831));
#5831 = ORIENTED_EDGE('',*,*,#5832,.T.);
#5832 = EDGE_CURVE('',#5833,#5833,#5835,.T.);
#5833 = VERTEX_POINT('',#5834);
#5834 = CARTESIAN_POINT('',(135.065,-69.065,0.));
#5835 = CIRCLE('',#5836,0.5);
#5836 = AXIS2_PLACEMENT_3D('',#5837,#5838,#5839);
#5837 = CARTESIAN_POINT('',(135.065,-68.565,0.));
#5838 = DIRECTION('',(-0.,0.,-1.));
#5839 = DIRECTION('',(-0.,-1.,0.));
#5840 = PLANE('',#5841);
#5841 = AXIS2_PLACEMENT_3D('',#5842,#5843,#5844);
#5842 = CARTESIAN_POINT('',(0.,0.,0.));
#5843 = DIRECTION('',(0.,0.,1.));
#5844 = DIRECTION('',(1.,0.,-0.));
#5845 = ADVANCED_FACE('',(#5846,#5892,#5903,#5914,#5925,#5936,#5947,
    #5958,#5969,#5980,#5991,#6002,#6013,#6024,#6035,#6046,#6057,#6068,
    #6079,#6090,#6101,#6112,#6123,#6134,#6145,#6156,#6167,#6178,#6189,
    #6200,#6211,#6222,#6233,#6244,#6255,#6266,#6277,#6288,#6299,#6310,
    #6321,#6332,#6343,#6354,#6365),#6376,.T.);
#5846 = FACE_BOUND('',#5847,.T.);
#5847 = EDGE_LOOP('',(#5848,#5849,#5850,#5859,#5867,#5876,#5884,#5891));
#5848 = ORIENTED_EDGE('',*,*,#5219,.F.);
#5849 = ORIENTED_EDGE('',*,*,#5261,.F.);
#5850 = ORIENTED_EDGE('',*,*,#5851,.F.);
#5851 = EDGE_CURVE('',#5852,#5254,#5854,.T.);
#5852 = VERTEX_POINT('',#5853);
#5853 = CARTESIAN_POINT('',(71.75,-68.,1.51));
#5854 = CIRCLE('',#5855,4.999999678834);
#5855 = AXIS2_PLACEMENT_3D('',#5856,#5857,#5858);
#5856 = CARTESIAN_POINT('',(76.749999678834,-67.99999967883,1.51));
#5857 = DIRECTION('',(0.,0.,-1.));
#5858 = DIRECTION('',(-1.,-6.423314134E-08,-0.));
#5859 = ORIENTED_EDGE('',*,*,#5860,.F.);
#5860 = EDGE_CURVE('',#5861,#5852,#5863,.T.);
#5861 = VERTEX_POINT('',#5862);
#5862 = CARTESIAN_POINT('',(71.75,-117.5,1.51));
#5863 = LINE('',#5864,#5865);
#5864 = CARTESIAN_POINT('',(71.75,-117.5,1.51));
#5865 = VECTOR('',#5866,1.);
#5866 = DIRECTION('',(0.,1.,0.));
#5867 = ORIENTED_EDGE('',*,*,#5868,.F.);
#5868 = EDGE_CURVE('',#5869,#5861,#5871,.T.);
#5869 = VERTEX_POINT('',#5870);
#5870 = CARTESIAN_POINT('',(76.75,-122.5,1.51));
#5871 = CIRCLE('',#5872,4.999999678834);
#5872 = AXIS2_PLACEMENT_3D('',#5873,#5874,#5875);
#5873 = CARTESIAN_POINT('',(76.749999678834,-117.5000003211,1.51));
#5874 = DIRECTION('',(0.,0.,-1.));
#5875 = DIRECTION('',(6.423314134E-08,-1.,0.));
#5876 = ORIENTED_EDGE('',*,*,#5877,.F.);
#5877 = EDGE_CURVE('',#5878,#5869,#5880,.T.);
#5878 = VERTEX_POINT('',#5879);
#5879 = CARTESIAN_POINT('',(158.25,-122.5,1.51));
#5880 = LINE('',#5881,#5882);
#5881 = CARTESIAN_POINT('',(158.25,-122.5,1.51));
#5882 = VECTOR('',#5883,1.);
#5883 = DIRECTION('',(-1.,0.,0.));
#5884 = ORIENTED_EDGE('',*,*,#5885,.F.);
#5885 = EDGE_CURVE('',#5284,#5878,#5886,.T.);
#5886 = CIRCLE('',#5887,4.999999678834);
#5887 = AXIS2_PLACEMENT_3D('',#5888,#5889,#5890);
#5888 = CARTESIAN_POINT('',(158.25000032116,-117.5000003211,1.51));
#5889 = DIRECTION('',(0.,0.,-1.));
#5890 = DIRECTION('',(1.,6.423314702E-08,0.));
#5891 = ORIENTED_EDGE('',*,*,#5283,.F.);
#5892 = FACE_BOUND('',#5893,.T.);
#5893 = EDGE_LOOP('',(#5894));
#5894 = ORIENTED_EDGE('',*,*,#5895,.T.);
#5895 = EDGE_CURVE('',#5896,#5896,#5898,.T.);
#5896 = VERTEX_POINT('',#5897);
#5897 = CARTESIAN_POINT('',(82.75,-114.33,1.51));
#5898 = CIRCLE('',#5899,0.5);
#5899 = AXIS2_PLACEMENT_3D('',#5900,#5901,#5902);
#5900 = CARTESIAN_POINT('',(82.75,-113.83,1.51));
#5901 = DIRECTION('',(-0.,0.,-1.));
#5902 = DIRECTION('',(-0.,-1.,0.));
#5903 = FACE_BOUND('',#5904,.T.);
#5904 = EDGE_LOOP('',(#5905));
#5905 = ORIENTED_EDGE('',*,*,#5906,.T.);
#5906 = EDGE_CURVE('',#5907,#5907,#5909,.T.);
#5907 = VERTEX_POINT('',#5908);
#5908 = CARTESIAN_POINT('',(82.75,-111.79,1.51));
#5909 = CIRCLE('',#5910,0.5);
#5910 = AXIS2_PLACEMENT_3D('',#5911,#5912,#5913);
#5911 = CARTESIAN_POINT('',(82.75,-111.29,1.51));
#5912 = DIRECTION('',(-0.,0.,-1.));
#5913 = DIRECTION('',(-0.,-1.,0.));
#5914 = FACE_BOUND('',#5915,.T.);
#5915 = EDGE_LOOP('',(#5916));
#5916 = ORIENTED_EDGE('',*,*,#5917,.T.);
#5917 = EDGE_CURVE('',#5918,#5918,#5920,.T.);
#5918 = VERTEX_POINT('',#5919);
#5919 = CARTESIAN_POINT('',(82.75,-109.25,1.51));
#5920 = CIRCLE('',#5921,0.5);
#5921 = AXIS2_PLACEMENT_3D('',#5922,#5923,#5924);
#5922 = CARTESIAN_POINT('',(82.75,-108.75,1.51));
#5923 = DIRECTION('',(-0.,0.,-1.));
#5924 = DIRECTION('',(-0.,-1.,0.));
#5925 = FACE_BOUND('',#5926,.T.);
#5926 = EDGE_LOOP('',(#5927));
#5927 = ORIENTED_EDGE('',*,*,#5928,.T.);
#5928 = EDGE_CURVE('',#5929,#5929,#5931,.T.);
#5929 = VERTEX_POINT('',#5930);
#5930 = CARTESIAN_POINT('',(99.505,-117.325,1.51));
#5931 = CIRCLE('',#5932,0.5);
#5932 = AXIS2_PLACEMENT_3D('',#5933,#5934,#5935);
#5933 = CARTESIAN_POINT('',(99.505,-116.825,1.51));
#5934 = DIRECTION('',(-0.,0.,-1.));
#5935 = DIRECTION('',(-0.,-1.,0.));
#5936 = FACE_BOUND('',#5937,.T.);
#5937 = EDGE_LOOP('',(#5938));
#5938 = ORIENTED_EDGE('',*,*,#5939,.T.);
#5939 = EDGE_CURVE('',#5940,#5940,#5942,.T.);
#5940 = VERTEX_POINT('',#5941);
#5941 = CARTESIAN_POINT('',(102.045,-117.325,1.51));
#5942 = CIRCLE('',#5943,0.5);
#5943 = AXIS2_PLACEMENT_3D('',#5944,#5945,#5946);
#5944 = CARTESIAN_POINT('',(102.045,-116.825,1.51));
#5945 = DIRECTION('',(-0.,0.,-1.));
#5946 = DIRECTION('',(-0.,-1.,0.));
#5947 = FACE_BOUND('',#5948,.T.);
#5948 = EDGE_LOOP('',(#5949));
#5949 = ORIENTED_EDGE('',*,*,#5950,.T.);
#5950 = EDGE_CURVE('',#5951,#5951,#5953,.T.);
#5951 = VERTEX_POINT('',#5952);
#5952 = CARTESIAN_POINT('',(104.585,-117.325,1.51));
#5953 = CIRCLE('',#5954,0.5);
#5954 = AXIS2_PLACEMENT_3D('',#5955,#5956,#5957);
#5955 = CARTESIAN_POINT('',(104.585,-116.825,1.51));
#5956 = DIRECTION('',(-0.,0.,-1.));
#5957 = DIRECTION('',(-0.,-1.,0.));
#5958 = FACE_BOUND('',#5959,.T.);
#5959 = EDGE_LOOP('',(#5960));
#5960 = ORIENTED_EDGE('',*,*,#5961,.T.);
#5961 = EDGE_CURVE('',#5962,#5962,#5964,.T.);
#5962 = VERTEX_POINT('',#5963);
#5963 = CARTESIAN_POINT('',(107.125,-117.325,1.51));
#5964 = CIRCLE('',#5965,0.5);
#5965 = AXIS2_PLACEMENT_3D('',#5966,#5967,#5968);
#5966 = CARTESIAN_POINT('',(107.125,-116.825,1.51));
#5967 = DIRECTION('',(-0.,0.,-1.));
#5968 = DIRECTION('',(-0.,-1.,0.));
#5969 = FACE_BOUND('',#5970,.T.);
#5970 = EDGE_LOOP('',(#5971));
#5971 = ORIENTED_EDGE('',*,*,#5972,.T.);
#5972 = EDGE_CURVE('',#5973,#5973,#5975,.T.);
#5973 = VERTEX_POINT('',#5974);
#5974 = CARTESIAN_POINT('',(109.665,-117.325,1.51));
#5975 = CIRCLE('',#5976,0.5);
#5976 = AXIS2_PLACEMENT_3D('',#5977,#5978,#5979);
#5977 = CARTESIAN_POINT('',(109.665,-116.825,1.51));
#5978 = DIRECTION('',(-0.,0.,-1.));
#5979 = DIRECTION('',(-0.,-1.,0.));
#5980 = FACE_BOUND('',#5981,.T.);
#5981 = EDGE_LOOP('',(#5982));
#5982 = ORIENTED_EDGE('',*,*,#5983,.T.);
#5983 = EDGE_CURVE('',#5984,#5984,#5986,.T.);
#5984 = VERTEX_POINT('',#5985);
#5985 = CARTESIAN_POINT('',(102.7,-107.25,1.51));
#5986 = CIRCLE('',#5987,0.5);
#5987 = AXIS2_PLACEMENT_3D('',#5988,#5989,#5990);
#5988 = CARTESIAN_POINT('',(102.7,-106.75,1.51));
#5989 = DIRECTION('',(-0.,0.,-1.));
#5990 = DIRECTION('',(-0.,-1.,0.));
#5991 = FACE_BOUND('',#5992,.T.);
#5992 = EDGE_LOOP('',(#5993));
#5993 = ORIENTED_EDGE('',*,*,#5994,.T.);
#5994 = EDGE_CURVE('',#5995,#5995,#5997,.T.);
#5995 = VERTEX_POINT('',#5996);
#5996 = CARTESIAN_POINT('',(75.5,-96.5,1.51));
#5997 = CIRCLE('',#5998,0.6);
#5998 = AXIS2_PLACEMENT_3D('',#5999,#6000,#6001);
#5999 = CARTESIAN_POINT('',(75.5,-95.9,1.51));
#6000 = DIRECTION('',(-0.,0.,-1.));
#6001 = DIRECTION('',(-0.,-1.,0.));
#6002 = FACE_BOUND('',#6003,.T.);
#6003 = EDGE_LOOP('',(#6004));
#6004 = ORIENTED_EDGE('',*,*,#6005,.T.);
#6005 = EDGE_CURVE('',#6006,#6006,#6008,.T.);
#6006 = VERTEX_POINT('',#6007);
#6007 = CARTESIAN_POINT('',(112.205,-117.325,1.51));
#6008 = CIRCLE('',#6009,0.5);
#6009 = AXIS2_PLACEMENT_3D('',#6010,#6011,#6012);
#6010 = CARTESIAN_POINT('',(112.205,-116.825,1.51));
#6011 = DIRECTION('',(-0.,0.,-1.));
#6012 = DIRECTION('',(-0.,-1.,0.));
#6013 = FACE_BOUND('',#6014,.T.);
#6014 = EDGE_LOOP('',(#6015));
#6015 = ORIENTED_EDGE('',*,*,#6016,.T.);
#6016 = EDGE_CURVE('',#6017,#6017,#6019,.T.);
#6017 = VERTEX_POINT('',#6018);
#6018 = CARTESIAN_POINT('',(114.745,-117.325,1.51));
#6019 = CIRCLE('',#6020,0.5);
#6020 = AXIS2_PLACEMENT_3D('',#6021,#6022,#6023);
#6021 = CARTESIAN_POINT('',(114.745,-116.825,1.51));
#6022 = DIRECTION('',(-0.,0.,-1.));
#6023 = DIRECTION('',(-0.,-1.,0.));
#6024 = FACE_BOUND('',#6025,.T.);
#6025 = EDGE_LOOP('',(#6026));
#6026 = ORIENTED_EDGE('',*,*,#6027,.T.);
#6027 = EDGE_CURVE('',#6028,#6028,#6030,.T.);
#6028 = VERTEX_POINT('',#6029);
#6029 = CARTESIAN_POINT('',(117.285,-117.325,1.51));
#6030 = CIRCLE('',#6031,0.5);
#6031 = AXIS2_PLACEMENT_3D('',#6032,#6033,#6034);
#6032 = CARTESIAN_POINT('',(117.285,-116.825,1.51));
#6033 = DIRECTION('',(-0.,0.,-1.));
#6034 = DIRECTION('',(-0.,-1.,0.));
#6035 = FACE_BOUND('',#6036,.T.);
#6036 = EDGE_LOOP('',(#6037));
#6037 = ORIENTED_EDGE('',*,*,#6038,.T.);
#6038 = EDGE_CURVE('',#6039,#6039,#6041,.T.);
#6039 = VERTEX_POINT('',#6040);
#6040 = CARTESIAN_POINT('',(121.345,-117.325,1.51));
#6041 = CIRCLE('',#6042,0.5);
#6042 = AXIS2_PLACEMENT_3D('',#6043,#6044,#6045);
#6043 = CARTESIAN_POINT('',(121.345,-116.825,1.51));
#6044 = DIRECTION('',(-0.,0.,-1.));
#6045 = DIRECTION('',(-0.,-1.,0.));
#6046 = FACE_BOUND('',#6047,.T.);
#6047 = EDGE_LOOP('',(#6048));
#6048 = ORIENTED_EDGE('',*,*,#6049,.T.);
#6049 = EDGE_CURVE('',#6050,#6050,#6052,.T.);
#6050 = VERTEX_POINT('',#6051);
#6051 = CARTESIAN_POINT('',(123.885,-117.325,1.51));
#6052 = CIRCLE('',#6053,0.5);
#6053 = AXIS2_PLACEMENT_3D('',#6054,#6055,#6056);
#6054 = CARTESIAN_POINT('',(123.885,-116.825,1.51));
#6055 = DIRECTION('',(-0.,0.,-1.));
#6056 = DIRECTION('',(-0.,-1.,0.));
#6057 = FACE_BOUND('',#6058,.T.);
#6058 = EDGE_LOOP('',(#6059));
#6059 = ORIENTED_EDGE('',*,*,#6060,.T.);
#6060 = EDGE_CURVE('',#6061,#6061,#6063,.T.);
#6061 = VERTEX_POINT('',#6062);
#6062 = CARTESIAN_POINT('',(126.425,-117.325,1.51));
#6063 = CIRCLE('',#6064,0.5);
#6064 = AXIS2_PLACEMENT_3D('',#6065,#6066,#6067);
#6065 = CARTESIAN_POINT('',(126.425,-116.825,1.51));
#6066 = DIRECTION('',(-0.,0.,-1.));
#6067 = DIRECTION('',(-0.,-1.,0.));
#6068 = FACE_BOUND('',#6069,.T.);
#6069 = EDGE_LOOP('',(#6070));
#6070 = ORIENTED_EDGE('',*,*,#6071,.T.);
#6071 = EDGE_CURVE('',#6072,#6072,#6074,.T.);
#6072 = VERTEX_POINT('',#6073);
#6073 = CARTESIAN_POINT('',(110.3,-107.25,1.51));
#6074 = CIRCLE('',#6075,0.5);
#6075 = AXIS2_PLACEMENT_3D('',#6076,#6077,#6078);
#6076 = CARTESIAN_POINT('',(110.3,-106.75,1.51));
#6077 = DIRECTION('',(-0.,0.,-1.));
#6078 = DIRECTION('',(-0.,-1.,0.));
#6079 = FACE_BOUND('',#6080,.T.);
#6080 = EDGE_LOOP('',(#6081));
#6081 = ORIENTED_EDGE('',*,*,#6082,.T.);
#6082 = EDGE_CURVE('',#6083,#6083,#6085,.T.);
#6083 = VERTEX_POINT('',#6084);
#6084 = CARTESIAN_POINT('',(128.965,-117.325,1.51));
#6085 = CIRCLE('',#6086,0.5);
#6086 = AXIS2_PLACEMENT_3D('',#6087,#6088,#6089);
#6087 = CARTESIAN_POINT('',(128.965,-116.825,1.51));
#6088 = DIRECTION('',(-0.,0.,-1.));
#6089 = DIRECTION('',(-0.,-1.,0.));
#6090 = FACE_BOUND('',#6091,.T.);
#6091 = EDGE_LOOP('',(#6092));
#6092 = ORIENTED_EDGE('',*,*,#6093,.T.);
#6093 = EDGE_CURVE('',#6094,#6094,#6096,.T.);
#6094 = VERTEX_POINT('',#6095);
#6095 = CARTESIAN_POINT('',(131.505,-117.325,1.51));
#6096 = CIRCLE('',#6097,0.5);
#6097 = AXIS2_PLACEMENT_3D('',#6098,#6099,#6100);
#6098 = CARTESIAN_POINT('',(131.505,-116.825,1.51));
#6099 = DIRECTION('',(-0.,0.,-1.));
#6100 = DIRECTION('',(-0.,-1.,0.));
#6101 = FACE_BOUND('',#6102,.T.);
#6102 = EDGE_LOOP('',(#6103));
#6103 = ORIENTED_EDGE('',*,*,#6104,.T.);
#6104 = EDGE_CURVE('',#6105,#6105,#6107,.T.);
#6105 = VERTEX_POINT('',#6106);
#6106 = CARTESIAN_POINT('',(134.045,-117.325,1.51));
#6107 = CIRCLE('',#6108,0.5);
#6108 = AXIS2_PLACEMENT_3D('',#6109,#6110,#6111);
#6109 = CARTESIAN_POINT('',(134.045,-116.825,1.51));
#6110 = DIRECTION('',(-0.,0.,-1.));
#6111 = DIRECTION('',(-0.,-1.,0.));
#6112 = FACE_BOUND('',#6113,.T.);
#6113 = EDGE_LOOP('',(#6114));
#6114 = ORIENTED_EDGE('',*,*,#6115,.T.);
#6115 = EDGE_CURVE('',#6116,#6116,#6118,.T.);
#6116 = VERTEX_POINT('',#6117);
#6117 = CARTESIAN_POINT('',(136.585,-117.325,1.51));
#6118 = CIRCLE('',#6119,0.5);
#6119 = AXIS2_PLACEMENT_3D('',#6120,#6121,#6122);
#6120 = CARTESIAN_POINT('',(136.585,-116.825,1.51));
#6121 = DIRECTION('',(-0.,0.,-1.));
#6122 = DIRECTION('',(-0.,-1.,0.));
#6123 = FACE_BOUND('',#6124,.T.);
#6124 = EDGE_LOOP('',(#6125));
#6125 = ORIENTED_EDGE('',*,*,#6126,.T.);
#6126 = EDGE_CURVE('',#6127,#6127,#6129,.T.);
#6127 = VERTEX_POINT('',#6128);
#6128 = CARTESIAN_POINT('',(139.125,-117.325,1.51));
#6129 = CIRCLE('',#6130,0.5);
#6130 = AXIS2_PLACEMENT_3D('',#6131,#6132,#6133);
#6131 = CARTESIAN_POINT('',(139.125,-116.825,1.51));
#6132 = DIRECTION('',(-0.,0.,-1.));
#6133 = DIRECTION('',(-0.,-1.,0.));
#6134 = FACE_BOUND('',#6135,.T.);
#6135 = EDGE_LOOP('',(#6136));
#6136 = ORIENTED_EDGE('',*,*,#6137,.T.);
#6137 = EDGE_CURVE('',#6138,#6138,#6140,.T.);
#6138 = VERTEX_POINT('',#6139);
#6139 = CARTESIAN_POINT('',(141.665,-117.325,1.51));
#6140 = CIRCLE('',#6141,0.5);
#6141 = AXIS2_PLACEMENT_3D('',#6142,#6143,#6144);
#6142 = CARTESIAN_POINT('',(141.665,-116.825,1.51));
#6143 = DIRECTION('',(-0.,0.,-1.));
#6144 = DIRECTION('',(-0.,-1.,0.));
#6145 = FACE_BOUND('',#6146,.T.);
#6146 = EDGE_LOOP('',(#6147));
#6147 = ORIENTED_EDGE('',*,*,#6148,.T.);
#6148 = EDGE_CURVE('',#6149,#6149,#6151,.T.);
#6149 = VERTEX_POINT('',#6150);
#6150 = CARTESIAN_POINT('',(144.205,-117.325,1.51));
#6151 = CIRCLE('',#6152,0.5);
#6152 = AXIS2_PLACEMENT_3D('',#6153,#6154,#6155);
#6153 = CARTESIAN_POINT('',(144.205,-116.825,1.51));
#6154 = DIRECTION('',(-0.,0.,-1.));
#6155 = DIRECTION('',(-0.,-1.,0.));
#6156 = FACE_BOUND('',#6157,.T.);
#6157 = EDGE_LOOP('',(#6158));
#6158 = ORIENTED_EDGE('',*,*,#6159,.T.);
#6159 = EDGE_CURVE('',#6160,#6160,#6162,.T.);
#6160 = VERTEX_POINT('',#6161);
#6161 = CARTESIAN_POINT('',(140.,-112.65,1.51));
#6162 = CIRCLE('',#6163,0.4);
#6163 = AXIS2_PLACEMENT_3D('',#6164,#6165,#6166);
#6164 = CARTESIAN_POINT('',(140.,-112.25,1.51));
#6165 = DIRECTION('',(-0.,0.,-1.));
#6166 = DIRECTION('',(-0.,-1.,0.));
#6167 = FACE_BOUND('',#6168,.T.);
#6168 = EDGE_LOOP('',(#6169));
#6169 = ORIENTED_EDGE('',*,*,#6170,.T.);
#6170 = EDGE_CURVE('',#6171,#6171,#6173,.T.);
#6171 = VERTEX_POINT('',#6172);
#6172 = CARTESIAN_POINT('',(145.,-112.65,1.51));
#6173 = CIRCLE('',#6174,0.4);
#6174 = AXIS2_PLACEMENT_3D('',#6175,#6176,#6177);
#6175 = CARTESIAN_POINT('',(145.,-112.25,1.51));
#6176 = DIRECTION('',(-0.,0.,-1.));
#6177 = DIRECTION('',(-0.,-1.,0.));
#6178 = FACE_BOUND('',#6179,.T.);
#6179 = EDGE_LOOP('',(#6180));
#6180 = ORIENTED_EDGE('',*,*,#6181,.T.);
#6181 = EDGE_CURVE('',#6182,#6182,#6184,.T.);
#6182 = VERTEX_POINT('',#6183);
#6183 = CARTESIAN_POINT('',(75.5,-91.2,1.51));
#6184 = CIRCLE('',#6185,0.6);
#6185 = AXIS2_PLACEMENT_3D('',#6186,#6187,#6188);
#6186 = CARTESIAN_POINT('',(75.5,-90.6,1.51));
#6187 = DIRECTION('',(-0.,0.,-1.));
#6188 = DIRECTION('',(-0.,-1.,0.));
#6189 = FACE_BOUND('',#6190,.T.);
#6190 = EDGE_LOOP('',(#6191));
#6191 = ORIENTED_EDGE('',*,*,#6192,.T.);
#6192 = EDGE_CURVE('',#6193,#6193,#6195,.T.);
#6193 = VERTEX_POINT('',#6194);
#6194 = CARTESIAN_POINT('',(83.25,-77.58,1.51));
#6195 = CIRCLE('',#6196,0.5);
#6196 = AXIS2_PLACEMENT_3D('',#6197,#6198,#6199);
#6197 = CARTESIAN_POINT('',(83.25,-77.08,1.51));
#6198 = DIRECTION('',(-0.,0.,-1.));
#6199 = DIRECTION('',(-0.,-1.,0.));
#6200 = FACE_BOUND('',#6201,.T.);
#6201 = EDGE_LOOP('',(#6202));
#6202 = ORIENTED_EDGE('',*,*,#6203,.T.);
#6203 = EDGE_CURVE('',#6204,#6204,#6206,.T.);
#6204 = VERTEX_POINT('',#6205);
#6205 = CARTESIAN_POINT('',(83.25,-75.04,1.51));
#6206 = CIRCLE('',#6207,0.5);
#6207 = AXIS2_PLACEMENT_3D('',#6208,#6209,#6210);
#6208 = CARTESIAN_POINT('',(83.25,-74.54,1.51));
#6209 = DIRECTION('',(-0.,0.,-1.));
#6210 = DIRECTION('',(-0.,-1.,0.));
#6211 = FACE_BOUND('',#6212,.T.);
#6212 = EDGE_LOOP('',(#6213));
#6213 = ORIENTED_EDGE('',*,*,#6214,.T.);
#6214 = EDGE_CURVE('',#6215,#6215,#6217,.T.);
#6215 = VERTEX_POINT('',#6216);
#6216 = CARTESIAN_POINT('',(83.25,-72.5,1.51));
#6217 = CIRCLE('',#6218,0.5);
#6218 = AXIS2_PLACEMENT_3D('',#6219,#6220,#6221);
#6219 = CARTESIAN_POINT('',(83.25,-72.,1.51));
#6220 = DIRECTION('',(-0.,0.,-1.));
#6221 = DIRECTION('',(-0.,-1.,0.));
#6222 = FACE_BOUND('',#6223,.T.);
#6223 = EDGE_LOOP('',(#6224));
#6224 = ORIENTED_EDGE('',*,*,#6225,.T.);
#6225 = EDGE_CURVE('',#6226,#6226,#6228,.T.);
#6226 = VERTEX_POINT('',#6227);
#6227 = CARTESIAN_POINT('',(99.505,-69.065,1.51));
#6228 = CIRCLE('',#6229,0.5);
#6229 = AXIS2_PLACEMENT_3D('',#6230,#6231,#6232);
#6230 = CARTESIAN_POINT('',(99.505,-68.565,1.51));
#6231 = DIRECTION('',(-0.,0.,-1.));
#6232 = DIRECTION('',(-0.,-1.,0.));
#6233 = FACE_BOUND('',#6234,.T.);
#6234 = EDGE_LOOP('',(#6235));
#6235 = ORIENTED_EDGE('',*,*,#6236,.T.);
#6236 = EDGE_CURVE('',#6237,#6237,#6239,.T.);
#6237 = VERTEX_POINT('',#6238);
#6238 = CARTESIAN_POINT('',(102.045,-69.065,1.51));
#6239 = CIRCLE('',#6240,0.5);
#6240 = AXIS2_PLACEMENT_3D('',#6241,#6242,#6243);
#6241 = CARTESIAN_POINT('',(102.045,-68.565,1.51));
#6242 = DIRECTION('',(-0.,0.,-1.));
#6243 = DIRECTION('',(-0.,-1.,0.));
#6244 = FACE_BOUND('',#6245,.T.);
#6245 = EDGE_LOOP('',(#6246));
#6246 = ORIENTED_EDGE('',*,*,#6247,.T.);
#6247 = EDGE_CURVE('',#6248,#6248,#6250,.T.);
#6248 = VERTEX_POINT('',#6249);
#6249 = CARTESIAN_POINT('',(104.585,-69.065,1.51));
#6250 = CIRCLE('',#6251,0.5);
#6251 = AXIS2_PLACEMENT_3D('',#6252,#6253,#6254);
#6252 = CARTESIAN_POINT('',(104.585,-68.565,1.51));
#6253 = DIRECTION('',(-0.,0.,-1.));
#6254 = DIRECTION('',(-0.,-1.,0.));
#6255 = FACE_BOUND('',#6256,.T.);
#6256 = EDGE_LOOP('',(#6257));
#6257 = ORIENTED_EDGE('',*,*,#6258,.T.);
#6258 = EDGE_CURVE('',#6259,#6259,#6261,.T.);
#6259 = VERTEX_POINT('',#6260);
#6260 = CARTESIAN_POINT('',(107.125,-69.065,1.51));
#6261 = CIRCLE('',#6262,0.5);
#6262 = AXIS2_PLACEMENT_3D('',#6263,#6264,#6265);
#6263 = CARTESIAN_POINT('',(107.125,-68.565,1.51));
#6264 = DIRECTION('',(-0.,0.,-1.));
#6265 = DIRECTION('',(-0.,-1.,0.));
#6266 = FACE_BOUND('',#6267,.T.);
#6267 = EDGE_LOOP('',(#6268));
#6268 = ORIENTED_EDGE('',*,*,#6269,.T.);
#6269 = EDGE_CURVE('',#6270,#6270,#6272,.T.);
#6270 = VERTEX_POINT('',#6271);
#6271 = CARTESIAN_POINT('',(109.665,-69.065,1.51));
#6272 = CIRCLE('',#6273,0.5);
#6273 = AXIS2_PLACEMENT_3D('',#6274,#6275,#6276);
#6274 = CARTESIAN_POINT('',(109.665,-68.565,1.51));
#6275 = DIRECTION('',(-0.,0.,-1.));
#6276 = DIRECTION('',(-0.,-1.,0.));
#6277 = FACE_BOUND('',#6278,.T.);
#6278 = EDGE_LOOP('',(#6279));
#6279 = ORIENTED_EDGE('',*,*,#6280,.T.);
#6280 = EDGE_CURVE('',#6281,#6281,#6283,.T.);
#6281 = VERTEX_POINT('',#6282);
#6282 = CARTESIAN_POINT('',(112.205,-69.065,1.51));
#6283 = CIRCLE('',#6284,0.5);
#6284 = AXIS2_PLACEMENT_3D('',#6285,#6286,#6287);
#6285 = CARTESIAN_POINT('',(112.205,-68.565,1.51));
#6286 = DIRECTION('',(-0.,0.,-1.));
#6287 = DIRECTION('',(-0.,-1.,0.));
#6288 = FACE_BOUND('',#6289,.T.);
#6289 = EDGE_LOOP('',(#6290));
#6290 = ORIENTED_EDGE('',*,*,#6291,.T.);
#6291 = EDGE_CURVE('',#6292,#6292,#6294,.T.);
#6292 = VERTEX_POINT('',#6293);
#6293 = CARTESIAN_POINT('',(117.285,-69.065,1.51));
#6294 = CIRCLE('',#6295,0.5);
#6295 = AXIS2_PLACEMENT_3D('',#6296,#6297,#6298);
#6296 = CARTESIAN_POINT('',(117.285,-68.565,1.51));
#6297 = DIRECTION('',(-0.,0.,-1.));
#6298 = DIRECTION('',(-0.,-1.,0.));
#6299 = FACE_BOUND('',#6300,.T.);
#6300 = EDGE_LOOP('',(#6301));
#6301 = ORIENTED_EDGE('',*,*,#6302,.T.);
#6302 = EDGE_CURVE('',#6303,#6303,#6305,.T.);
#6303 = VERTEX_POINT('',#6304);
#6304 = CARTESIAN_POINT('',(119.825,-69.065,1.51));
#6305 = CIRCLE('',#6306,0.5);
#6306 = AXIS2_PLACEMENT_3D('',#6307,#6308,#6309);
#6307 = CARTESIAN_POINT('',(119.825,-68.565,1.51));
#6308 = DIRECTION('',(-0.,0.,-1.));
#6309 = DIRECTION('',(-0.,-1.,0.));
#6310 = FACE_BOUND('',#6311,.T.);
#6311 = EDGE_LOOP('',(#6312));
#6312 = ORIENTED_EDGE('',*,*,#6313,.T.);
#6313 = EDGE_CURVE('',#6314,#6314,#6316,.T.);
#6314 = VERTEX_POINT('',#6315);
#6315 = CARTESIAN_POINT('',(122.365,-69.065,1.51));
#6316 = CIRCLE('',#6317,0.5);
#6317 = AXIS2_PLACEMENT_3D('',#6318,#6319,#6320);
#6318 = CARTESIAN_POINT('',(122.365,-68.565,1.51));
#6319 = DIRECTION('',(-0.,0.,-1.));
#6320 = DIRECTION('',(-0.,-1.,0.));
#6321 = FACE_BOUND('',#6322,.T.);
#6322 = EDGE_LOOP('',(#6323));
#6323 = ORIENTED_EDGE('',*,*,#6324,.T.);
#6324 = EDGE_CURVE('',#6325,#6325,#6327,.T.);
#6325 = VERTEX_POINT('',#6326);
#6326 = CARTESIAN_POINT('',(124.905,-69.065,1.51));
#6327 = CIRCLE('',#6328,0.5);
#6328 = AXIS2_PLACEMENT_3D('',#6329,#6330,#6331);
#6329 = CARTESIAN_POINT('',(124.905,-68.565,1.51));
#6330 = DIRECTION('',(-0.,0.,-1.));
#6331 = DIRECTION('',(-0.,-1.,0.));
#6332 = FACE_BOUND('',#6333,.T.);
#6333 = EDGE_LOOP('',(#6334));
#6334 = ORIENTED_EDGE('',*,*,#6335,.T.);
#6335 = EDGE_CURVE('',#6336,#6336,#6338,.T.);
#6336 = VERTEX_POINT('',#6337);
#6337 = CARTESIAN_POINT('',(127.445,-69.065,1.51));
#6338 = CIRCLE('',#6339,0.5);
#6339 = AXIS2_PLACEMENT_3D('',#6340,#6341,#6342);
#6340 = CARTESIAN_POINT('',(127.445,-68.565,1.51));
#6341 = DIRECTION('',(-0.,0.,-1.));
#6342 = DIRECTION('',(-0.,-1.,0.));
#6343 = FACE_BOUND('',#6344,.T.);
#6344 = EDGE_LOOP('',(#6345));
#6345 = ORIENTED_EDGE('',*,*,#6346,.T.);
#6346 = EDGE_CURVE('',#6347,#6347,#6349,.T.);
#6347 = VERTEX_POINT('',#6348);
#6348 = CARTESIAN_POINT('',(129.985,-69.065,1.51));
#6349 = CIRCLE('',#6350,0.5);
#6350 = AXIS2_PLACEMENT_3D('',#6351,#6352,#6353);
#6351 = CARTESIAN_POINT('',(129.985,-68.565,1.51));
#6352 = DIRECTION('',(-0.,0.,-1.));
#6353 = DIRECTION('',(-0.,-1.,0.));
#6354 = FACE_BOUND('',#6355,.T.);
#6355 = EDGE_LOOP('',(#6356));
#6356 = ORIENTED_EDGE('',*,*,#6357,.T.);
#6357 = EDGE_CURVE('',#6358,#6358,#6360,.T.);
#6358 = VERTEX_POINT('',#6359);
#6359 = CARTESIAN_POINT('',(132.525,-69.065,1.51));
#6360 = CIRCLE('',#6361,0.5);
#6361 = AXIS2_PLACEMENT_3D('',#6362,#6363,#6364);
#6362 = CARTESIAN_POINT('',(132.525,-68.565,1.51));
#6363 = DIRECTION('',(-0.,0.,-1.));
#6364 = DIRECTION('',(-0.,-1.,0.));
#6365 = FACE_BOUND('',#6366,.T.);
#6366 = EDGE_LOOP('',(#6367));
#6367 = ORIENTED_EDGE('',*,*,#6368,.T.);
#6368 = EDGE_CURVE('',#6369,#6369,#6371,.T.);
#6369 = VERTEX_POINT('',#6370);
#6370 = CARTESIAN_POINT('',(135.065,-69.065,1.51));
#6371 = CIRCLE('',#6372,0.5);
#6372 = AXIS2_PLACEMENT_3D('',#6373,#6374,#6375);
#6373 = CARTESIAN_POINT('',(135.065,-68.565,1.51));
#6374 = DIRECTION('',(-0.,0.,-1.));
#6375 = DIRECTION('',(-0.,-1.,0.));
#6376 = PLANE('',#6377);
#6377 = AXIS2_PLACEMENT_3D('',#6378,#6379,#6380);
#6378 = CARTESIAN_POINT('',(0.,0.,1.51));
#6379 = DIRECTION('',(0.,0.,1.));
#6380 = DIRECTION('',(1.,0.,-0.));
#6381 = ADVANCED_FACE('',(#6382),#6393,.T.);
#6382 = FACE_BOUND('',#6383,.T.);
#6383 = EDGE_LOOP('',(#6384,#6390,#6391,#6392));
#6384 = ORIENTED_EDGE('',*,*,#6385,.T.);
#6385 = EDGE_CURVE('',#5316,#5852,#6386,.T.);
#6386 = LINE('',#6387,#6388);
#6387 = CARTESIAN_POINT('',(71.75,-68.,0.));
#6388 = VECTOR('',#6389,1.);
#6389 = DIRECTION('',(0.,0.,1.));
#6390 = ORIENTED_EDGE('',*,*,#5851,.T.);
#6391 = ORIENTED_EDGE('',*,*,#5251,.F.);
#6392 = ORIENTED_EDGE('',*,*,#5315,.F.);
#6393 = CYLINDRICAL_SURFACE('',#6394,4.999999678834);
#6394 = AXIS2_PLACEMENT_3D('',#6395,#6396,#6397);
#6395 = CARTESIAN_POINT('',(76.749999678834,-67.99999967883,0.));
#6396 = DIRECTION('',(0.,0.,-1.));
#6397 = DIRECTION('',(-1.,-6.423314134E-08,-0.));
#6398 = ADVANCED_FACE('',(#6399),#6410,.T.);
#6399 = FACE_BOUND('',#6400,.T.);
#6400 = EDGE_LOOP('',(#6401,#6402,#6403,#6409));
#6401 = ORIENTED_EDGE('',*,*,#5291,.T.);
#6402 = ORIENTED_EDGE('',*,*,#5885,.T.);
#6403 = ORIENTED_EDGE('',*,*,#6404,.F.);
#6404 = EDGE_CURVE('',#5342,#5878,#6405,.T.);
#6405 = LINE('',#6406,#6407);
#6406 = CARTESIAN_POINT('',(158.25,-122.5,0.));
#6407 = VECTOR('',#6408,1.);
#6408 = DIRECTION('',(0.,0.,1.));
#6409 = ORIENTED_EDGE('',*,*,#5349,.F.);
#6410 = CYLINDRICAL_SURFACE('',#6411,4.999999678834);
#6411 = AXIS2_PLACEMENT_3D('',#6412,#6413,#6414);
#6412 = CARTESIAN_POINT('',(158.25000032116,-117.5000003211,0.));
#6413 = DIRECTION('',(0.,0.,-1.));
#6414 = DIRECTION('',(1.,6.423314702E-08,0.));
#6415 = ADVANCED_FACE('',(#6416),#6427,.T.);
#6416 = FACE_BOUND('',#6417,.T.);
#6417 = EDGE_LOOP('',(#6418,#6424,#6425,#6426));
#6418 = ORIENTED_EDGE('',*,*,#6419,.T.);
#6419 = EDGE_CURVE('',#5325,#5861,#6420,.T.);
#6420 = LINE('',#6421,#6422);
#6421 = CARTESIAN_POINT('',(71.75,-117.5,0.));
#6422 = VECTOR('',#6423,1.);
#6423 = DIRECTION('',(0.,0.,1.));
#6424 = ORIENTED_EDGE('',*,*,#5860,.T.);
#6425 = ORIENTED_EDGE('',*,*,#6385,.F.);
#6426 = ORIENTED_EDGE('',*,*,#5324,.F.);
#6427 = PLANE('',#6428);
#6428 = AXIS2_PLACEMENT_3D('',#6429,#6430,#6431);
#6429 = CARTESIAN_POINT('',(71.75,-117.5,0.));
#6430 = DIRECTION('',(-1.,0.,0.));
#6431 = DIRECTION('',(0.,1.,0.));
#6432 = ADVANCED_FACE('',(#6433),#6444,.T.);
#6433 = FACE_BOUND('',#6434,.T.);
#6434 = EDGE_LOOP('',(#6435,#6436,#6437,#6443));
#6435 = ORIENTED_EDGE('',*,*,#6404,.T.);
#6436 = ORIENTED_EDGE('',*,*,#5877,.T.);
#6437 = ORIENTED_EDGE('',*,*,#6438,.F.);
#6438 = EDGE_CURVE('',#5333,#5869,#6439,.T.);
#6439 = LINE('',#6440,#6441);
#6440 = CARTESIAN_POINT('',(76.75,-122.5,0.));
#6441 = VECTOR('',#6442,1.);
#6442 = DIRECTION('',(0.,0.,1.));
#6443 = ORIENTED_EDGE('',*,*,#5341,.F.);
#6444 = PLANE('',#6445);
#6445 = AXIS2_PLACEMENT_3D('',#6446,#6447,#6448);
#6446 = CARTESIAN_POINT('',(158.25,-122.5,0.));
#6447 = DIRECTION('',(0.,-1.,0.));
#6448 = DIRECTION('',(-1.,0.,0.));
#6449 = ADVANCED_FACE('',(#6450),#6456,.T.);
#6450 = FACE_BOUND('',#6451,.T.);
#6451 = EDGE_LOOP('',(#6452,#6453,#6454,#6455));
#6452 = ORIENTED_EDGE('',*,*,#6438,.T.);
#6453 = ORIENTED_EDGE('',*,*,#5868,.T.);
#6454 = ORIENTED_EDGE('',*,*,#6419,.F.);
#6455 = ORIENTED_EDGE('',*,*,#5332,.F.);
#6456 = CYLINDRICAL_SURFACE('',#6457,4.999999678834);
#6457 = AXIS2_PLACEMENT_3D('',#6458,#6459,#6460);
#6458 = CARTESIAN_POINT('',(76.749999678834,-117.5000003211,0.));
#6459 = DIRECTION('',(0.,0.,-1.));
#6460 = DIRECTION('',(6.423314134E-08,-1.,0.));
#6461 = ADVANCED_FACE('',(#6462),#6473,.F.);
#6462 = FACE_BOUND('',#6463,.F.);
#6463 = EDGE_LOOP('',(#6464,#6470,#6471,#6472));
#6464 = ORIENTED_EDGE('',*,*,#6465,.T.);
#6465 = EDGE_CURVE('',#5360,#5896,#6466,.T.);
#6466 = LINE('',#6467,#6468);
#6467 = CARTESIAN_POINT('',(82.75,-114.33,-4.6E-02));
#6468 = VECTOR('',#6469,1.);
#6469 = DIRECTION('',(0.,0.,1.));
#6470 = ORIENTED_EDGE('',*,*,#5895,.T.);
#6471 = ORIENTED_EDGE('',*,*,#6465,.F.);
#6472 = ORIENTED_EDGE('',*,*,#5359,.F.);
#6473 = CYLINDRICAL_SURFACE('',#6474,0.5);
#6474 = AXIS2_PLACEMENT_3D('',#6475,#6476,#6477);
#6475 = CARTESIAN_POINT('',(82.75,-113.83,-4.6E-02));
#6476 = DIRECTION('',(-0.,-0.,-1.));
#6477 = DIRECTION('',(-0.,-1.,0.));
#6478 = ADVANCED_FACE('',(#6479),#6490,.F.);
#6479 = FACE_BOUND('',#6480,.F.);
#6480 = EDGE_LOOP('',(#6481,#6487,#6488,#6489));
#6481 = ORIENTED_EDGE('',*,*,#6482,.T.);
#6482 = EDGE_CURVE('',#5371,#5907,#6483,.T.);
#6483 = LINE('',#6484,#6485);
#6484 = CARTESIAN_POINT('',(82.75,-111.79,-4.6E-02));
#6485 = VECTOR('',#6486,1.);
#6486 = DIRECTION('',(0.,0.,1.));
#6487 = ORIENTED_EDGE('',*,*,#5906,.T.);
#6488 = ORIENTED_EDGE('',*,*,#6482,.F.);
#6489 = ORIENTED_EDGE('',*,*,#5370,.F.);
#6490 = CYLINDRICAL_SURFACE('',#6491,0.5);
#6491 = AXIS2_PLACEMENT_3D('',#6492,#6493,#6494);
#6492 = CARTESIAN_POINT('',(82.75,-111.29,-4.6E-02));
#6493 = DIRECTION('',(-0.,-0.,-1.));
#6494 = DIRECTION('',(-0.,-1.,0.));
#6495 = ADVANCED_FACE('',(#6496),#6507,.F.);
#6496 = FACE_BOUND('',#6497,.F.);
#6497 = EDGE_LOOP('',(#6498,#6504,#6505,#6506));
#6498 = ORIENTED_EDGE('',*,*,#6499,.T.);
#6499 = EDGE_CURVE('',#5382,#5918,#6500,.T.);
#6500 = LINE('',#6501,#6502);
#6501 = CARTESIAN_POINT('',(82.75,-109.25,-4.6E-02));
#6502 = VECTOR('',#6503,1.);
#6503 = DIRECTION('',(0.,0.,1.));
#6504 = ORIENTED_EDGE('',*,*,#5917,.T.);
#6505 = ORIENTED_EDGE('',*,*,#6499,.F.);
#6506 = ORIENTED_EDGE('',*,*,#5381,.F.);
#6507 = CYLINDRICAL_SURFACE('',#6508,0.5);
#6508 = AXIS2_PLACEMENT_3D('',#6509,#6510,#6511);
#6509 = CARTESIAN_POINT('',(82.75,-108.75,-4.6E-02));
#6510 = DIRECTION('',(-0.,-0.,-1.));
#6511 = DIRECTION('',(-0.,-1.,0.));
#6512 = ADVANCED_FACE('',(#6513),#6524,.F.);
#6513 = FACE_BOUND('',#6514,.F.);
#6514 = EDGE_LOOP('',(#6515,#6521,#6522,#6523));
#6515 = ORIENTED_EDGE('',*,*,#6516,.T.);
#6516 = EDGE_CURVE('',#5393,#5929,#6517,.T.);
#6517 = LINE('',#6518,#6519);
#6518 = CARTESIAN_POINT('',(99.505,-117.325,-4.6E-02));
#6519 = VECTOR('',#6520,1.);
#6520 = DIRECTION('',(0.,0.,1.));
#6521 = ORIENTED_EDGE('',*,*,#5928,.T.);
#6522 = ORIENTED_EDGE('',*,*,#6516,.F.);
#6523 = ORIENTED_EDGE('',*,*,#5392,.F.);
#6524 = CYLINDRICAL_SURFACE('',#6525,0.5);
#6525 = AXIS2_PLACEMENT_3D('',#6526,#6527,#6528);
#6526 = CARTESIAN_POINT('',(99.505,-116.825,-4.6E-02));
#6527 = DIRECTION('',(-0.,-0.,-1.));
#6528 = DIRECTION('',(-0.,-1.,0.));
#6529 = ADVANCED_FACE('',(#6530),#6541,.F.);
#6530 = FACE_BOUND('',#6531,.F.);
#6531 = EDGE_LOOP('',(#6532,#6538,#6539,#6540));
#6532 = ORIENTED_EDGE('',*,*,#6533,.T.);
#6533 = EDGE_CURVE('',#5404,#5940,#6534,.T.);
#6534 = LINE('',#6535,#6536);
#6535 = CARTESIAN_POINT('',(102.045,-117.325,-4.6E-02));
#6536 = VECTOR('',#6537,1.);
#6537 = DIRECTION('',(0.,0.,1.));
#6538 = ORIENTED_EDGE('',*,*,#5939,.T.);
#6539 = ORIENTED_EDGE('',*,*,#6533,.F.);
#6540 = ORIENTED_EDGE('',*,*,#5403,.F.);
#6541 = CYLINDRICAL_SURFACE('',#6542,0.5);
#6542 = AXIS2_PLACEMENT_3D('',#6543,#6544,#6545);
#6543 = CARTESIAN_POINT('',(102.045,-116.825,-4.6E-02));
#6544 = DIRECTION('',(-0.,-0.,-1.));
#6545 = DIRECTION('',(-0.,-1.,0.));
#6546 = ADVANCED_FACE('',(#6547),#6558,.F.);
#6547 = FACE_BOUND('',#6548,.F.);
#6548 = EDGE_LOOP('',(#6549,#6555,#6556,#6557));
#6549 = ORIENTED_EDGE('',*,*,#6550,.T.);
#6550 = EDGE_CURVE('',#5415,#5951,#6551,.T.);
#6551 = LINE('',#6552,#6553);
#6552 = CARTESIAN_POINT('',(104.585,-117.325,-4.6E-02));
#6553 = VECTOR('',#6554,1.);
#6554 = DIRECTION('',(0.,0.,1.));
#6555 = ORIENTED_EDGE('',*,*,#5950,.T.);
#6556 = ORIENTED_EDGE('',*,*,#6550,.F.);
#6557 = ORIENTED_EDGE('',*,*,#5414,.F.);
#6558 = CYLINDRICAL_SURFACE('',#6559,0.5);
#6559 = AXIS2_PLACEMENT_3D('',#6560,#6561,#6562);
#6560 = CARTESIAN_POINT('',(104.585,-116.825,-4.6E-02));
#6561 = DIRECTION('',(-0.,-0.,-1.));
#6562 = DIRECTION('',(-0.,-1.,0.));
#6563 = ADVANCED_FACE('',(#6564),#6575,.F.);
#6564 = FACE_BOUND('',#6565,.F.);
#6565 = EDGE_LOOP('',(#6566,#6572,#6573,#6574));
#6566 = ORIENTED_EDGE('',*,*,#6567,.T.);
#6567 = EDGE_CURVE('',#5426,#5962,#6568,.T.);
#6568 = LINE('',#6569,#6570);
#6569 = CARTESIAN_POINT('',(107.125,-117.325,-4.6E-02));
#6570 = VECTOR('',#6571,1.);
#6571 = DIRECTION('',(0.,0.,1.));
#6572 = ORIENTED_EDGE('',*,*,#5961,.T.);
#6573 = ORIENTED_EDGE('',*,*,#6567,.F.);
#6574 = ORIENTED_EDGE('',*,*,#5425,.F.);
#6575 = CYLINDRICAL_SURFACE('',#6576,0.5);
#6576 = AXIS2_PLACEMENT_3D('',#6577,#6578,#6579);
#6577 = CARTESIAN_POINT('',(107.125,-116.825,-4.6E-02));
#6578 = DIRECTION('',(-0.,-0.,-1.));
#6579 = DIRECTION('',(-0.,-1.,0.));
#6580 = ADVANCED_FACE('',(#6581),#6592,.F.);
#6581 = FACE_BOUND('',#6582,.F.);
#6582 = EDGE_LOOP('',(#6583,#6589,#6590,#6591));
#6583 = ORIENTED_EDGE('',*,*,#6584,.T.);
#6584 = EDGE_CURVE('',#5437,#5973,#6585,.T.);
#6585 = LINE('',#6586,#6587);
#6586 = CARTESIAN_POINT('',(109.665,-117.325,-4.6E-02));
#6587 = VECTOR('',#6588,1.);
#6588 = DIRECTION('',(0.,0.,1.));
#6589 = ORIENTED_EDGE('',*,*,#5972,.T.);
#6590 = ORIENTED_EDGE('',*,*,#6584,.F.);
#6591 = ORIENTED_EDGE('',*,*,#5436,.F.);
#6592 = CYLINDRICAL_SURFACE('',#6593,0.5);
#6593 = AXIS2_PLACEMENT_3D('',#6594,#6595,#6596);
#6594 = CARTESIAN_POINT('',(109.665,-116.825,-4.6E-02));
#6595 = DIRECTION('',(-0.,-0.,-1.));
#6596 = DIRECTION('',(-0.,-1.,0.));
#6597 = ADVANCED_FACE('',(#6598),#6609,.F.);
#6598 = FACE_BOUND('',#6599,.F.);
#6599 = EDGE_LOOP('',(#6600,#6606,#6607,#6608));
#6600 = ORIENTED_EDGE('',*,*,#6601,.T.);
#6601 = EDGE_CURVE('',#5448,#5984,#6602,.T.);
#6602 = LINE('',#6603,#6604);
#6603 = CARTESIAN_POINT('',(102.7,-107.25,-4.6E-02));
#6604 = VECTOR('',#6605,1.);
#6605 = DIRECTION('',(0.,0.,1.));
#6606 = ORIENTED_EDGE('',*,*,#5983,.T.);
#6607 = ORIENTED_EDGE('',*,*,#6601,.F.);
#6608 = ORIENTED_EDGE('',*,*,#5447,.F.);
#6609 = CYLINDRICAL_SURFACE('',#6610,0.5);
#6610 = AXIS2_PLACEMENT_3D('',#6611,#6612,#6613);
#6611 = CARTESIAN_POINT('',(102.7,-106.75,-4.6E-02));
#6612 = DIRECTION('',(-0.,-0.,-1.));
#6613 = DIRECTION('',(-0.,-1.,0.));
#6614 = ADVANCED_FACE('',(#6615),#6626,.F.);
#6615 = FACE_BOUND('',#6616,.F.);
#6616 = EDGE_LOOP('',(#6617,#6623,#6624,#6625));
#6617 = ORIENTED_EDGE('',*,*,#6618,.T.);
#6618 = EDGE_CURVE('',#5459,#5995,#6619,.T.);
#6619 = LINE('',#6620,#6621);
#6620 = CARTESIAN_POINT('',(75.5,-96.5,-4.6E-02));
#6621 = VECTOR('',#6622,1.);
#6622 = DIRECTION('',(0.,0.,1.));
#6623 = ORIENTED_EDGE('',*,*,#5994,.T.);
#6624 = ORIENTED_EDGE('',*,*,#6618,.F.);
#6625 = ORIENTED_EDGE('',*,*,#5458,.F.);
#6626 = CYLINDRICAL_SURFACE('',#6627,0.6);
#6627 = AXIS2_PLACEMENT_3D('',#6628,#6629,#6630);
#6628 = CARTESIAN_POINT('',(75.5,-95.9,-4.6E-02));
#6629 = DIRECTION('',(-0.,-0.,-1.));
#6630 = DIRECTION('',(-0.,-1.,0.));
#6631 = ADVANCED_FACE('',(#6632),#6643,.F.);
#6632 = FACE_BOUND('',#6633,.F.);
#6633 = EDGE_LOOP('',(#6634,#6640,#6641,#6642));
#6634 = ORIENTED_EDGE('',*,*,#6635,.T.);
#6635 = EDGE_CURVE('',#5470,#6006,#6636,.T.);
#6636 = LINE('',#6637,#6638);
#6637 = CARTESIAN_POINT('',(112.205,-117.325,-4.6E-02));
#6638 = VECTOR('',#6639,1.);
#6639 = DIRECTION('',(0.,0.,1.));
#6640 = ORIENTED_EDGE('',*,*,#6005,.T.);
#6641 = ORIENTED_EDGE('',*,*,#6635,.F.);
#6642 = ORIENTED_EDGE('',*,*,#5469,.F.);
#6643 = CYLINDRICAL_SURFACE('',#6644,0.5);
#6644 = AXIS2_PLACEMENT_3D('',#6645,#6646,#6647);
#6645 = CARTESIAN_POINT('',(112.205,-116.825,-4.6E-02));
#6646 = DIRECTION('',(-0.,-0.,-1.));
#6647 = DIRECTION('',(-0.,-1.,0.));
#6648 = ADVANCED_FACE('',(#6649),#6660,.F.);
#6649 = FACE_BOUND('',#6650,.F.);
#6650 = EDGE_LOOP('',(#6651,#6657,#6658,#6659));
#6651 = ORIENTED_EDGE('',*,*,#6652,.T.);
#6652 = EDGE_CURVE('',#5481,#6017,#6653,.T.);
#6653 = LINE('',#6654,#6655);
#6654 = CARTESIAN_POINT('',(114.745,-117.325,-4.6E-02));
#6655 = VECTOR('',#6656,1.);
#6656 = DIRECTION('',(0.,0.,1.));
#6657 = ORIENTED_EDGE('',*,*,#6016,.T.);
#6658 = ORIENTED_EDGE('',*,*,#6652,.F.);
#6659 = ORIENTED_EDGE('',*,*,#5480,.F.);
#6660 = CYLINDRICAL_SURFACE('',#6661,0.5);
#6661 = AXIS2_PLACEMENT_3D('',#6662,#6663,#6664);
#6662 = CARTESIAN_POINT('',(114.745,-116.825,-4.6E-02));
#6663 = DIRECTION('',(-0.,-0.,-1.));
#6664 = DIRECTION('',(-0.,-1.,0.));
#6665 = ADVANCED_FACE('',(#6666),#6677,.F.);
#6666 = FACE_BOUND('',#6667,.F.);
#6667 = EDGE_LOOP('',(#6668,#6674,#6675,#6676));
#6668 = ORIENTED_EDGE('',*,*,#6669,.T.);
#6669 = EDGE_CURVE('',#5492,#6028,#6670,.T.);
#6670 = LINE('',#6671,#6672);
#6671 = CARTESIAN_POINT('',(117.285,-117.325,-4.6E-02));
#6672 = VECTOR('',#6673,1.);
#6673 = DIRECTION('',(0.,0.,1.));
#6674 = ORIENTED_EDGE('',*,*,#6027,.T.);
#6675 = ORIENTED_EDGE('',*,*,#6669,.F.);
#6676 = ORIENTED_EDGE('',*,*,#5491,.F.);
#6677 = CYLINDRICAL_SURFACE('',#6678,0.5);
#6678 = AXIS2_PLACEMENT_3D('',#6679,#6680,#6681);
#6679 = CARTESIAN_POINT('',(117.285,-116.825,-4.6E-02));
#6680 = DIRECTION('',(-0.,-0.,-1.));
#6681 = DIRECTION('',(-0.,-1.,0.));
#6682 = ADVANCED_FACE('',(#6683),#6694,.F.);
#6683 = FACE_BOUND('',#6684,.F.);
#6684 = EDGE_LOOP('',(#6685,#6691,#6692,#6693));
#6685 = ORIENTED_EDGE('',*,*,#6686,.T.);
#6686 = EDGE_CURVE('',#5503,#6039,#6687,.T.);
#6687 = LINE('',#6688,#6689);
#6688 = CARTESIAN_POINT('',(121.345,-117.325,-4.6E-02));
#6689 = VECTOR('',#6690,1.);
#6690 = DIRECTION('',(0.,0.,1.));
#6691 = ORIENTED_EDGE('',*,*,#6038,.T.);
#6692 = ORIENTED_EDGE('',*,*,#6686,.F.);
#6693 = ORIENTED_EDGE('',*,*,#5502,.F.);
#6694 = CYLINDRICAL_SURFACE('',#6695,0.5);
#6695 = AXIS2_PLACEMENT_3D('',#6696,#6697,#6698);
#6696 = CARTESIAN_POINT('',(121.345,-116.825,-4.6E-02));
#6697 = DIRECTION('',(-0.,-0.,-1.));
#6698 = DIRECTION('',(-0.,-1.,0.));
#6699 = ADVANCED_FACE('',(#6700),#6711,.F.);
#6700 = FACE_BOUND('',#6701,.F.);
#6701 = EDGE_LOOP('',(#6702,#6708,#6709,#6710));
#6702 = ORIENTED_EDGE('',*,*,#6703,.T.);
#6703 = EDGE_CURVE('',#5514,#6050,#6704,.T.);
#6704 = LINE('',#6705,#6706);
#6705 = CARTESIAN_POINT('',(123.885,-117.325,-4.6E-02));
#6706 = VECTOR('',#6707,1.);
#6707 = DIRECTION('',(0.,0.,1.));
#6708 = ORIENTED_EDGE('',*,*,#6049,.T.);
#6709 = ORIENTED_EDGE('',*,*,#6703,.F.);
#6710 = ORIENTED_EDGE('',*,*,#5513,.F.);
#6711 = CYLINDRICAL_SURFACE('',#6712,0.5);
#6712 = AXIS2_PLACEMENT_3D('',#6713,#6714,#6715);
#6713 = CARTESIAN_POINT('',(123.885,-116.825,-4.6E-02));
#6714 = DIRECTION('',(-0.,-0.,-1.));
#6715 = DIRECTION('',(-0.,-1.,0.));
#6716 = ADVANCED_FACE('',(#6717),#6728,.F.);
#6717 = FACE_BOUND('',#6718,.F.);
#6718 = EDGE_LOOP('',(#6719,#6725,#6726,#6727));
#6719 = ORIENTED_EDGE('',*,*,#6720,.T.);
#6720 = EDGE_CURVE('',#5525,#6061,#6721,.T.);
#6721 = LINE('',#6722,#6723);
#6722 = CARTESIAN_POINT('',(126.425,-117.325,-4.6E-02));
#6723 = VECTOR('',#6724,1.);
#6724 = DIRECTION('',(0.,0.,1.));
#6725 = ORIENTED_EDGE('',*,*,#6060,.T.);
#6726 = ORIENTED_EDGE('',*,*,#6720,.F.);
#6727 = ORIENTED_EDGE('',*,*,#5524,.F.);
#6728 = CYLINDRICAL_SURFACE('',#6729,0.5);
#6729 = AXIS2_PLACEMENT_3D('',#6730,#6731,#6732);
#6730 = CARTESIAN_POINT('',(126.425,-116.825,-4.6E-02));
#6731 = DIRECTION('',(-0.,-0.,-1.));
#6732 = DIRECTION('',(-0.,-1.,0.));
#6733 = ADVANCED_FACE('',(#6734),#6745,.F.);
#6734 = FACE_BOUND('',#6735,.F.);
#6735 = EDGE_LOOP('',(#6736,#6742,#6743,#6744));
#6736 = ORIENTED_EDGE('',*,*,#6737,.T.);
#6737 = EDGE_CURVE('',#5536,#6072,#6738,.T.);
#6738 = LINE('',#6739,#6740);
#6739 = CARTESIAN_POINT('',(110.3,-107.25,-4.6E-02));
#6740 = VECTOR('',#6741,1.);
#6741 = DIRECTION('',(0.,0.,1.));
#6742 = ORIENTED_EDGE('',*,*,#6071,.T.);
#6743 = ORIENTED_EDGE('',*,*,#6737,.F.);
#6744 = ORIENTED_EDGE('',*,*,#5535,.F.);
#6745 = CYLINDRICAL_SURFACE('',#6746,0.5);
#6746 = AXIS2_PLACEMENT_3D('',#6747,#6748,#6749);
#6747 = CARTESIAN_POINT('',(110.3,-106.75,-4.6E-02));
#6748 = DIRECTION('',(-0.,-0.,-1.));
#6749 = DIRECTION('',(-0.,-1.,0.));
#6750 = ADVANCED_FACE('',(#6751),#6762,.F.);
#6751 = FACE_BOUND('',#6752,.F.);
#6752 = EDGE_LOOP('',(#6753,#6759,#6760,#6761));
#6753 = ORIENTED_EDGE('',*,*,#6754,.T.);
#6754 = EDGE_CURVE('',#5547,#6083,#6755,.T.);
#6755 = LINE('',#6756,#6757);
#6756 = CARTESIAN_POINT('',(128.965,-117.325,-4.6E-02));
#6757 = VECTOR('',#6758,1.);
#6758 = DIRECTION('',(0.,0.,1.));
#6759 = ORIENTED_EDGE('',*,*,#6082,.T.);
#6760 = ORIENTED_EDGE('',*,*,#6754,.F.);
#6761 = ORIENTED_EDGE('',*,*,#5546,.F.);
#6762 = CYLINDRICAL_SURFACE('',#6763,0.5);
#6763 = AXIS2_PLACEMENT_3D('',#6764,#6765,#6766);
#6764 = CARTESIAN_POINT('',(128.965,-116.825,-4.6E-02));
#6765 = DIRECTION('',(-0.,-0.,-1.));
#6766 = DIRECTION('',(-0.,-1.,0.));
#6767 = ADVANCED_FACE('',(#6768),#6779,.F.);
#6768 = FACE_BOUND('',#6769,.F.);
#6769 = EDGE_LOOP('',(#6770,#6776,#6777,#6778));
#6770 = ORIENTED_EDGE('',*,*,#6771,.T.);
#6771 = EDGE_CURVE('',#5558,#6094,#6772,.T.);
#6772 = LINE('',#6773,#6774);
#6773 = CARTESIAN_POINT('',(131.505,-117.325,-4.6E-02));
#6774 = VECTOR('',#6775,1.);
#6775 = DIRECTION('',(0.,0.,1.));
#6776 = ORIENTED_EDGE('',*,*,#6093,.T.);
#6777 = ORIENTED_EDGE('',*,*,#6771,.F.);
#6778 = ORIENTED_EDGE('',*,*,#5557,.F.);
#6779 = CYLINDRICAL_SURFACE('',#6780,0.5);
#6780 = AXIS2_PLACEMENT_3D('',#6781,#6782,#6783);
#6781 = CARTESIAN_POINT('',(131.505,-116.825,-4.6E-02));
#6782 = DIRECTION('',(-0.,-0.,-1.));
#6783 = DIRECTION('',(-0.,-1.,0.));
#6784 = ADVANCED_FACE('',(#6785),#6796,.F.);
#6785 = FACE_BOUND('',#6786,.F.);
#6786 = EDGE_LOOP('',(#6787,#6793,#6794,#6795));
#6787 = ORIENTED_EDGE('',*,*,#6788,.T.);
#6788 = EDGE_CURVE('',#5569,#6105,#6789,.T.);
#6789 = LINE('',#6790,#6791);
#6790 = CARTESIAN_POINT('',(134.045,-117.325,-4.6E-02));
#6791 = VECTOR('',#6792,1.);
#6792 = DIRECTION('',(0.,0.,1.));
#6793 = ORIENTED_EDGE('',*,*,#6104,.T.);
#6794 = ORIENTED_EDGE('',*,*,#6788,.F.);
#6795 = ORIENTED_EDGE('',*,*,#5568,.F.);
#6796 = CYLINDRICAL_SURFACE('',#6797,0.5);
#6797 = AXIS2_PLACEMENT_3D('',#6798,#6799,#6800);
#6798 = CARTESIAN_POINT('',(134.045,-116.825,-4.6E-02));
#6799 = DIRECTION('',(-0.,-0.,-1.));
#6800 = DIRECTION('',(-0.,-1.,0.));
#6801 = ADVANCED_FACE('',(#6802),#6813,.F.);
#6802 = FACE_BOUND('',#6803,.F.);
#6803 = EDGE_LOOP('',(#6804,#6810,#6811,#6812));
#6804 = ORIENTED_EDGE('',*,*,#6805,.T.);
#6805 = EDGE_CURVE('',#5580,#6116,#6806,.T.);
#6806 = LINE('',#6807,#6808);
#6807 = CARTESIAN_POINT('',(136.585,-117.325,-4.6E-02));
#6808 = VECTOR('',#6809,1.);
#6809 = DIRECTION('',(0.,0.,1.));
#6810 = ORIENTED_EDGE('',*,*,#6115,.T.);
#6811 = ORIENTED_EDGE('',*,*,#6805,.F.);
#6812 = ORIENTED_EDGE('',*,*,#5579,.F.);
#6813 = CYLINDRICAL_SURFACE('',#6814,0.5);
#6814 = AXIS2_PLACEMENT_3D('',#6815,#6816,#6817);
#6815 = CARTESIAN_POINT('',(136.585,-116.825,-4.6E-02));
#6816 = DIRECTION('',(-0.,-0.,-1.));
#6817 = DIRECTION('',(-0.,-1.,0.));
#6818 = ADVANCED_FACE('',(#6819),#6830,.F.);
#6819 = FACE_BOUND('',#6820,.F.);
#6820 = EDGE_LOOP('',(#6821,#6827,#6828,#6829));
#6821 = ORIENTED_EDGE('',*,*,#6822,.T.);
#6822 = EDGE_CURVE('',#5591,#6127,#6823,.T.);
#6823 = LINE('',#6824,#6825);
#6824 = CARTESIAN_POINT('',(139.125,-117.325,-4.6E-02));
#6825 = VECTOR('',#6826,1.);
#6826 = DIRECTION('',(0.,0.,1.));
#6827 = ORIENTED_EDGE('',*,*,#6126,.T.);
#6828 = ORIENTED_EDGE('',*,*,#6822,.F.);
#6829 = ORIENTED_EDGE('',*,*,#5590,.F.);
#6830 = CYLINDRICAL_SURFACE('',#6831,0.5);
#6831 = AXIS2_PLACEMENT_3D('',#6832,#6833,#6834);
#6832 = CARTESIAN_POINT('',(139.125,-116.825,-4.6E-02));
#6833 = DIRECTION('',(-0.,-0.,-1.));
#6834 = DIRECTION('',(-0.,-1.,0.));
#6835 = ADVANCED_FACE('',(#6836),#6847,.F.);
#6836 = FACE_BOUND('',#6837,.F.);
#6837 = EDGE_LOOP('',(#6838,#6844,#6845,#6846));
#6838 = ORIENTED_EDGE('',*,*,#6839,.T.);
#6839 = EDGE_CURVE('',#5602,#6138,#6840,.T.);
#6840 = LINE('',#6841,#6842);
#6841 = CARTESIAN_POINT('',(141.665,-117.325,-4.6E-02));
#6842 = VECTOR('',#6843,1.);
#6843 = DIRECTION('',(0.,0.,1.));
#6844 = ORIENTED_EDGE('',*,*,#6137,.T.);
#6845 = ORIENTED_EDGE('',*,*,#6839,.F.);
#6846 = ORIENTED_EDGE('',*,*,#5601,.F.);
#6847 = CYLINDRICAL_SURFACE('',#6848,0.5);
#6848 = AXIS2_PLACEMENT_3D('',#6849,#6850,#6851);
#6849 = CARTESIAN_POINT('',(141.665,-116.825,-4.6E-02));
#6850 = DIRECTION('',(-0.,-0.,-1.));
#6851 = DIRECTION('',(-0.,-1.,0.));
#6852 = ADVANCED_FACE('',(#6853),#6864,.F.);
#6853 = FACE_BOUND('',#6854,.F.);
#6854 = EDGE_LOOP('',(#6855,#6861,#6862,#6863));
#6855 = ORIENTED_EDGE('',*,*,#6856,.T.);
#6856 = EDGE_CURVE('',#5613,#6149,#6857,.T.);
#6857 = LINE('',#6858,#6859);
#6858 = CARTESIAN_POINT('',(144.205,-117.325,-4.6E-02));
#6859 = VECTOR('',#6860,1.);
#6860 = DIRECTION('',(0.,0.,1.));
#6861 = ORIENTED_EDGE('',*,*,#6148,.T.);
#6862 = ORIENTED_EDGE('',*,*,#6856,.F.);
#6863 = ORIENTED_EDGE('',*,*,#5612,.F.);
#6864 = CYLINDRICAL_SURFACE('',#6865,0.5);
#6865 = AXIS2_PLACEMENT_3D('',#6866,#6867,#6868);
#6866 = CARTESIAN_POINT('',(144.205,-116.825,-4.6E-02));
#6867 = DIRECTION('',(-0.,-0.,-1.));
#6868 = DIRECTION('',(-0.,-1.,0.));
#6869 = ADVANCED_FACE('',(#6870),#6881,.F.);
#6870 = FACE_BOUND('',#6871,.F.);
#6871 = EDGE_LOOP('',(#6872,#6878,#6879,#6880));
#6872 = ORIENTED_EDGE('',*,*,#6873,.T.);
#6873 = EDGE_CURVE('',#5624,#6160,#6874,.T.);
#6874 = LINE('',#6875,#6876);
#6875 = CARTESIAN_POINT('',(140.,-112.65,-4.6E-02));
#6876 = VECTOR('',#6877,1.);
#6877 = DIRECTION('',(0.,0.,1.));
#6878 = ORIENTED_EDGE('',*,*,#6159,.T.);
#6879 = ORIENTED_EDGE('',*,*,#6873,.F.);
#6880 = ORIENTED_EDGE('',*,*,#5623,.F.);
#6881 = CYLINDRICAL_SURFACE('',#6882,0.4);
#6882 = AXIS2_PLACEMENT_3D('',#6883,#6884,#6885);
#6883 = CARTESIAN_POINT('',(140.,-112.25,-4.6E-02));
#6884 = DIRECTION('',(-0.,-0.,-1.));
#6885 = DIRECTION('',(-0.,-1.,0.));
#6886 = ADVANCED_FACE('',(#6887),#6898,.F.);
#6887 = FACE_BOUND('',#6888,.F.);
#6888 = EDGE_LOOP('',(#6889,#6895,#6896,#6897));
#6889 = ORIENTED_EDGE('',*,*,#6890,.T.);
#6890 = EDGE_CURVE('',#5635,#6171,#6891,.T.);
#6891 = LINE('',#6892,#6893);
#6892 = CARTESIAN_POINT('',(145.,-112.65,-4.6E-02));
#6893 = VECTOR('',#6894,1.);
#6894 = DIRECTION('',(0.,0.,1.));
#6895 = ORIENTED_EDGE('',*,*,#6170,.T.);
#6896 = ORIENTED_EDGE('',*,*,#6890,.F.);
#6897 = ORIENTED_EDGE('',*,*,#5634,.F.);
#6898 = CYLINDRICAL_SURFACE('',#6899,0.4);
#6899 = AXIS2_PLACEMENT_3D('',#6900,#6901,#6902);
#6900 = CARTESIAN_POINT('',(145.,-112.25,-4.6E-02));
#6901 = DIRECTION('',(-0.,-0.,-1.));
#6902 = DIRECTION('',(-0.,-1.,0.));
#6903 = ADVANCED_FACE('',(#6904),#6915,.F.);
#6904 = FACE_BOUND('',#6905,.F.);
#6905 = EDGE_LOOP('',(#6906,#6912,#6913,#6914));
#6906 = ORIENTED_EDGE('',*,*,#6907,.T.);
#6907 = EDGE_CURVE('',#5646,#6182,#6908,.T.);
#6908 = LINE('',#6909,#6910);
#6909 = CARTESIAN_POINT('',(75.5,-91.2,-4.6E-02));
#6910 = VECTOR('',#6911,1.);
#6911 = DIRECTION('',(0.,0.,1.));
#6912 = ORIENTED_EDGE('',*,*,#6181,.T.);
#6913 = ORIENTED_EDGE('',*,*,#6907,.F.);
#6914 = ORIENTED_EDGE('',*,*,#5645,.F.);
#6915 = CYLINDRICAL_SURFACE('',#6916,0.6);
#6916 = AXIS2_PLACEMENT_3D('',#6917,#6918,#6919);
#6917 = CARTESIAN_POINT('',(75.5,-90.6,-4.6E-02));
#6918 = DIRECTION('',(-0.,-0.,-1.));
#6919 = DIRECTION('',(-0.,-1.,0.));
#6920 = ADVANCED_FACE('',(#6921),#6932,.F.);
#6921 = FACE_BOUND('',#6922,.F.);
#6922 = EDGE_LOOP('',(#6923,#6929,#6930,#6931));
#6923 = ORIENTED_EDGE('',*,*,#6924,.T.);
#6924 = EDGE_CURVE('',#5657,#6193,#6925,.T.);
#6925 = LINE('',#6926,#6927);
#6926 = CARTESIAN_POINT('',(83.25,-77.58,-4.6E-02));
#6927 = VECTOR('',#6928,1.);
#6928 = DIRECTION('',(0.,0.,1.));
#6929 = ORIENTED_EDGE('',*,*,#6192,.T.);
#6930 = ORIENTED_EDGE('',*,*,#6924,.F.);
#6931 = ORIENTED_EDGE('',*,*,#5656,.F.);
#6932 = CYLINDRICAL_SURFACE('',#6933,0.5);
#6933 = AXIS2_PLACEMENT_3D('',#6934,#6935,#6936);
#6934 = CARTESIAN_POINT('',(83.25,-77.08,-4.6E-02));
#6935 = DIRECTION('',(-0.,-0.,-1.));
#6936 = DIRECTION('',(-0.,-1.,0.));
#6937 = ADVANCED_FACE('',(#6938),#6949,.F.);
#6938 = FACE_BOUND('',#6939,.F.);
#6939 = EDGE_LOOP('',(#6940,#6946,#6947,#6948));
#6940 = ORIENTED_EDGE('',*,*,#6941,.T.);
#6941 = EDGE_CURVE('',#5668,#6204,#6942,.T.);
#6942 = LINE('',#6943,#6944);
#6943 = CARTESIAN_POINT('',(83.25,-75.04,-4.6E-02));
#6944 = VECTOR('',#6945,1.);
#6945 = DIRECTION('',(0.,0.,1.));
#6946 = ORIENTED_EDGE('',*,*,#6203,.T.);
#6947 = ORIENTED_EDGE('',*,*,#6941,.F.);
#6948 = ORIENTED_EDGE('',*,*,#5667,.F.);
#6949 = CYLINDRICAL_SURFACE('',#6950,0.5);
#6950 = AXIS2_PLACEMENT_3D('',#6951,#6952,#6953);
#6951 = CARTESIAN_POINT('',(83.25,-74.54,-4.6E-02));
#6952 = DIRECTION('',(-0.,-0.,-1.));
#6953 = DIRECTION('',(-0.,-1.,0.));
#6954 = ADVANCED_FACE('',(#6955),#6966,.F.);
#6955 = FACE_BOUND('',#6956,.F.);
#6956 = EDGE_LOOP('',(#6957,#6963,#6964,#6965));
#6957 = ORIENTED_EDGE('',*,*,#6958,.T.);
#6958 = EDGE_CURVE('',#5679,#6215,#6959,.T.);
#6959 = LINE('',#6960,#6961);
#6960 = CARTESIAN_POINT('',(83.25,-72.5,-4.6E-02));
#6961 = VECTOR('',#6962,1.);
#6962 = DIRECTION('',(0.,0.,1.));
#6963 = ORIENTED_EDGE('',*,*,#6214,.T.);
#6964 = ORIENTED_EDGE('',*,*,#6958,.F.);
#6965 = ORIENTED_EDGE('',*,*,#5678,.F.);
#6966 = CYLINDRICAL_SURFACE('',#6967,0.5);
#6967 = AXIS2_PLACEMENT_3D('',#6968,#6969,#6970);
#6968 = CARTESIAN_POINT('',(83.25,-72.,-4.6E-02));
#6969 = DIRECTION('',(-0.,-0.,-1.));
#6970 = DIRECTION('',(-0.,-1.,0.));
#6971 = ADVANCED_FACE('',(#6972),#6983,.F.);
#6972 = FACE_BOUND('',#6973,.F.);
#6973 = EDGE_LOOP('',(#6974,#6980,#6981,#6982));
#6974 = ORIENTED_EDGE('',*,*,#6975,.T.);
#6975 = EDGE_CURVE('',#5690,#6226,#6976,.T.);
#6976 = LINE('',#6977,#6978);
#6977 = CARTESIAN_POINT('',(99.505,-69.065,-4.6E-02));
#6978 = VECTOR('',#6979,1.);
#6979 = DIRECTION('',(0.,0.,1.));
#6980 = ORIENTED_EDGE('',*,*,#6225,.T.);
#6981 = ORIENTED_EDGE('',*,*,#6975,.F.);
#6982 = ORIENTED_EDGE('',*,*,#5689,.F.);
#6983 = CYLINDRICAL_SURFACE('',#6984,0.5);
#6984 = AXIS2_PLACEMENT_3D('',#6985,#6986,#6987);
#6985 = CARTESIAN_POINT('',(99.505,-68.565,-4.6E-02));
#6986 = DIRECTION('',(-0.,-0.,-1.));
#6987 = DIRECTION('',(-0.,-1.,0.));
#6988 = ADVANCED_FACE('',(#6989),#7000,.F.);
#6989 = FACE_BOUND('',#6990,.F.);
#6990 = EDGE_LOOP('',(#6991,#6997,#6998,#6999));
#6991 = ORIENTED_EDGE('',*,*,#6992,.T.);
#6992 = EDGE_CURVE('',#5701,#6237,#6993,.T.);
#6993 = LINE('',#6994,#6995);
#6994 = CARTESIAN_POINT('',(102.045,-69.065,-4.6E-02));
#6995 = VECTOR('',#6996,1.);
#6996 = DIRECTION('',(0.,0.,1.));
#6997 = ORIENTED_EDGE('',*,*,#6236,.T.);
#6998 = ORIENTED_EDGE('',*,*,#6992,.F.);
#6999 = ORIENTED_EDGE('',*,*,#5700,.F.);
#7000 = CYLINDRICAL_SURFACE('',#7001,0.5);
#7001 = AXIS2_PLACEMENT_3D('',#7002,#7003,#7004);
#7002 = CARTESIAN_POINT('',(102.045,-68.565,-4.6E-02));
#7003 = DIRECTION('',(-0.,-0.,-1.));
#7004 = DIRECTION('',(-0.,-1.,0.));
#7005 = ADVANCED_FACE('',(#7006),#7017,.F.);
#7006 = FACE_BOUND('',#7007,.F.);
#7007 = EDGE_LOOP('',(#7008,#7014,#7015,#7016));
#7008 = ORIENTED_EDGE('',*,*,#7009,.T.);
#7009 = EDGE_CURVE('',#5712,#6248,#7010,.T.);
#7010 = LINE('',#7011,#7012);
#7011 = CARTESIAN_POINT('',(104.585,-69.065,-4.6E-02));
#7012 = VECTOR('',#7013,1.);
#7013 = DIRECTION('',(0.,0.,1.));
#7014 = ORIENTED_EDGE('',*,*,#6247,.T.);
#7015 = ORIENTED_EDGE('',*,*,#7009,.F.);
#7016 = ORIENTED_EDGE('',*,*,#5711,.F.);
#7017 = CYLINDRICAL_SURFACE('',#7018,0.5);
#7018 = AXIS2_PLACEMENT_3D('',#7019,#7020,#7021);
#7019 = CARTESIAN_POINT('',(104.585,-68.565,-4.6E-02));
#7020 = DIRECTION('',(-0.,-0.,-1.));
#7021 = DIRECTION('',(-0.,-1.,0.));
#7022 = ADVANCED_FACE('',(#7023),#7034,.F.);
#7023 = FACE_BOUND('',#7024,.F.);
#7024 = EDGE_LOOP('',(#7025,#7031,#7032,#7033));
#7025 = ORIENTED_EDGE('',*,*,#7026,.T.);
#7026 = EDGE_CURVE('',#5723,#6259,#7027,.T.);
#7027 = LINE('',#7028,#7029);
#7028 = CARTESIAN_POINT('',(107.125,-69.065,-4.6E-02));
#7029 = VECTOR('',#7030,1.);
#7030 = DIRECTION('',(0.,0.,1.));
#7031 = ORIENTED_EDGE('',*,*,#6258,.T.);
#7032 = ORIENTED_EDGE('',*,*,#7026,.F.);
#7033 = ORIENTED_EDGE('',*,*,#5722,.F.);
#7034 = CYLINDRICAL_SURFACE('',#7035,0.5);
#7035 = AXIS2_PLACEMENT_3D('',#7036,#7037,#7038);
#7036 = CARTESIAN_POINT('',(107.125,-68.565,-4.6E-02));
#7037 = DIRECTION('',(-0.,-0.,-1.));
#7038 = DIRECTION('',(-0.,-1.,0.));
#7039 = ADVANCED_FACE('',(#7040),#7051,.F.);
#7040 = FACE_BOUND('',#7041,.F.);
#7041 = EDGE_LOOP('',(#7042,#7048,#7049,#7050));
#7042 = ORIENTED_EDGE('',*,*,#7043,.T.);
#7043 = EDGE_CURVE('',#5734,#6270,#7044,.T.);
#7044 = LINE('',#7045,#7046);
#7045 = CARTESIAN_POINT('',(109.665,-69.065,-4.6E-02));
#7046 = VECTOR('',#7047,1.);
#7047 = DIRECTION('',(0.,0.,1.));
#7048 = ORIENTED_EDGE('',*,*,#6269,.T.);
#7049 = ORIENTED_EDGE('',*,*,#7043,.F.);
#7050 = ORIENTED_EDGE('',*,*,#5733,.F.);
#7051 = CYLINDRICAL_SURFACE('',#7052,0.5);
#7052 = AXIS2_PLACEMENT_3D('',#7053,#7054,#7055);
#7053 = CARTESIAN_POINT('',(109.665,-68.565,-4.6E-02));
#7054 = DIRECTION('',(-0.,-0.,-1.));
#7055 = DIRECTION('',(-0.,-1.,0.));
#7056 = ADVANCED_FACE('',(#7057),#7068,.F.);
#7057 = FACE_BOUND('',#7058,.F.);
#7058 = EDGE_LOOP('',(#7059,#7065,#7066,#7067));
#7059 = ORIENTED_EDGE('',*,*,#7060,.T.);
#7060 = EDGE_CURVE('',#5745,#6281,#7061,.T.);
#7061 = LINE('',#7062,#7063);
#7062 = CARTESIAN_POINT('',(112.205,-69.065,-4.6E-02));
#7063 = VECTOR('',#7064,1.);
#7064 = DIRECTION('',(0.,0.,1.));
#7065 = ORIENTED_EDGE('',*,*,#6280,.T.);
#7066 = ORIENTED_EDGE('',*,*,#7060,.F.);
#7067 = ORIENTED_EDGE('',*,*,#5744,.F.);
#7068 = CYLINDRICAL_SURFACE('',#7069,0.5);
#7069 = AXIS2_PLACEMENT_3D('',#7070,#7071,#7072);
#7070 = CARTESIAN_POINT('',(112.205,-68.565,-4.6E-02));
#7071 = DIRECTION('',(-0.,-0.,-1.));
#7072 = DIRECTION('',(-0.,-1.,0.));
#7073 = ADVANCED_FACE('',(#7074),#7085,.F.);
#7074 = FACE_BOUND('',#7075,.F.);
#7075 = EDGE_LOOP('',(#7076,#7082,#7083,#7084));
#7076 = ORIENTED_EDGE('',*,*,#7077,.T.);
#7077 = EDGE_CURVE('',#5756,#6292,#7078,.T.);
#7078 = LINE('',#7079,#7080);
#7079 = CARTESIAN_POINT('',(117.285,-69.065,-4.6E-02));
#7080 = VECTOR('',#7081,1.);
#7081 = DIRECTION('',(0.,0.,1.));
#7082 = ORIENTED_EDGE('',*,*,#6291,.T.);
#7083 = ORIENTED_EDGE('',*,*,#7077,.F.);
#7084 = ORIENTED_EDGE('',*,*,#5755,.F.);
#7085 = CYLINDRICAL_SURFACE('',#7086,0.5);
#7086 = AXIS2_PLACEMENT_3D('',#7087,#7088,#7089);
#7087 = CARTESIAN_POINT('',(117.285,-68.565,-4.6E-02));
#7088 = DIRECTION('',(-0.,-0.,-1.));
#7089 = DIRECTION('',(-0.,-1.,0.));
#7090 = ADVANCED_FACE('',(#7091),#7102,.F.);
#7091 = FACE_BOUND('',#7092,.F.);
#7092 = EDGE_LOOP('',(#7093,#7099,#7100,#7101));
#7093 = ORIENTED_EDGE('',*,*,#7094,.T.);
#7094 = EDGE_CURVE('',#5767,#6303,#7095,.T.);
#7095 = LINE('',#7096,#7097);
#7096 = CARTESIAN_POINT('',(119.825,-69.065,-4.6E-02));
#7097 = VECTOR('',#7098,1.);
#7098 = DIRECTION('',(0.,0.,1.));
#7099 = ORIENTED_EDGE('',*,*,#6302,.T.);
#7100 = ORIENTED_EDGE('',*,*,#7094,.F.);
#7101 = ORIENTED_EDGE('',*,*,#5766,.F.);
#7102 = CYLINDRICAL_SURFACE('',#7103,0.5);
#7103 = AXIS2_PLACEMENT_3D('',#7104,#7105,#7106);
#7104 = CARTESIAN_POINT('',(119.825,-68.565,-4.6E-02));
#7105 = DIRECTION('',(-0.,-0.,-1.));
#7106 = DIRECTION('',(-0.,-1.,0.));
#7107 = ADVANCED_FACE('',(#7108),#7119,.F.);
#7108 = FACE_BOUND('',#7109,.F.);
#7109 = EDGE_LOOP('',(#7110,#7116,#7117,#7118));
#7110 = ORIENTED_EDGE('',*,*,#7111,.T.);
#7111 = EDGE_CURVE('',#5778,#6314,#7112,.T.);
#7112 = LINE('',#7113,#7114);
#7113 = CARTESIAN_POINT('',(122.365,-69.065,-4.6E-02));
#7114 = VECTOR('',#7115,1.);
#7115 = DIRECTION('',(0.,0.,1.));
#7116 = ORIENTED_EDGE('',*,*,#6313,.T.);
#7117 = ORIENTED_EDGE('',*,*,#7111,.F.);
#7118 = ORIENTED_EDGE('',*,*,#5777,.F.);
#7119 = CYLINDRICAL_SURFACE('',#7120,0.5);
#7120 = AXIS2_PLACEMENT_3D('',#7121,#7122,#7123);
#7121 = CARTESIAN_POINT('',(122.365,-68.565,-4.6E-02));
#7122 = DIRECTION('',(-0.,-0.,-1.));
#7123 = DIRECTION('',(-0.,-1.,0.));
#7124 = ADVANCED_FACE('',(#7125),#7136,.F.);
#7125 = FACE_BOUND('',#7126,.F.);
#7126 = EDGE_LOOP('',(#7127,#7133,#7134,#7135));
#7127 = ORIENTED_EDGE('',*,*,#7128,.T.);
#7128 = EDGE_CURVE('',#5789,#6325,#7129,.T.);
#7129 = LINE('',#7130,#7131);
#7130 = CARTESIAN_POINT('',(124.905,-69.065,-4.6E-02));
#7131 = VECTOR('',#7132,1.);
#7132 = DIRECTION('',(0.,0.,1.));
#7133 = ORIENTED_EDGE('',*,*,#6324,.T.);
#7134 = ORIENTED_EDGE('',*,*,#7128,.F.);
#7135 = ORIENTED_EDGE('',*,*,#5788,.F.);
#7136 = CYLINDRICAL_SURFACE('',#7137,0.5);
#7137 = AXIS2_PLACEMENT_3D('',#7138,#7139,#7140);
#7138 = CARTESIAN_POINT('',(124.905,-68.565,-4.6E-02));
#7139 = DIRECTION('',(-0.,-0.,-1.));
#7140 = DIRECTION('',(-0.,-1.,0.));
#7141 = ADVANCED_FACE('',(#7142),#7153,.F.);
#7142 = FACE_BOUND('',#7143,.F.);
#7143 = EDGE_LOOP('',(#7144,#7150,#7151,#7152));
#7144 = ORIENTED_EDGE('',*,*,#7145,.T.);
#7145 = EDGE_CURVE('',#5800,#6336,#7146,.T.);
#7146 = LINE('',#7147,#7148);
#7147 = CARTESIAN_POINT('',(127.445,-69.065,-4.6E-02));
#7148 = VECTOR('',#7149,1.);
#7149 = DIRECTION('',(0.,0.,1.));
#7150 = ORIENTED_EDGE('',*,*,#6335,.T.);
#7151 = ORIENTED_EDGE('',*,*,#7145,.F.);
#7152 = ORIENTED_EDGE('',*,*,#5799,.F.);
#7153 = CYLINDRICAL_SURFACE('',#7154,0.5);
#7154 = AXIS2_PLACEMENT_3D('',#7155,#7156,#7157);
#7155 = CARTESIAN_POINT('',(127.445,-68.565,-4.6E-02));
#7156 = DIRECTION('',(-0.,-0.,-1.));
#7157 = DIRECTION('',(-0.,-1.,0.));
#7158 = ADVANCED_FACE('',(#7159),#7170,.F.);
#7159 = FACE_BOUND('',#7160,.F.);
#7160 = EDGE_LOOP('',(#7161,#7167,#7168,#7169));
#7161 = ORIENTED_EDGE('',*,*,#7162,.T.);
#7162 = EDGE_CURVE('',#5811,#6347,#7163,.T.);
#7163 = LINE('',#7164,#7165);
#7164 = CARTESIAN_POINT('',(129.985,-69.065,-4.6E-02));
#7165 = VECTOR('',#7166,1.);
#7166 = DIRECTION('',(0.,0.,1.));
#7167 = ORIENTED_EDGE('',*,*,#6346,.T.);
#7168 = ORIENTED_EDGE('',*,*,#7162,.F.);
#7169 = ORIENTED_EDGE('',*,*,#5810,.F.);
#7170 = CYLINDRICAL_SURFACE('',#7171,0.5);
#7171 = AXIS2_PLACEMENT_3D('',#7172,#7173,#7174);
#7172 = CARTESIAN_POINT('',(129.985,-68.565,-4.6E-02));
#7173 = DIRECTION('',(-0.,-0.,-1.));
#7174 = DIRECTION('',(-0.,-1.,0.));
#7175 = ADVANCED_FACE('',(#7176),#7187,.F.);
#7176 = FACE_BOUND('',#7177,.F.);
#7177 = EDGE_LOOP('',(#7178,#7184,#7185,#7186));
#7178 = ORIENTED_EDGE('',*,*,#7179,.T.);
#7179 = EDGE_CURVE('',#5822,#6358,#7180,.T.);
#7180 = LINE('',#7181,#7182);
#7181 = CARTESIAN_POINT('',(132.525,-69.065,-4.6E-02));
#7182 = VECTOR('',#7183,1.);
#7183 = DIRECTION('',(0.,0.,1.));
#7184 = ORIENTED_EDGE('',*,*,#6357,.T.);
#7185 = ORIENTED_EDGE('',*,*,#7179,.F.);
#7186 = ORIENTED_EDGE('',*,*,#5821,.F.);
#7187 = CYLINDRICAL_SURFACE('',#7188,0.5);
#7188 = AXIS2_PLACEMENT_3D('',#7189,#7190,#7191);
#7189 = CARTESIAN_POINT('',(132.525,-68.565,-4.6E-02));
#7190 = DIRECTION('',(-0.,-0.,-1.));
#7191 = DIRECTION('',(-0.,-1.,0.));
#7192 = ADVANCED_FACE('',(#7193),#7204,.F.);
#7193 = FACE_BOUND('',#7194,.F.);
#7194 = EDGE_LOOP('',(#7195,#7201,#7202,#7203));
#7195 = ORIENTED_EDGE('',*,*,#7196,.T.);
#7196 = EDGE_CURVE('',#5833,#6369,#7197,.T.);
#7197 = LINE('',#7198,#7199);
#7198 = CARTESIAN_POINT('',(135.065,-69.065,-4.6E-02));
#7199 = VECTOR('',#7200,1.);
#7200 = DIRECTION('',(0.,0.,1.));
#7201 = ORIENTED_EDGE('',*,*,#6368,.T.);
#7202 = ORIENTED_EDGE('',*,*,#7196,.F.);
#7203 = ORIENTED_EDGE('',*,*,#5832,.F.);
#7204 = CYLINDRICAL_SURFACE('',#7205,0.5);
#7205 = AXIS2_PLACEMENT_3D('',#7206,#7207,#7208);
#7206 = CARTESIAN_POINT('',(135.065,-68.565,-4.6E-02));
#7207 = DIRECTION('',(-0.,-0.,-1.));
#7208 = DIRECTION('',(-0.,-1.,0.));
#7209 = ( GEOMETRIC_REPRESENTATION_CONTEXT(3) 
GLOBAL_UNCERTAINTY_ASSIGNED_CONTEXT((#7213)) 
GLOBAL_UNIT_ASSIGNED_CONTEXT((#7210,#7211,#7212)) REPRESENTATION_CONTEXT
('Context #1','3D Context with UNIT and UNCERTAINTY') );
#7210 = ( LENGTH_UNIT() NAMED_UNIT(*) SI_UNIT(.MILLI.,.METRE.) );
#7211 = ( NAMED_UNIT(*) PLANE_ANGLE_UNIT() SI_UNIT($,.RADIAN.) );
#7212 = ( NAMED_UNIT(*) SI_UNIT($,.STERADIAN.) SOLID_ANGLE_UNIT() );
#7213 = UNCERTAINTY_MEASURE_WITH_UNIT(LENGTH_MEASURE(1.E-07),#7210,
  'distance_accuracy_value','confusion accuracy');
#7214 = CONTEXT_DEPENDENT_SHAPE_REPRESENTATION(#7215,#7217);
#7215 = ( REPRESENTATION_RELATIONSHIP('','',#5202,#10) 
REPRESENTATION_RELATIONSHIP_WITH_TRANSFORMATION(#7216) 
SHAPE_REPRESENTATION_RELATIONSHIP() );
#7216 = ITEM_DEFINED_TRANSFORMATION('','',#11,#31);
#7217 = PRODUCT_DEFINITION_SHAPE('Placement','Placement of an item',
  #7218);
#7218 = NEXT_ASSEMBLY_USAGE_OCCURRENCE('9','DesD4A8_PCB','',#5,#5197,$);
#7219 = PRODUCT_RELATED_PRODUCT_CATEGORY('part',$,(#5199));
#7220 = MECHANICAL_DESIGN_GEOMETRIC_PRESENTATION_REPRESENTATION('',(
    #7221,#7232,#7240,#7247,#7254,#7261,#7268,#7275,#7282,#7289,#7296,
    #7303,#7310,#7317,#7324,#7331,#7338,#7345,#7352,#7359,#7366,#7373,
    #7380,#7387,#7394,#7401,#7408,#7415,#7422,#7429,#7436,#7443,#7450,
    #7457,#7464,#7471,#7478,#7485,#7492,#7499,#7506,#7513,#7520,#7527,
    #7534,#7541,#7548,#7555,#7562,#7569,#7576,#7583,#7590,#7597,#7604),
  #2178);
#7221 = STYLED_ITEM('color',(#7222),#72);
#7222 = PRESENTATION_STYLE_ASSIGNMENT((#7223,#7229));
#7223 = SURFACE_STYLE_USAGE(.BOTH.,#7224);
#7224 = SURFACE_SIDE_STYLE('',(#7225));
#7225 = SURFACE_STYLE_FILL_AREA(#7226);
#7226 = FILL_AREA_STYLE('',(#7227));
#7227 = FILL_AREA_STYLE_COLOUR('',#7228);
#7228 = COLOUR_RGB('',0.149019617616,0.145098047169,0.145098047169);
#7229 = CURVE_STYLE('',#7230,POSITIVE_LENGTH_MEASURE(0.1),#7231);
#7230 = DRAUGHTING_PRE_DEFINED_CURVE_FONT('continuous');
#7231 = COLOUR_RGB('',9.803921802644E-02,9.803921802644E-02,
  9.803921802644E-02);
#7232 = OVER_RIDING_STYLED_ITEM('overriding color',(#7233),#954,#7221);
#7233 = PRESENTATION_STYLE_ASSIGNMENT((#7234));
#7234 = SURFACE_STYLE_USAGE(.BOTH.,#7235);
#7235 = SURFACE_SIDE_STYLE('',(#7236));
#7236 = SURFACE_STYLE_FILL_AREA(#7237);
#7237 = FILL_AREA_STYLE('',(#7238));
#7238 = FILL_AREA_STYLE_COLOUR('',#7239);
#7239 = COLOUR_RGB('',0.858823546443,0.737254912529,0.494117641438);
#7240 = OVER_RIDING_STYLED_ITEM('overriding color',(#7241),#985,#7221);
#7241 = PRESENTATION_STYLE_ASSIGNMENT((#7242));
#7242 = SURFACE_STYLE_USAGE(.BOTH.,#7243);
#7243 = SURFACE_SIDE_STYLE('',(#7244));
#7244 = SURFACE_STYLE_FILL_AREA(#7245);
#7245 = FILL_AREA_STYLE('',(#7246));
#7246 = FILL_AREA_STYLE_COLOUR('',#7239);
#7247 = OVER_RIDING_STYLED_ITEM('overriding color',(#7248),#1009,#7221);
#7248 = PRESENTATION_STYLE_ASSIGNMENT((#7249));
#7249 = SURFACE_STYLE_USAGE(.BOTH.,#7250);
#7250 = SURFACE_SIDE_STYLE('',(#7251));
#7251 = SURFACE_STYLE_FILL_AREA(#7252);
#7252 = FILL_AREA_STYLE('',(#7253));
#7253 = FILL_AREA_STYLE_COLOUR('',#7239);
#7254 = OVER_RIDING_STYLED_ITEM('overriding color',(#7255),#1033,#7221);
#7255 = PRESENTATION_STYLE_ASSIGNMENT((#7256));
#7256 = SURFACE_STYLE_USAGE(.BOTH.,#7257);
#7257 = SURFACE_SIDE_STYLE('',(#7258));
#7258 = SURFACE_STYLE_FILL_AREA(#7259);
#7259 = FILL_AREA_STYLE('',(#7260));
#7260 = FILL_AREA_STYLE_COLOUR('',#7239);
#7261 = OVER_RIDING_STYLED_ITEM('overriding color',(#7262),#1050,#7221);
#7262 = PRESENTATION_STYLE_ASSIGNMENT((#7263));
#7263 = SURFACE_STYLE_USAGE(.BOTH.,#7264);
#7264 = SURFACE_SIDE_STYLE('',(#7265));
#7265 = SURFACE_STYLE_FILL_AREA(#7266);
#7266 = FILL_AREA_STYLE('',(#7267));
#7267 = FILL_AREA_STYLE_COLOUR('',#7239);
#7268 = OVER_RIDING_STYLED_ITEM('overriding color',(#7269),#1081,#7221);
#7269 = PRESENTATION_STYLE_ASSIGNMENT((#7270));
#7270 = SURFACE_STYLE_USAGE(.BOTH.,#7271);
#7271 = SURFACE_SIDE_STYLE('',(#7272));
#7272 = SURFACE_STYLE_FILL_AREA(#7273);
#7273 = FILL_AREA_STYLE('',(#7274));
#7274 = FILL_AREA_STYLE_COLOUR('',#7239);
#7275 = OVER_RIDING_STYLED_ITEM('overriding color',(#7276),#1105,#7221);
#7276 = PRESENTATION_STYLE_ASSIGNMENT((#7277));
#7277 = SURFACE_STYLE_USAGE(.BOTH.,#7278);
#7278 = SURFACE_SIDE_STYLE('',(#7279));
#7279 = SURFACE_STYLE_FILL_AREA(#7280);
#7280 = FILL_AREA_STYLE('',(#7281));
#7281 = FILL_AREA_STYLE_COLOUR('',#7239);
#7282 = OVER_RIDING_STYLED_ITEM('overriding color',(#7283),#1129,#7221);
#7283 = PRESENTATION_STYLE_ASSIGNMENT((#7284));
#7284 = SURFACE_STYLE_USAGE(.BOTH.,#7285);
#7285 = SURFACE_SIDE_STYLE('',(#7286));
#7286 = SURFACE_STYLE_FILL_AREA(#7287);
#7287 = FILL_AREA_STYLE('',(#7288));
#7288 = FILL_AREA_STYLE_COLOUR('',#7239);
#7289 = OVER_RIDING_STYLED_ITEM('overriding color',(#7290),#1146,#7221);
#7290 = PRESENTATION_STYLE_ASSIGNMENT((#7291));
#7291 = SURFACE_STYLE_USAGE(.BOTH.,#7292);
#7292 = SURFACE_SIDE_STYLE('',(#7293));
#7293 = SURFACE_STYLE_FILL_AREA(#7294);
#7294 = FILL_AREA_STYLE('',(#7295));
#7295 = FILL_AREA_STYLE_COLOUR('',#7239);
#7296 = OVER_RIDING_STYLED_ITEM('overriding color',(#7297),#1177,#7221);
#7297 = PRESENTATION_STYLE_ASSIGNMENT((#7298));
#7298 = SURFACE_STYLE_USAGE(.BOTH.,#7299);
#7299 = SURFACE_SIDE_STYLE('',(#7300));
#7300 = SURFACE_STYLE_FILL_AREA(#7301);
#7301 = FILL_AREA_STYLE('',(#7302));
#7302 = FILL_AREA_STYLE_COLOUR('',#7239);
#7303 = OVER_RIDING_STYLED_ITEM('overriding color',(#7304),#1201,#7221);
#7304 = PRESENTATION_STYLE_ASSIGNMENT((#7305));
#7305 = SURFACE_STYLE_USAGE(.BOTH.,#7306);
#7306 = SURFACE_SIDE_STYLE('',(#7307));
#7307 = SURFACE_STYLE_FILL_AREA(#7308);
#7308 = FILL_AREA_STYLE('',(#7309));
#7309 = FILL_AREA_STYLE_COLOUR('',#7239);
#7310 = OVER_RIDING_STYLED_ITEM('overriding color',(#7311),#1225,#7221);
#7311 = PRESENTATION_STYLE_ASSIGNMENT((#7312));
#7312 = SURFACE_STYLE_USAGE(.BOTH.,#7313);
#7313 = SURFACE_SIDE_STYLE('',(#7314));
#7314 = SURFACE_STYLE_FILL_AREA(#7315);
#7315 = FILL_AREA_STYLE('',(#7316));
#7316 = FILL_AREA_STYLE_COLOUR('',#7239);
#7317 = OVER_RIDING_STYLED_ITEM('overriding color',(#7318),#1242,#7221);
#7318 = PRESENTATION_STYLE_ASSIGNMENT((#7319));
#7319 = SURFACE_STYLE_USAGE(.BOTH.,#7320);
#7320 = SURFACE_SIDE_STYLE('',(#7321));
#7321 = SURFACE_STYLE_FILL_AREA(#7322);
#7322 = FILL_AREA_STYLE('',(#7323));
#7323 = FILL_AREA_STYLE_COLOUR('',#7239);
#7324 = OVER_RIDING_STYLED_ITEM('overriding color',(#7325),#1273,#7221);
#7325 = PRESENTATION_STYLE_ASSIGNMENT((#7326));
#7326 = SURFACE_STYLE_USAGE(.BOTH.,#7327);
#7327 = SURFACE_SIDE_STYLE('',(#7328));
#7328 = SURFACE_STYLE_FILL_AREA(#7329);
#7329 = FILL_AREA_STYLE('',(#7330));
#7330 = FILL_AREA_STYLE_COLOUR('',#7239);
#7331 = OVER_RIDING_STYLED_ITEM('overriding color',(#7332),#1297,#7221);
#7332 = PRESENTATION_STYLE_ASSIGNMENT((#7333));
#7333 = SURFACE_STYLE_USAGE(.BOTH.,#7334);
#7334 = SURFACE_SIDE_STYLE('',(#7335));
#7335 = SURFACE_STYLE_FILL_AREA(#7336);
#7336 = FILL_AREA_STYLE('',(#7337));
#7337 = FILL_AREA_STYLE_COLOUR('',#7239);
#7338 = OVER_RIDING_STYLED_ITEM('overriding color',(#7339),#1321,#7221);
#7339 = PRESENTATION_STYLE_ASSIGNMENT((#7340));
#7340 = SURFACE_STYLE_USAGE(.BOTH.,#7341);
#7341 = SURFACE_SIDE_STYLE('',(#7342));
#7342 = SURFACE_STYLE_FILL_AREA(#7343);
#7343 = FILL_AREA_STYLE('',(#7344));
#7344 = FILL_AREA_STYLE_COLOUR('',#7239);
#7345 = OVER_RIDING_STYLED_ITEM('overriding color',(#7346),#1338,#7221);
#7346 = PRESENTATION_STYLE_ASSIGNMENT((#7347));
#7347 = SURFACE_STYLE_USAGE(.BOTH.,#7348);
#7348 = SURFACE_SIDE_STYLE('',(#7349));
#7349 = SURFACE_STYLE_FILL_AREA(#7350);
#7350 = FILL_AREA_STYLE('',(#7351));
#7351 = FILL_AREA_STYLE_COLOUR('',#7239);
#7352 = OVER_RIDING_STYLED_ITEM('overriding color',(#7353),#1369,#7221);
#7353 = PRESENTATION_STYLE_ASSIGNMENT((#7354));
#7354 = SURFACE_STYLE_USAGE(.BOTH.,#7355);
#7355 = SURFACE_SIDE_STYLE('',(#7356));
#7356 = SURFACE_STYLE_FILL_AREA(#7357);
#7357 = FILL_AREA_STYLE('',(#7358));
#7358 = FILL_AREA_STYLE_COLOUR('',#7239);
#7359 = OVER_RIDING_STYLED_ITEM('overriding color',(#7360),#1393,#7221);
#7360 = PRESENTATION_STYLE_ASSIGNMENT((#7361));
#7361 = SURFACE_STYLE_USAGE(.BOTH.,#7362);
#7362 = SURFACE_SIDE_STYLE('',(#7363));
#7363 = SURFACE_STYLE_FILL_AREA(#7364);
#7364 = FILL_AREA_STYLE('',(#7365));
#7365 = FILL_AREA_STYLE_COLOUR('',#7239);
#7366 = OVER_RIDING_STYLED_ITEM('overriding color',(#7367),#1417,#7221);
#7367 = PRESENTATION_STYLE_ASSIGNMENT((#7368));
#7368 = SURFACE_STYLE_USAGE(.BOTH.,#7369);
#7369 = SURFACE_SIDE_STYLE('',(#7370));
#7370 = SURFACE_STYLE_FILL_AREA(#7371);
#7371 = FILL_AREA_STYLE('',(#7372));
#7372 = FILL_AREA_STYLE_COLOUR('',#7239);
#7373 = OVER_RIDING_STYLED_ITEM('overriding color',(#7374),#1434,#7221);
#7374 = PRESENTATION_STYLE_ASSIGNMENT((#7375));
#7375 = SURFACE_STYLE_USAGE(.BOTH.,#7376);
#7376 = SURFACE_SIDE_STYLE('',(#7377));
#7377 = SURFACE_STYLE_FILL_AREA(#7378);
#7378 = FILL_AREA_STYLE('',(#7379));
#7379 = FILL_AREA_STYLE_COLOUR('',#7239);
#7380 = OVER_RIDING_STYLED_ITEM('overriding color',(#7381),#1465,#7221);
#7381 = PRESENTATION_STYLE_ASSIGNMENT((#7382));
#7382 = SURFACE_STYLE_USAGE(.BOTH.,#7383);
#7383 = SURFACE_SIDE_STYLE('',(#7384));
#7384 = SURFACE_STYLE_FILL_AREA(#7385);
#7385 = FILL_AREA_STYLE('',(#7386));
#7386 = FILL_AREA_STYLE_COLOUR('',#7239);
#7387 = OVER_RIDING_STYLED_ITEM('overriding color',(#7388),#1489,#7221);
#7388 = PRESENTATION_STYLE_ASSIGNMENT((#7389));
#7389 = SURFACE_STYLE_USAGE(.BOTH.,#7390);
#7390 = SURFACE_SIDE_STYLE('',(#7391));
#7391 = SURFACE_STYLE_FILL_AREA(#7392);
#7392 = FILL_AREA_STYLE('',(#7393));
#7393 = FILL_AREA_STYLE_COLOUR('',#7239);
#7394 = OVER_RIDING_STYLED_ITEM('overriding color',(#7395),#1513,#7221);
#7395 = PRESENTATION_STYLE_ASSIGNMENT((#7396));
#7396 = SURFACE_STYLE_USAGE(.BOTH.,#7397);
#7397 = SURFACE_SIDE_STYLE('',(#7398));
#7398 = SURFACE_STYLE_FILL_AREA(#7399);
#7399 = FILL_AREA_STYLE('',(#7400));
#7400 = FILL_AREA_STYLE_COLOUR('',#7239);
#7401 = OVER_RIDING_STYLED_ITEM('overriding color',(#7402),#1530,#7221);
#7402 = PRESENTATION_STYLE_ASSIGNMENT((#7403));
#7403 = SURFACE_STYLE_USAGE(.BOTH.,#7404);
#7404 = SURFACE_SIDE_STYLE('',(#7405));
#7405 = SURFACE_STYLE_FILL_AREA(#7406);
#7406 = FILL_AREA_STYLE('',(#7407));
#7407 = FILL_AREA_STYLE_COLOUR('',#7239);
#7408 = OVER_RIDING_STYLED_ITEM('overriding color',(#7409),#1561,#7221);
#7409 = PRESENTATION_STYLE_ASSIGNMENT((#7410));
#7410 = SURFACE_STYLE_USAGE(.BOTH.,#7411);
#7411 = SURFACE_SIDE_STYLE('',(#7412));
#7412 = SURFACE_STYLE_FILL_AREA(#7413);
#7413 = FILL_AREA_STYLE('',(#7414));
#7414 = FILL_AREA_STYLE_COLOUR('',#7239);
#7415 = OVER_RIDING_STYLED_ITEM('overriding color',(#7416),#1585,#7221);
#7416 = PRESENTATION_STYLE_ASSIGNMENT((#7417));
#7417 = SURFACE_STYLE_USAGE(.BOTH.,#7418);
#7418 = SURFACE_SIDE_STYLE('',(#7419));
#7419 = SURFACE_STYLE_FILL_AREA(#7420);
#7420 = FILL_AREA_STYLE('',(#7421));
#7421 = FILL_AREA_STYLE_COLOUR('',#7239);
#7422 = OVER_RIDING_STYLED_ITEM('overriding color',(#7423),#1609,#7221);
#7423 = PRESENTATION_STYLE_ASSIGNMENT((#7424));
#7424 = SURFACE_STYLE_USAGE(.BOTH.,#7425);
#7425 = SURFACE_SIDE_STYLE('',(#7426));
#7426 = SURFACE_STYLE_FILL_AREA(#7427);
#7427 = FILL_AREA_STYLE('',(#7428));
#7428 = FILL_AREA_STYLE_COLOUR('',#7239);
#7429 = OVER_RIDING_STYLED_ITEM('overriding color',(#7430),#1626,#7221);
#7430 = PRESENTATION_STYLE_ASSIGNMENT((#7431));
#7431 = SURFACE_STYLE_USAGE(.BOTH.,#7432);
#7432 = SURFACE_SIDE_STYLE('',(#7433));
#7433 = SURFACE_STYLE_FILL_AREA(#7434);
#7434 = FILL_AREA_STYLE('',(#7435));
#7435 = FILL_AREA_STYLE_COLOUR('',#7239);
#7436 = OVER_RIDING_STYLED_ITEM('overriding color',(#7437),#1657,#7221);
#7437 = PRESENTATION_STYLE_ASSIGNMENT((#7438));
#7438 = SURFACE_STYLE_USAGE(.BOTH.,#7439);
#7439 = SURFACE_SIDE_STYLE('',(#7440));
#7440 = SURFACE_STYLE_FILL_AREA(#7441);
#7441 = FILL_AREA_STYLE('',(#7442));
#7442 = FILL_AREA_STYLE_COLOUR('',#7239);
#7443 = OVER_RIDING_STYLED_ITEM('overriding color',(#7444),#1681,#7221);
#7444 = PRESENTATION_STYLE_ASSIGNMENT((#7445));
#7445 = SURFACE_STYLE_USAGE(.BOTH.,#7446);
#7446 = SURFACE_SIDE_STYLE('',(#7447));
#7447 = SURFACE_STYLE_FILL_AREA(#7448);
#7448 = FILL_AREA_STYLE('',(#7449));
#7449 = FILL_AREA_STYLE_COLOUR('',#7239);
#7450 = OVER_RIDING_STYLED_ITEM('overriding color',(#7451),#1705,#7221);
#7451 = PRESENTATION_STYLE_ASSIGNMENT((#7452));
#7452 = SURFACE_STYLE_USAGE(.BOTH.,#7453);
#7453 = SURFACE_SIDE_STYLE('',(#7454));
#7454 = SURFACE_STYLE_FILL_AREA(#7455);
#7455 = FILL_AREA_STYLE('',(#7456));
#7456 = FILL_AREA_STYLE_COLOUR('',#7239);
#7457 = OVER_RIDING_STYLED_ITEM('overriding color',(#7458),#1722,#7221);
#7458 = PRESENTATION_STYLE_ASSIGNMENT((#7459));
#7459 = SURFACE_STYLE_USAGE(.BOTH.,#7460);
#7460 = SURFACE_SIDE_STYLE('',(#7461));
#7461 = SURFACE_STYLE_FILL_AREA(#7462);
#7462 = FILL_AREA_STYLE('',(#7463));
#7463 = FILL_AREA_STYLE_COLOUR('',#7239);
#7464 = OVER_RIDING_STYLED_ITEM('overriding color',(#7465),#1753,#7221);
#7465 = PRESENTATION_STYLE_ASSIGNMENT((#7466));
#7466 = SURFACE_STYLE_USAGE(.BOTH.,#7467);
#7467 = SURFACE_SIDE_STYLE('',(#7468));
#7468 = SURFACE_STYLE_FILL_AREA(#7469);
#7469 = FILL_AREA_STYLE('',(#7470));
#7470 = FILL_AREA_STYLE_COLOUR('',#7239);
#7471 = OVER_RIDING_STYLED_ITEM('overriding color',(#7472),#1777,#7221);
#7472 = PRESENTATION_STYLE_ASSIGNMENT((#7473));
#7473 = SURFACE_STYLE_USAGE(.BOTH.,#7474);
#7474 = SURFACE_SIDE_STYLE('',(#7475));
#7475 = SURFACE_STYLE_FILL_AREA(#7476);
#7476 = FILL_AREA_STYLE('',(#7477));
#7477 = FILL_AREA_STYLE_COLOUR('',#7239);
#7478 = OVER_RIDING_STYLED_ITEM('overriding color',(#7479),#1801,#7221);
#7479 = PRESENTATION_STYLE_ASSIGNMENT((#7480));
#7480 = SURFACE_STYLE_USAGE(.BOTH.,#7481);
#7481 = SURFACE_SIDE_STYLE('',(#7482));
#7482 = SURFACE_STYLE_FILL_AREA(#7483);
#7483 = FILL_AREA_STYLE('',(#7484));
#7484 = FILL_AREA_STYLE_COLOUR('',#7239);
#7485 = OVER_RIDING_STYLED_ITEM('overriding color',(#7486),#1818,#7221);
#7486 = PRESENTATION_STYLE_ASSIGNMENT((#7487));
#7487 = SURFACE_STYLE_USAGE(.BOTH.,#7488);
#7488 = SURFACE_SIDE_STYLE('',(#7489));
#7489 = SURFACE_STYLE_FILL_AREA(#7490);
#7490 = FILL_AREA_STYLE('',(#7491));
#7491 = FILL_AREA_STYLE_COLOUR('',#7239);
#7492 = OVER_RIDING_STYLED_ITEM('overriding color',(#7493),#1849,#7221);
#7493 = PRESENTATION_STYLE_ASSIGNMENT((#7494));
#7494 = SURFACE_STYLE_USAGE(.BOTH.,#7495);
#7495 = SURFACE_SIDE_STYLE('',(#7496));
#7496 = SURFACE_STYLE_FILL_AREA(#7497);
#7497 = FILL_AREA_STYLE('',(#7498));
#7498 = FILL_AREA_STYLE_COLOUR('',#7239);
#7499 = OVER_RIDING_STYLED_ITEM('overriding color',(#7500),#1873,#7221);
#7500 = PRESENTATION_STYLE_ASSIGNMENT((#7501));
#7501 = SURFACE_STYLE_USAGE(.BOTH.,#7502);
#7502 = SURFACE_SIDE_STYLE('',(#7503));
#7503 = SURFACE_STYLE_FILL_AREA(#7504);
#7504 = FILL_AREA_STYLE('',(#7505));
#7505 = FILL_AREA_STYLE_COLOUR('',#7239);
#7506 = OVER_RIDING_STYLED_ITEM('overriding color',(#7507),#1897,#7221);
#7507 = PRESENTATION_STYLE_ASSIGNMENT((#7508));
#7508 = SURFACE_STYLE_USAGE(.BOTH.,#7509);
#7509 = SURFACE_SIDE_STYLE('',(#7510));
#7510 = SURFACE_STYLE_FILL_AREA(#7511);
#7511 = FILL_AREA_STYLE('',(#7512));
#7512 = FILL_AREA_STYLE_COLOUR('',#7239);
#7513 = OVER_RIDING_STYLED_ITEM('overriding color',(#7514),#1914,#7221);
#7514 = PRESENTATION_STYLE_ASSIGNMENT((#7515));
#7515 = SURFACE_STYLE_USAGE(.BOTH.,#7516);
#7516 = SURFACE_SIDE_STYLE('',(#7517));
#7517 = SURFACE_STYLE_FILL_AREA(#7518);
#7518 = FILL_AREA_STYLE('',(#7519));
#7519 = FILL_AREA_STYLE_COLOUR('',#7239);
#7520 = OVER_RIDING_STYLED_ITEM('overriding color',(#7521),#1945,#7221);
#7521 = PRESENTATION_STYLE_ASSIGNMENT((#7522));
#7522 = SURFACE_STYLE_USAGE(.BOTH.,#7523);
#7523 = SURFACE_SIDE_STYLE('',(#7524));
#7524 = SURFACE_STYLE_FILL_AREA(#7525);
#7525 = FILL_AREA_STYLE('',(#7526));
#7526 = FILL_AREA_STYLE_COLOUR('',#7239);
#7527 = OVER_RIDING_STYLED_ITEM('overriding color',(#7528),#1969,#7221);
#7528 = PRESENTATION_STYLE_ASSIGNMENT((#7529));
#7529 = SURFACE_STYLE_USAGE(.BOTH.,#7530);
#7530 = SURFACE_SIDE_STYLE('',(#7531));
#7531 = SURFACE_STYLE_FILL_AREA(#7532);
#7532 = FILL_AREA_STYLE('',(#7533));
#7533 = FILL_AREA_STYLE_COLOUR('',#7239);
#7534 = OVER_RIDING_STYLED_ITEM('overriding color',(#7535),#1993,#7221);
#7535 = PRESENTATION_STYLE_ASSIGNMENT((#7536));
#7536 = SURFACE_STYLE_USAGE(.BOTH.,#7537);
#7537 = SURFACE_SIDE_STYLE('',(#7538));
#7538 = SURFACE_STYLE_FILL_AREA(#7539);
#7539 = FILL_AREA_STYLE('',(#7540));
#7540 = FILL_AREA_STYLE_COLOUR('',#7239);
#7541 = OVER_RIDING_STYLED_ITEM('overriding color',(#7542),#2010,#7221);
#7542 = PRESENTATION_STYLE_ASSIGNMENT((#7543));
#7543 = SURFACE_STYLE_USAGE(.BOTH.,#7544);
#7544 = SURFACE_SIDE_STYLE('',(#7545));
#7545 = SURFACE_STYLE_FILL_AREA(#7546);
#7546 = FILL_AREA_STYLE('',(#7547));
#7547 = FILL_AREA_STYLE_COLOUR('',#7239);
#7548 = OVER_RIDING_STYLED_ITEM('overriding color',(#7549),#2041,#7221);
#7549 = PRESENTATION_STYLE_ASSIGNMENT((#7550));
#7550 = SURFACE_STYLE_USAGE(.BOTH.,#7551);
#7551 = SURFACE_SIDE_STYLE('',(#7552));
#7552 = SURFACE_STYLE_FILL_AREA(#7553);
#7553 = FILL_AREA_STYLE('',(#7554));
#7554 = FILL_AREA_STYLE_COLOUR('',#7239);
#7555 = OVER_RIDING_STYLED_ITEM('overriding color',(#7556),#2065,#7221);
#7556 = PRESENTATION_STYLE_ASSIGNMENT((#7557));
#7557 = SURFACE_STYLE_USAGE(.BOTH.,#7558);
#7558 = SURFACE_SIDE_STYLE('',(#7559));
#7559 = SURFACE_STYLE_FILL_AREA(#7560);
#7560 = FILL_AREA_STYLE('',(#7561));
#7561 = FILL_AREA_STYLE_COLOUR('',#7239);
#7562 = OVER_RIDING_STYLED_ITEM('overriding color',(#7563),#2089,#7221);
#7563 = PRESENTATION_STYLE_ASSIGNMENT((#7564));
#7564 = SURFACE_STYLE_USAGE(.BOTH.,#7565);
#7565 = SURFACE_SIDE_STYLE('',(#7566));
#7566 = SURFACE_STYLE_FILL_AREA(#7567);
#7567 = FILL_AREA_STYLE('',(#7568));
#7568 = FILL_AREA_STYLE_COLOUR('',#7239);
#7569 = OVER_RIDING_STYLED_ITEM('overriding color',(#7570),#2106,#7221);
#7570 = PRESENTATION_STYLE_ASSIGNMENT((#7571));
#7571 = SURFACE_STYLE_USAGE(.BOTH.,#7572);
#7572 = SURFACE_SIDE_STYLE('',(#7573));
#7573 = SURFACE_STYLE_FILL_AREA(#7574);
#7574 = FILL_AREA_STYLE('',(#7575));
#7575 = FILL_AREA_STYLE_COLOUR('',#7239);
#7576 = OVER_RIDING_STYLED_ITEM('overriding color',(#7577),#2118,#7221);
#7577 = PRESENTATION_STYLE_ASSIGNMENT((#7578));
#7578 = SURFACE_STYLE_USAGE(.BOTH.,#7579);
#7579 = SURFACE_SIDE_STYLE('',(#7580));
#7580 = SURFACE_STYLE_FILL_AREA(#7581);
#7581 = FILL_AREA_STYLE('',(#7582));
#7582 = FILL_AREA_STYLE_COLOUR('',#7239);
#7583 = OVER_RIDING_STYLED_ITEM('overriding color',(#7584),#2130,#7221);
#7584 = PRESENTATION_STYLE_ASSIGNMENT((#7585));
#7585 = SURFACE_STYLE_USAGE(.BOTH.,#7586);
#7586 = SURFACE_SIDE_STYLE('',(#7587));
#7587 = SURFACE_STYLE_FILL_AREA(#7588);
#7588 = FILL_AREA_STYLE('',(#7589));
#7589 = FILL_AREA_STYLE_COLOUR('',#7239);
#7590 = OVER_RIDING_STYLED_ITEM('overriding color',(#7591),#2142,#7221);
#7591 = PRESENTATION_STYLE_ASSIGNMENT((#7592));
#7592 = SURFACE_STYLE_USAGE(.BOTH.,#7593);
#7593 = SURFACE_SIDE_STYLE('',(#7594));
#7594 = SURFACE_STYLE_FILL_AREA(#7595);
#7595 = FILL_AREA_STYLE('',(#7596));
#7596 = FILL_AREA_STYLE_COLOUR('',#7239);
#7597 = OVER_RIDING_STYLED_ITEM('overriding color',(#7598),#2154,#7221);
#7598 = PRESENTATION_STYLE_ASSIGNMENT((#7599));
#7599 = SURFACE_STYLE_USAGE(.BOTH.,#7600);
#7600 = SURFACE_SIDE_STYLE('',(#7601));
#7601 = SURFACE_STYLE_FILL_AREA(#7602);
#7602 = FILL_AREA_STYLE('',(#7603));
#7603 = FILL_AREA_STYLE_COLOUR('',#7239);
#7604 = OVER_RIDING_STYLED_ITEM('overriding color',(#7605),#2166,#7221);
#7605 = PRESENTATION_STYLE_ASSIGNMENT((#7606));
#7606 = SURFACE_STYLE_USAGE(.BOTH.,#7607);
#7607 = SURFACE_SIDE_STYLE('',(#7608));
#7608 = SURFACE_STYLE_FILL_AREA(#7609);
#7609 = FILL_AREA_STYLE('',(#7610));
#7610 = FILL_AREA_STYLE_COLOUR('',#7239);
#7611 = MECHANICAL_DESIGN_GEOMETRIC_PRESENTATION_REPRESENTATION('',(
    #7612),#7209);
#7612 = STYLED_ITEM('color',(#7613),#5203);
#7613 = PRESENTATION_STYLE_ASSIGNMENT((#7614,#7620));
#7614 = SURFACE_STYLE_USAGE(.BOTH.,#7615);
#7615 = SURFACE_SIDE_STYLE('',(#7616));
#7616 = SURFACE_STYLE_FILL_AREA(#7617);
#7617 = FILL_AREA_STYLE('',(#7618));
#7618 = FILL_AREA_STYLE_COLOUR('',#7619);
#7619 = COLOUR_RGB('',0.313725504135,0.486274506065,0.411764706019);
#7620 = CURVE_STYLE('',#7621,POSITIVE_LENGTH_MEASURE(0.1),#7231);
#7621 = DRAUGHTING_PRE_DEFINED_CURVE_FONT('continuous');
#7622 = MECHANICAL_DESIGN_GEOMETRIC_PRESENTATION_REPRESENTATION('',(
    #7623,#7632,#7639,#7646,#7653,#7660,#7667,#7674,#7681,#7688,#7695,
    #7702,#7709,#7716,#7723,#7730,#7737,#7744,#7751,#7758,#7765,#7772,
    #7779,#7786,#7793,#7800,#7807,#7814,#7821,#7828,#7835,#7842,#7849,
    #7856,#7863,#7870,#7877,#7884,#7891,#7898,#7905,#7912,#7919,#7926,
    #7933,#7940,#7947,#7954,#7961,#7968,#7975,#7982,#7989,#7996,#8003),
  #5184);
#7623 = STYLED_ITEM('color',(#7624),#3078);
#7624 = PRESENTATION_STYLE_ASSIGNMENT((#7625,#7630));
#7625 = SURFACE_STYLE_USAGE(.BOTH.,#7626);
#7626 = SURFACE_SIDE_STYLE('',(#7627));
#7627 = SURFACE_STYLE_FILL_AREA(#7628);
#7628 = FILL_AREA_STYLE('',(#7629));
#7629 = FILL_AREA_STYLE_COLOUR('',#7228);
#7630 = CURVE_STYLE('',#7631,POSITIVE_LENGTH_MEASURE(0.1),#7231);
#7631 = DRAUGHTING_PRE_DEFINED_CURVE_FONT('continuous');
#7632 = OVER_RIDING_STYLED_ITEM('overriding color',(#7633),#3960,#7623);
#7633 = PRESENTATION_STYLE_ASSIGNMENT((#7634));
#7634 = SURFACE_STYLE_USAGE(.BOTH.,#7635);
#7635 = SURFACE_SIDE_STYLE('',(#7636));
#7636 = SURFACE_STYLE_FILL_AREA(#7637);
#7637 = FILL_AREA_STYLE('',(#7638));
#7638 = FILL_AREA_STYLE_COLOUR('',#7239);
#7639 = OVER_RIDING_STYLED_ITEM('overriding color',(#7640),#3991,#7623);
#7640 = PRESENTATION_STYLE_ASSIGNMENT((#7641));
#7641 = SURFACE_STYLE_USAGE(.BOTH.,#7642);
#7642 = SURFACE_SIDE_STYLE('',(#7643));
#7643 = SURFACE_STYLE_FILL_AREA(#7644);
#7644 = FILL_AREA_STYLE('',(#7645));
#7645 = FILL_AREA_STYLE_COLOUR('',#7239);
#7646 = OVER_RIDING_STYLED_ITEM('overriding color',(#7647),#4015,#7623);
#7647 = PRESENTATION_STYLE_ASSIGNMENT((#7648));
#7648 = SURFACE_STYLE_USAGE(.BOTH.,#7649);
#7649 = SURFACE_SIDE_STYLE('',(#7650));
#7650 = SURFACE_STYLE_FILL_AREA(#7651);
#7651 = FILL_AREA_STYLE('',(#7652));
#7652 = FILL_AREA_STYLE_COLOUR('',#7239);
#7653 = OVER_RIDING_STYLED_ITEM('overriding color',(#7654),#4039,#7623);
#7654 = PRESENTATION_STYLE_ASSIGNMENT((#7655));
#7655 = SURFACE_STYLE_USAGE(.BOTH.,#7656);
#7656 = SURFACE_SIDE_STYLE('',(#7657));
#7657 = SURFACE_STYLE_FILL_AREA(#7658);
#7658 = FILL_AREA_STYLE('',(#7659));
#7659 = FILL_AREA_STYLE_COLOUR('',#7239);
#7660 = OVER_RIDING_STYLED_ITEM('overriding color',(#7661),#4056,#7623);
#7661 = PRESENTATION_STYLE_ASSIGNMENT((#7662));
#7662 = SURFACE_STYLE_USAGE(.BOTH.,#7663);
#7663 = SURFACE_SIDE_STYLE('',(#7664));
#7664 = SURFACE_STYLE_FILL_AREA(#7665);
#7665 = FILL_AREA_STYLE('',(#7666));
#7666 = FILL_AREA_STYLE_COLOUR('',#7239);
#7667 = OVER_RIDING_STYLED_ITEM('overriding color',(#7668),#4087,#7623);
#7668 = PRESENTATION_STYLE_ASSIGNMENT((#7669));
#7669 = SURFACE_STYLE_USAGE(.BOTH.,#7670);
#7670 = SURFACE_SIDE_STYLE('',(#7671));
#7671 = SURFACE_STYLE_FILL_AREA(#7672);
#7672 = FILL_AREA_STYLE('',(#7673));
#7673 = FILL_AREA_STYLE_COLOUR('',#7239);
#7674 = OVER_RIDING_STYLED_ITEM('overriding color',(#7675),#4111,#7623);
#7675 = PRESENTATION_STYLE_ASSIGNMENT((#7676));
#7676 = SURFACE_STYLE_USAGE(.BOTH.,#7677);
#7677 = SURFACE_SIDE_STYLE('',(#7678));
#7678 = SURFACE_STYLE_FILL_AREA(#7679);
#7679 = FILL_AREA_STYLE('',(#7680));
#7680 = FILL_AREA_STYLE_COLOUR('',#7239);
#7681 = OVER_RIDING_STYLED_ITEM('overriding color',(#7682),#4135,#7623);
#7682 = PRESENTATION_STYLE_ASSIGNMENT((#7683));
#7683 = SURFACE_STYLE_USAGE(.BOTH.,#7684);
#7684 = SURFACE_SIDE_STYLE('',(#7685));
#7685 = SURFACE_STYLE_FILL_AREA(#7686);
#7686 = FILL_AREA_STYLE('',(#7687));
#7687 = FILL_AREA_STYLE_COLOUR('',#7239);
#7688 = OVER_RIDING_STYLED_ITEM('overriding color',(#7689),#4152,#7623);
#7689 = PRESENTATION_STYLE_ASSIGNMENT((#7690));
#7690 = SURFACE_STYLE_USAGE(.BOTH.,#7691);
#7691 = SURFACE_SIDE_STYLE('',(#7692));
#7692 = SURFACE_STYLE_FILL_AREA(#7693);
#7693 = FILL_AREA_STYLE('',(#7694));
#7694 = FILL_AREA_STYLE_COLOUR('',#7239);
#7695 = OVER_RIDING_STYLED_ITEM('overriding color',(#7696),#4183,#7623);
#7696 = PRESENTATION_STYLE_ASSIGNMENT((#7697));
#7697 = SURFACE_STYLE_USAGE(.BOTH.,#7698);
#7698 = SURFACE_SIDE_STYLE('',(#7699));
#7699 = SURFACE_STYLE_FILL_AREA(#7700);
#7700 = FILL_AREA_STYLE('',(#7701));
#7701 = FILL_AREA_STYLE_COLOUR('',#7239);
#7702 = OVER_RIDING_STYLED_ITEM('overriding color',(#7703),#4207,#7623);
#7703 = PRESENTATION_STYLE_ASSIGNMENT((#7704));
#7704 = SURFACE_STYLE_USAGE(.BOTH.,#7705);
#7705 = SURFACE_SIDE_STYLE('',(#7706));
#7706 = SURFACE_STYLE_FILL_AREA(#7707);
#7707 = FILL_AREA_STYLE('',(#7708));
#7708 = FILL_AREA_STYLE_COLOUR('',#7239);
#7709 = OVER_RIDING_STYLED_ITEM('overriding color',(#7710),#4231,#7623);
#7710 = PRESENTATION_STYLE_ASSIGNMENT((#7711));
#7711 = SURFACE_STYLE_USAGE(.BOTH.,#7712);
#7712 = SURFACE_SIDE_STYLE('',(#7713));
#7713 = SURFACE_STYLE_FILL_AREA(#7714);
#7714 = FILL_AREA_STYLE('',(#7715));
#7715 = FILL_AREA_STYLE_COLOUR('',#7239);
#7716 = OVER_RIDING_STYLED_ITEM('overriding color',(#7717),#4248,#7623);
#7717 = PRESENTATION_STYLE_ASSIGNMENT((#7718));
#7718 = SURFACE_STYLE_USAGE(.BOTH.,#7719);
#7719 = SURFACE_SIDE_STYLE('',(#7720));
#7720 = SURFACE_STYLE_FILL_AREA(#7721);
#7721 = FILL_AREA_STYLE('',(#7722));
#7722 = FILL_AREA_STYLE_COLOUR('',#7239);
#7723 = OVER_RIDING_STYLED_ITEM('overriding color',(#7724),#4279,#7623);
#7724 = PRESENTATION_STYLE_ASSIGNMENT((#7725));
#7725 = SURFACE_STYLE_USAGE(.BOTH.,#7726);
#7726 = SURFACE_SIDE_STYLE('',(#7727));
#7727 = SURFACE_STYLE_FILL_AREA(#7728);
#7728 = FILL_AREA_STYLE('',(#7729));
#7729 = FILL_AREA_STYLE_COLOUR('',#7239);
#7730 = OVER_RIDING_STYLED_ITEM('overriding color',(#7731),#4303,#7623);
#7731 = PRESENTATION_STYLE_ASSIGNMENT((#7732));
#7732 = SURFACE_STYLE_USAGE(.BOTH.,#7733);
#7733 = SURFACE_SIDE_STYLE('',(#7734));
#7734 = SURFACE_STYLE_FILL_AREA(#7735);
#7735 = FILL_AREA_STYLE('',(#7736));
#7736 = FILL_AREA_STYLE_COLOUR('',#7239);
#7737 = OVER_RIDING_STYLED_ITEM('overriding color',(#7738),#4327,#7623);
#7738 = PRESENTATION_STYLE_ASSIGNMENT((#7739));
#7739 = SURFACE_STYLE_USAGE(.BOTH.,#7740);
#7740 = SURFACE_SIDE_STYLE('',(#7741));
#7741 = SURFACE_STYLE_FILL_AREA(#7742);
#7742 = FILL_AREA_STYLE('',(#7743));
#7743 = FILL_AREA_STYLE_COLOUR('',#7239);
#7744 = OVER_RIDING_STYLED_ITEM('overriding color',(#7745),#4344,#7623);
#7745 = PRESENTATION_STYLE_ASSIGNMENT((#7746));
#7746 = SURFACE_STYLE_USAGE(.BOTH.,#7747);
#7747 = SURFACE_SIDE_STYLE('',(#7748));
#7748 = SURFACE_STYLE_FILL_AREA(#7749);
#7749 = FILL_AREA_STYLE('',(#7750));
#7750 = FILL_AREA_STYLE_COLOUR('',#7239);
#7751 = OVER_RIDING_STYLED_ITEM('overriding color',(#7752),#4375,#7623);
#7752 = PRESENTATION_STYLE_ASSIGNMENT((#7753));
#7753 = SURFACE_STYLE_USAGE(.BOTH.,#7754);
#7754 = SURFACE_SIDE_STYLE('',(#7755));
#7755 = SURFACE_STYLE_FILL_AREA(#7756);
#7756 = FILL_AREA_STYLE('',(#7757));
#7757 = FILL_AREA_STYLE_COLOUR('',#7239);
#7758 = OVER_RIDING_STYLED_ITEM('overriding color',(#7759),#4399,#7623);
#7759 = PRESENTATION_STYLE_ASSIGNMENT((#7760));
#7760 = SURFACE_STYLE_USAGE(.BOTH.,#7761);
#7761 = SURFACE_SIDE_STYLE('',(#7762));
#7762 = SURFACE_STYLE_FILL_AREA(#7763);
#7763 = FILL_AREA_STYLE('',(#7764));
#7764 = FILL_AREA_STYLE_COLOUR('',#7239);
#7765 = OVER_RIDING_STYLED_ITEM('overriding color',(#7766),#4423,#7623);
#7766 = PRESENTATION_STYLE_ASSIGNMENT((#7767));
#7767 = SURFACE_STYLE_USAGE(.BOTH.,#7768);
#7768 = SURFACE_SIDE_STYLE('',(#7769));
#7769 = SURFACE_STYLE_FILL_AREA(#7770);
#7770 = FILL_AREA_STYLE('',(#7771));
#7771 = FILL_AREA_STYLE_COLOUR('',#7239);
#7772 = OVER_RIDING_STYLED_ITEM('overriding color',(#7773),#4440,#7623);
#7773 = PRESENTATION_STYLE_ASSIGNMENT((#7774));
#7774 = SURFACE_STYLE_USAGE(.BOTH.,#7775);
#7775 = SURFACE_SIDE_STYLE('',(#7776));
#7776 = SURFACE_STYLE_FILL_AREA(#7777);
#7777 = FILL_AREA_STYLE('',(#7778));
#7778 = FILL_AREA_STYLE_COLOUR('',#7239);
#7779 = OVER_RIDING_STYLED_ITEM('overriding color',(#7780),#4471,#7623);
#7780 = PRESENTATION_STYLE_ASSIGNMENT((#7781));
#7781 = SURFACE_STYLE_USAGE(.BOTH.,#7782);
#7782 = SURFACE_SIDE_STYLE('',(#7783));
#7783 = SURFACE_STYLE_FILL_AREA(#7784);
#7784 = FILL_AREA_STYLE('',(#7785));
#7785 = FILL_AREA_STYLE_COLOUR('',#7239);
#7786 = OVER_RIDING_STYLED_ITEM('overriding color',(#7787),#4495,#7623);
#7787 = PRESENTATION_STYLE_ASSIGNMENT((#7788));
#7788 = SURFACE_STYLE_USAGE(.BOTH.,#7789);
#7789 = SURFACE_SIDE_STYLE('',(#7790));
#7790 = SURFACE_STYLE_FILL_AREA(#7791);
#7791 = FILL_AREA_STYLE('',(#7792));
#7792 = FILL_AREA_STYLE_COLOUR('',#7239);
#7793 = OVER_RIDING_STYLED_ITEM('overriding color',(#7794),#4519,#7623);
#7794 = PRESENTATION_STYLE_ASSIGNMENT((#7795));
#7795 = SURFACE_STYLE_USAGE(.BOTH.,#7796);
#7796 = SURFACE_SIDE_STYLE('',(#7797));
#7797 = SURFACE_STYLE_FILL_AREA(#7798);
#7798 = FILL_AREA_STYLE('',(#7799));
#7799 = FILL_AREA_STYLE_COLOUR('',#7239);
#7800 = OVER_RIDING_STYLED_ITEM('overriding color',(#7801),#4536,#7623);
#7801 = PRESENTATION_STYLE_ASSIGNMENT((#7802));
#7802 = SURFACE_STYLE_USAGE(.BOTH.,#7803);
#7803 = SURFACE_SIDE_STYLE('',(#7804));
#7804 = SURFACE_STYLE_FILL_AREA(#7805);
#7805 = FILL_AREA_STYLE('',(#7806));
#7806 = FILL_AREA_STYLE_COLOUR('',#7239);
#7807 = OVER_RIDING_STYLED_ITEM('overriding color',(#7808),#4567,#7623);
#7808 = PRESENTATION_STYLE_ASSIGNMENT((#7809));
#7809 = SURFACE_STYLE_USAGE(.BOTH.,#7810);
#7810 = SURFACE_SIDE_STYLE('',(#7811));
#7811 = SURFACE_STYLE_FILL_AREA(#7812);
#7812 = FILL_AREA_STYLE('',(#7813));
#7813 = FILL_AREA_STYLE_COLOUR('',#7239);
#7814 = OVER_RIDING_STYLED_ITEM('overriding color',(#7815),#4591,#7623);
#7815 = PRESENTATION_STYLE_ASSIGNMENT((#7816));
#7816 = SURFACE_STYLE_USAGE(.BOTH.,#7817);
#7817 = SURFACE_SIDE_STYLE('',(#7818));
#7818 = SURFACE_STYLE_FILL_AREA(#7819);
#7819 = FILL_AREA_STYLE('',(#7820));
#7820 = FILL_AREA_STYLE_COLOUR('',#7239);
#7821 = OVER_RIDING_STYLED_ITEM('overriding color',(#7822),#4615,#7623);
#7822 = PRESENTATION_STYLE_ASSIGNMENT((#7823));
#7823 = SURFACE_STYLE_USAGE(.BOTH.,#7824);
#7824 = SURFACE_SIDE_STYLE('',(#7825));
#7825 = SURFACE_STYLE_FILL_AREA(#7826);
#7826 = FILL_AREA_STYLE('',(#7827));
#7827 = FILL_AREA_STYLE_COLOUR('',#7239);
#7828 = OVER_RIDING_STYLED_ITEM('overriding color',(#7829),#4632,#7623);
#7829 = PRESENTATION_STYLE_ASSIGNMENT((#7830));
#7830 = SURFACE_STYLE_USAGE(.BOTH.,#7831);
#7831 = SURFACE_SIDE_STYLE('',(#7832));
#7832 = SURFACE_STYLE_FILL_AREA(#7833);
#7833 = FILL_AREA_STYLE('',(#7834));
#7834 = FILL_AREA_STYLE_COLOUR('',#7239);
#7835 = OVER_RIDING_STYLED_ITEM('overriding color',(#7836),#4663,#7623);
#7836 = PRESENTATION_STYLE_ASSIGNMENT((#7837));
#7837 = SURFACE_STYLE_USAGE(.BOTH.,#7838);
#7838 = SURFACE_SIDE_STYLE('',(#7839));
#7839 = SURFACE_STYLE_FILL_AREA(#7840);
#7840 = FILL_AREA_STYLE('',(#7841));
#7841 = FILL_AREA_STYLE_COLOUR('',#7239);
#7842 = OVER_RIDING_STYLED_ITEM('overriding color',(#7843),#4687,#7623);
#7843 = PRESENTATION_STYLE_ASSIGNMENT((#7844));
#7844 = SURFACE_STYLE_USAGE(.BOTH.,#7845);
#7845 = SURFACE_SIDE_STYLE('',(#7846));
#7846 = SURFACE_STYLE_FILL_AREA(#7847);
#7847 = FILL_AREA_STYLE('',(#7848));
#7848 = FILL_AREA_STYLE_COLOUR('',#7239);
#7849 = OVER_RIDING_STYLED_ITEM('overriding color',(#7850),#4711,#7623);
#7850 = PRESENTATION_STYLE_ASSIGNMENT((#7851));
#7851 = SURFACE_STYLE_USAGE(.BOTH.,#7852);
#7852 = SURFACE_SIDE_STYLE('',(#7853));
#7853 = SURFACE_STYLE_FILL_AREA(#7854);
#7854 = FILL_AREA_STYLE('',(#7855));
#7855 = FILL_AREA_STYLE_COLOUR('',#7239);
#7856 = OVER_RIDING_STYLED_ITEM('overriding color',(#7857),#4728,#7623);
#7857 = PRESENTATION_STYLE_ASSIGNMENT((#7858));
#7858 = SURFACE_STYLE_USAGE(.BOTH.,#7859);
#7859 = SURFACE_SIDE_STYLE('',(#7860));
#7860 = SURFACE_STYLE_FILL_AREA(#7861);
#7861 = FILL_AREA_STYLE('',(#7862));
#7862 = FILL_AREA_STYLE_COLOUR('',#7239);
#7863 = OVER_RIDING_STYLED_ITEM('overriding color',(#7864),#4759,#7623);
#7864 = PRESENTATION_STYLE_ASSIGNMENT((#7865));
#7865 = SURFACE_STYLE_USAGE(.BOTH.,#7866);
#7866 = SURFACE_SIDE_STYLE('',(#7867));
#7867 = SURFACE_STYLE_FILL_AREA(#7868);
#7868 = FILL_AREA_STYLE('',(#7869));
#7869 = FILL_AREA_STYLE_COLOUR('',#7239);
#7870 = OVER_RIDING_STYLED_ITEM('overriding color',(#7871),#4783,#7623);
#7871 = PRESENTATION_STYLE_ASSIGNMENT((#7872));
#7872 = SURFACE_STYLE_USAGE(.BOTH.,#7873);
#7873 = SURFACE_SIDE_STYLE('',(#7874));
#7874 = SURFACE_STYLE_FILL_AREA(#7875);
#7875 = FILL_AREA_STYLE('',(#7876));
#7876 = FILL_AREA_STYLE_COLOUR('',#7239);
#7877 = OVER_RIDING_STYLED_ITEM('overriding color',(#7878),#4807,#7623);
#7878 = PRESENTATION_STYLE_ASSIGNMENT((#7879));
#7879 = SURFACE_STYLE_USAGE(.BOTH.,#7880);
#7880 = SURFACE_SIDE_STYLE('',(#7881));
#7881 = SURFACE_STYLE_FILL_AREA(#7882);
#7882 = FILL_AREA_STYLE('',(#7883));
#7883 = FILL_AREA_STYLE_COLOUR('',#7239);
#7884 = OVER_RIDING_STYLED_ITEM('overriding color',(#7885),#4824,#7623);
#7885 = PRESENTATION_STYLE_ASSIGNMENT((#7886));
#7886 = SURFACE_STYLE_USAGE(.BOTH.,#7887);
#7887 = SURFACE_SIDE_STYLE('',(#7888));
#7888 = SURFACE_STYLE_FILL_AREA(#7889);
#7889 = FILL_AREA_STYLE('',(#7890));
#7890 = FILL_AREA_STYLE_COLOUR('',#7239);
#7891 = OVER_RIDING_STYLED_ITEM('overriding color',(#7892),#4855,#7623);
#7892 = PRESENTATION_STYLE_ASSIGNMENT((#7893));
#7893 = SURFACE_STYLE_USAGE(.BOTH.,#7894);
#7894 = SURFACE_SIDE_STYLE('',(#7895));
#7895 = SURFACE_STYLE_FILL_AREA(#7896);
#7896 = FILL_AREA_STYLE('',(#7897));
#7897 = FILL_AREA_STYLE_COLOUR('',#7239);
#7898 = OVER_RIDING_STYLED_ITEM('overriding color',(#7899),#4879,#7623);
#7899 = PRESENTATION_STYLE_ASSIGNMENT((#7900));
#7900 = SURFACE_STYLE_USAGE(.BOTH.,#7901);
#7901 = SURFACE_SIDE_STYLE('',(#7902));
#7902 = SURFACE_STYLE_FILL_AREA(#7903);
#7903 = FILL_AREA_STYLE('',(#7904));
#7904 = FILL_AREA_STYLE_COLOUR('',#7239);
#7905 = OVER_RIDING_STYLED_ITEM('overriding color',(#7906),#4903,#7623);
#7906 = PRESENTATION_STYLE_ASSIGNMENT((#7907));
#7907 = SURFACE_STYLE_USAGE(.BOTH.,#7908);
#7908 = SURFACE_SIDE_STYLE('',(#7909));
#7909 = SURFACE_STYLE_FILL_AREA(#7910);
#7910 = FILL_AREA_STYLE('',(#7911));
#7911 = FILL_AREA_STYLE_COLOUR('',#7239);
#7912 = OVER_RIDING_STYLED_ITEM('overriding color',(#7913),#4920,#7623);
#7913 = PRESENTATION_STYLE_ASSIGNMENT((#7914));
#7914 = SURFACE_STYLE_USAGE(.BOTH.,#7915);
#7915 = SURFACE_SIDE_STYLE('',(#7916));
#7916 = SURFACE_STYLE_FILL_AREA(#7917);
#7917 = FILL_AREA_STYLE('',(#7918));
#7918 = FILL_AREA_STYLE_COLOUR('',#7239);
#7919 = OVER_RIDING_STYLED_ITEM('overriding color',(#7920),#4951,#7623);
#7920 = PRESENTATION_STYLE_ASSIGNMENT((#7921));
#7921 = SURFACE_STYLE_USAGE(.BOTH.,#7922);
#7922 = SURFACE_SIDE_STYLE('',(#7923));
#7923 = SURFACE_STYLE_FILL_AREA(#7924);
#7924 = FILL_AREA_STYLE('',(#7925));
#7925 = FILL_AREA_STYLE_COLOUR('',#7239);
#7926 = OVER_RIDING_STYLED_ITEM('overriding color',(#7927),#4975,#7623);
#7927 = PRESENTATION_STYLE_ASSIGNMENT((#7928));
#7928 = SURFACE_STYLE_USAGE(.BOTH.,#7929);
#7929 = SURFACE_SIDE_STYLE('',(#7930));
#7930 = SURFACE_STYLE_FILL_AREA(#7931);
#7931 = FILL_AREA_STYLE('',(#7932));
#7932 = FILL_AREA_STYLE_COLOUR('',#7239);
#7933 = OVER_RIDING_STYLED_ITEM('overriding color',(#7934),#4999,#7623);
#7934 = PRESENTATION_STYLE_ASSIGNMENT((#7935));
#7935 = SURFACE_STYLE_USAGE(.BOTH.,#7936);
#7936 = SURFACE_SIDE_STYLE('',(#7937));
#7937 = SURFACE_STYLE_FILL_AREA(#7938);
#7938 = FILL_AREA_STYLE('',(#7939));
#7939 = FILL_AREA_STYLE_COLOUR('',#7239);
#7940 = OVER_RIDING_STYLED_ITEM('overriding color',(#7941),#5016,#7623);
#7941 = PRESENTATION_STYLE_ASSIGNMENT((#7942));
#7942 = SURFACE_STYLE_USAGE(.BOTH.,#7943);
#7943 = SURFACE_SIDE_STYLE('',(#7944));
#7944 = SURFACE_STYLE_FILL_AREA(#7945);
#7945 = FILL_AREA_STYLE('',(#7946));
#7946 = FILL_AREA_STYLE_COLOUR('',#7239);
#7947 = OVER_RIDING_STYLED_ITEM('overriding color',(#7948),#5047,#7623);
#7948 = PRESENTATION_STYLE_ASSIGNMENT((#7949));
#7949 = SURFACE_STYLE_USAGE(.BOTH.,#7950);
#7950 = SURFACE_SIDE_STYLE('',(#7951));
#7951 = SURFACE_STYLE_FILL_AREA(#7952);
#7952 = FILL_AREA_STYLE('',(#7953));
#7953 = FILL_AREA_STYLE_COLOUR('',#7239);
#7954 = OVER_RIDING_STYLED_ITEM('overriding color',(#7955),#5071,#7623);
#7955 = PRESENTATION_STYLE_ASSIGNMENT((#7956));
#7956 = SURFACE_STYLE_USAGE(.BOTH.,#7957);
#7957 = SURFACE_SIDE_STYLE('',(#7958));
#7958 = SURFACE_STYLE_FILL_AREA(#7959);
#7959 = FILL_AREA_STYLE('',(#7960));
#7960 = FILL_AREA_STYLE_COLOUR('',#7239);
#7961 = OVER_RIDING_STYLED_ITEM('overriding color',(#7962),#5095,#7623);
#7962 = PRESENTATION_STYLE_ASSIGNMENT((#7963));
#7963 = SURFACE_STYLE_USAGE(.BOTH.,#7964);
#7964 = SURFACE_SIDE_STYLE('',(#7965));
#7965 = SURFACE_STYLE_FILL_AREA(#7966);
#7966 = FILL_AREA_STYLE('',(#7967));
#7967 = FILL_AREA_STYLE_COLOUR('',#7239);
#7968 = OVER_RIDING_STYLED_ITEM('overriding color',(#7969),#5112,#7623);
#7969 = PRESENTATION_STYLE_ASSIGNMENT((#7970));
#7970 = SURFACE_STYLE_USAGE(.BOTH.,#7971);
#7971 = SURFACE_SIDE_STYLE('',(#7972));
#7972 = SURFACE_STYLE_FILL_AREA(#7973);
#7973 = FILL_AREA_STYLE('',(#7974));
#7974 = FILL_AREA_STYLE_COLOUR('',#7239);
#7975 = OVER_RIDING_STYLED_ITEM('overriding color',(#7976),#5124,#7623);
#7976 = PRESENTATION_STYLE_ASSIGNMENT((#7977));
#7977 = SURFACE_STYLE_USAGE(.BOTH.,#7978);
#7978 = SURFACE_SIDE_STYLE('',(#7979));
#7979 = SURFACE_STYLE_FILL_AREA(#7980);
#7980 = FILL_AREA_STYLE('',(#7981));
#7981 = FILL_AREA_STYLE_COLOUR('',#7239);
#7982 = OVER_RIDING_STYLED_ITEM('overriding color',(#7983),#5136,#7623);
#7983 = PRESENTATION_STYLE_ASSIGNMENT((#7984));
#7984 = SURFACE_STYLE_USAGE(.BOTH.,#7985);
#7985 = SURFACE_SIDE_STYLE('',(#7986));
#7986 = SURFACE_STYLE_FILL_AREA(#7987);
#7987 = FILL_AREA_STYLE('',(#7988));
#7988 = FILL_AREA_STYLE_COLOUR('',#7239);
#7989 = OVER_RIDING_STYLED_ITEM('overriding color',(#7990),#5148,#7623);
#7990 = PRESENTATION_STYLE_ASSIGNMENT((#7991));
#7991 = SURFACE_STYLE_USAGE(.BOTH.,#7992);
#7992 = SURFACE_SIDE_STYLE('',(#7993));
#7993 = SURFACE_STYLE_FILL_AREA(#7994);
#7994 = FILL_AREA_STYLE('',(#7995));
#7995 = FILL_AREA_STYLE_COLOUR('',#7239);
#7996 = OVER_RIDING_STYLED_ITEM('overriding color',(#7997),#5160,#7623);
#7997 = PRESENTATION_STYLE_ASSIGNMENT((#7998));
#7998 = SURFACE_STYLE_USAGE(.BOTH.,#7999);
#7999 = SURFACE_SIDE_STYLE('',(#8000));
#8000 = SURFACE_STYLE_FILL_AREA(#8001);
#8001 = FILL_AREA_STYLE('',(#8002));
#8002 = FILL_AREA_STYLE_COLOUR('',#7239);
#8003 = OVER_RIDING_STYLED_ITEM('overriding color',(#8004),#5172,#7623);
#8004 = PRESENTATION_STYLE_ASSIGNMENT((#8005));
#8005 = SURFACE_STYLE_USAGE(.BOTH.,#8006);
#8006 = SURFACE_SIDE_STYLE('',(#8007));
#8007 = SURFACE_STYLE_FILL_AREA(#8008);
#8008 = FILL_AREA_STYLE('',(#8009));
#8009 = FILL_AREA_STYLE_COLOUR('',#7239);
#8010 = MECHANICAL_DESIGN_GEOMETRIC_PRESENTATION_REPRESENTATION('',(
    #8011,#8021,#8029),#3036);
#8011 = STYLED_ITEM('color',(#8012),#2554);
#8012 = PRESENTATION_STYLE_ASSIGNMENT((#8013,#8019));
#8013 = SURFACE_STYLE_USAGE(.BOTH.,#8014);
#8014 = SURFACE_SIDE_STYLE('',(#8015));
#8015 = SURFACE_STYLE_FILL_AREA(#8016);
#8016 = FILL_AREA_STYLE('',(#8017));
#8017 = FILL_AREA_STYLE_COLOUR('',#8018);
#8018 = COLOUR_RGB('',0.823529417451,0.819607860991,0.780392170416);
#8019 = CURVE_STYLE('',#8020,POSITIVE_LENGTH_MEASURE(0.1),#7231);
#8020 = DRAUGHTING_PRE_DEFINED_CURVE_FONT('continuous');
#8021 = OVER_RIDING_STYLED_ITEM('overriding color',(#8022),#2762,#8011);
#8022 = PRESENTATION_STYLE_ASSIGNMENT((#8023));
#8023 = SURFACE_STYLE_USAGE(.BOTH.,#8024);
#8024 = SURFACE_SIDE_STYLE('',(#8025));
#8025 = SURFACE_STYLE_FILL_AREA(#8026);
#8026 = FILL_AREA_STYLE('',(#8027));
#8027 = FILL_AREA_STYLE_COLOUR('',#8028);
#8028 = COLOUR_RGB('',0.807843143701,0.427450993391,0.149019617616);
#8029 = OVER_RIDING_STYLED_ITEM('overriding color',(#8030),#2863,#8011);
#8030 = PRESENTATION_STYLE_ASSIGNMENT((#8031));
#8031 = SURFACE_STYLE_USAGE(.BOTH.,#8032);
#8032 = SURFACE_SIDE_STYLE('',(#8033));
#8033 = SURFACE_STYLE_FILL_AREA(#8034);
#8034 = FILL_AREA_STYLE('',(#8035));
#8035 = FILL_AREA_STYLE_COLOUR('',#8028);
#8036 = MECHANICAL_DESIGN_GEOMETRIC_PRESENTATION_REPRESENTATION('',(
    #8037,#8046,#8053,#8060,#8067,#8074,#8081,#8088),#2512);
#8037 = STYLED_ITEM('color',(#8038),#2220);
#8038 = PRESENTATION_STYLE_ASSIGNMENT((#8039,#8044));
#8039 = SURFACE_STYLE_USAGE(.BOTH.,#8040);
#8040 = SURFACE_SIDE_STYLE('',(#8041));
#8041 = SURFACE_STYLE_FILL_AREA(#8042);
#8042 = FILL_AREA_STYLE('',(#8043));
#8043 = FILL_AREA_STYLE_COLOUR('',#7228);
#8044 = CURVE_STYLE('',#8045,POSITIVE_LENGTH_MEASURE(0.1),#7231);
#8045 = DRAUGHTING_PRE_DEFINED_CURVE_FONT('continuous');
#8046 = OVER_RIDING_STYLED_ITEM('overriding color',(#8047),#2358,#8037);
#8047 = PRESENTATION_STYLE_ASSIGNMENT((#8048));
#8048 = SURFACE_STYLE_USAGE(.BOTH.,#8049);
#8049 = SURFACE_SIDE_STYLE('',(#8050));
#8050 = SURFACE_STYLE_FILL_AREA(#8051);
#8051 = FILL_AREA_STYLE('',(#8052));
#8052 = FILL_AREA_STYLE_COLOUR('',#8018);
#8053 = OVER_RIDING_STYLED_ITEM('overriding color',(#8054),#2383,#8037);
#8054 = PRESENTATION_STYLE_ASSIGNMENT((#8055));
#8055 = SURFACE_STYLE_USAGE(.BOTH.,#8056);
#8056 = SURFACE_SIDE_STYLE('',(#8057));
#8057 = SURFACE_STYLE_FILL_AREA(#8058);
#8058 = FILL_AREA_STYLE('',(#8059));
#8059 = FILL_AREA_STYLE_COLOUR('',#8018);
#8060 = OVER_RIDING_STYLED_ITEM('overriding color',(#8061),#2433,#8037);
#8061 = PRESENTATION_STYLE_ASSIGNMENT((#8062));
#8062 = SURFACE_STYLE_USAGE(.BOTH.,#8063);
#8063 = SURFACE_SIDE_STYLE('',(#8064));
#8064 = SURFACE_STYLE_FILL_AREA(#8065);
#8065 = FILL_AREA_STYLE('',(#8066));
#8066 = FILL_AREA_STYLE_COLOUR('',#8018);
#8067 = OVER_RIDING_STYLED_ITEM('overriding color',(#8068),#2459,#8037);
#8068 = PRESENTATION_STYLE_ASSIGNMENT((#8069));
#8069 = SURFACE_STYLE_USAGE(.BOTH.,#8070);
#8070 = SURFACE_SIDE_STYLE('',(#8071));
#8071 = SURFACE_STYLE_FILL_AREA(#8072);
#8072 = FILL_AREA_STYLE('',(#8073));
#8073 = FILL_AREA_STYLE_COLOUR('',#8018);
#8074 = OVER_RIDING_STYLED_ITEM('overriding color',(#8075),#2485,#8037);
#8075 = PRESENTATION_STYLE_ASSIGNMENT((#8076));
#8076 = SURFACE_STYLE_USAGE(.BOTH.,#8077);
#8077 = SURFACE_SIDE_STYLE('',(#8078));
#8078 = SURFACE_STYLE_FILL_AREA(#8079);
#8079 = FILL_AREA_STYLE('',(#8080));
#8080 = FILL_AREA_STYLE_COLOUR('',#8028);
#8081 = OVER_RIDING_STYLED_ITEM('overriding color',(#8082),#2494,#8037);
#8082 = PRESENTATION_STYLE_ASSIGNMENT((#8083));
#8083 = SURFACE_STYLE_USAGE(.BOTH.,#8084);
#8084 = SURFACE_SIDE_STYLE('',(#8085));
#8085 = SURFACE_STYLE_FILL_AREA(#8086);
#8086 = FILL_AREA_STYLE('',(#8087));
#8087 = FILL_AREA_STYLE_COLOUR('',#8018);
#8088 = OVER_RIDING_STYLED_ITEM('overriding color',(#8089),#2503,#8037);
#8089 = PRESENTATION_STYLE_ASSIGNMENT((#8090));
#8090 = SURFACE_STYLE_USAGE(.BOTH.,#8091);
#8091 = SURFACE_SIDE_STYLE('',(#8092));
#8092 = SURFACE_STYLE_FILL_AREA(#8093);
#8093 = FILL_AREA_STYLE('',(#8094));
#8094 = FILL_AREA_STYLE_COLOUR('',#8018);
ENDSEC;
END-ISO-10303-21;
